"analysis_version","analysis_taxon_id","species","outcome","comparison","engine","n","event_blocks_in_model","estimate","wald_standard_error","wald_conf_low","wald_conf_high","wald_p_value","wald_status","satterthwaite_standard_error","satterthwaite_df","satterthwaite_conf_low","satterthwaite_conf_high","satterthwaite_p_value","satterthwaite_status","satterthwaite_message","kenward_roger_standard_error","kenward_roger_df","kenward_roger_conf_low","kenward_roger_conf_high","kenward_roger_p_value","kenward_roger_status","kenward_roger_message","kenward_roger_projected_dense_gb","converged","singular_fit","rank_deficient","convergence_message","maximum_absolute_gradient","status","fit_seconds","interval_seconds","kenward_roger_seconds","multiplicity_family","primary_interval_method","primary_standard_error","primary_denominator_df","primary_conf_low","primary_conf_high","primary_p_value","inference_strength_label","ratio","ratio_conf_low","ratio_conf_high","direction","q_value_bh_fixed49","q_value_bh_fixed49_satterthwaite","q_value_bh_fixed49_wald","q_value_bh_estimable_only","significant_bh_fixed49"
"post_stage4a_blockaware_v1","atx_04afbeb21fb0","Hooded Merganser","checklist_reporting","active_minus_pre14","lme4_glmer_nAGQ0_random_slope",217200,58,0.00719067001932941,0.0478772382393795,-0.0866469926090984,0.101028332647757,0.880614919447441,"completed",,,,,,"not_applicable_non_gaussian","",,,,,,"not_applicable_binomial_glmm","",9490.15974998474,TRUE,FALSE,FALSE,"",,"completed",216.93145108223,0.0395100116729736,,"blockaware_random_slope__fixed_49_species__checklist_reporting","wald",0.0478772382393795,Inf,-0.0866469926090984,0.101028332647757,0.880614919447441,"weaker: prespecified Wald on the random-slope binomial fit",1.00721658496503,0.917000746545202,1.10630798595387,"positive",0.918087894743077,0.918087894743077,0.918087894743077,0.899351407095258,FALSE
"post_stage4a_blockaware_v1","atx_04afbeb21fb0","Hooded Merganser","conditional_positive_numeric_count","active_minus_pre14","lmerTest_lmer_REML_random_slope",20340,54,0.0200692787394484,0.0209999166567512,-0.0210898015861268,0.0612283590650236,0.339232043458916,"completed",0.0209999166567512,32.356424450851,-0.022687679558697,0.0628262370375938,0.346318244634189,"completed","",,,,,,"skipped_dense_inverse_memory_infeasible","pbkrtest forms a dense 20340 by 20340 inverse of the marginal covariance; projected working set 83.2 GB exceeds the 12.0 GB budget (row cap 7723)",83.2253783941269,TRUE,FALSE,FALSE,"",0.0866007030708715,"completed",14.7591781616211,0.00596904754638672,,"blockaware_random_slope__fixed_49_species__conditional_positive_numeric_count","satterthwaite_denominator_df",0.0209999166567512,32.356424450851,-0.022687679558697,0.0628262370375938,0.346318244634189,"intermediate: Satterthwaite denominator df, standard error not Kenward-Roger adjusted",1.02027202073788,0.977567750491515,1.06484179309023,"positive",0.615517754404431,0.60605692810983,0.593656076053103,0.57783299393069,FALSE
"post_stage4a_blockaware_v1","atx_04cf65098f13","Red-throated Loon","checklist_reporting","active_minus_pre14","lme4_glmer_nAGQ0_random_slope",217200,58,-0.0392421363681466,0.15518151363464,-0.343392314158453,0.26490804142216,0.800361765635011,"completed",,,,,,"not_applicable_non_gaussian","",,,,,,"not_applicable_binomial_glmm","",9490.15974998474,TRUE,TRUE,FALSE,"boundary (singular) fit: see help('isSingular')",,"completed_with_singular_warning",284.182199001312,0.00233912467956543,,"blockaware_random_slope__fixed_49_species__checklist_reporting","wald",0.15518151363464,Inf,-0.343392314158453,0.26490804142216,0.800361765635011,"weaker: prespecified Wald on the random-slope binomial fit",0.961517862514048,0.709359865045644,1.30331111963051,"negative",0.875927945701062,0.875927945701062,0.875927945701062,0.858051865176551,FALSE
"post_stage4a_blockaware_v1","atx_04cf65098f13","Red-throated Loon","conditional_positive_numeric_count","active_minus_pre14","lmerTest_lmer_REML_random_slope",1488,48,0.0760214681465741,0.0911632133645877,-0.102655146762958,0.254698083056106,0.404334465645479,"completed",0.0911632133645877,1040.35480584657,-0.102863259812194,0.254906196105342,0.404525887822538,"completed","",0.0930294646686872,229.03155570484,-0.107281541548968,0.259324477842116,0.414676949701254,"completed","",0.445409774780273,TRUE,TRUE,FALSE,"boundary (singular) fit: see help('isSingular')",0.00154718009071075,"completed_with_singular_warning",0.89313006401062,0.00360918045043945,9.91104507446289,"blockaware_random_slope__fixed_49_species__conditional_positive_numeric_count","kenward_roger",0.0930294646686872,229.03155570484,-0.107281541548968,0.259324477842116,0.414676949701254,"stronger: Kenward-Roger adjusted standard error and denominator df",1.07898573773261,0.898272736288311,1.29605427750256,"positive",0.669396868625446,0.660725616776812,0.657496460018842,0.628413386872867,FALSE
"post_stage4a_blockaware_v1","atx_08bb40b40c0a","Ring-billed Gull","checklist_reporting","active_minus_pre14","lme4_glmer_nAGQ0_random_slope",217200,58,-0.0105467402321341,0.0665749927144831,-0.141031328223537,0.119937847759269,0.874126684872044,"completed",,,,,,"not_applicable_non_gaussian","",,,,,,"not_applicable_binomial_glmm","",9490.15974998474,TRUE,TRUE,FALSE,"boundary (singular) fit: see help('isSingular')",,"completed_with_singular_warning",183.312103033066,0.00222206115722656,,"blockaware_random_slope__fixed_49_species__checklist_reporting","wald",0.0665749927144831,Inf,-0.141031328223537,0.119937847759269,0.874126684872044,"weaker: prespecified Wald on the random-slope binomial fit",0.98950868162154,0.868462103896559,1.12742677730129,"negative",0.918087894743077,0.918087894743077,0.918087894743077,0.899351407095258,FALSE
"post_stage4a_blockaware_v1","atx_08bb40b40c0a","Ring-billed Gull","conditional_positive_numeric_count","active_minus_pre14","lmerTest_lmer_REML_random_slope",4549,45,-0.0171691721939175,0.059223185813847,-0.133244483438781,0.0989061390509462,0.771887953838128,"completed",0.059223185813847,3704.45739016687,-0.133282421139072,0.0989440767512373,0.771904179212016,"completed","",0.0718021471256104,15.5963561615633,-0.169703717850099,0.135365373462264,0.814128041076093,"completed","",4.16280200332403,TRUE,TRUE,FALSE,"boundary (singular) fit: see help('isSingular')",0.00982720848696772,"completed_with_singular_warning",2.75779485702515,0.00258779525756836,181.049966812134,"blockaware_random_slope__fixed_49_species__conditional_positive_numeric_count","kenward_roger",0.0718021471256104,15.5963561615633,-0.169703717850099,0.135365373462264,0.814128041076093,"stronger: Kenward-Roger adjusted standard error and denominator df",0.982977378128459,0.84391481645546,1.14495504412476,"negative",0.955154854382643,0.934856739310185,0.931565814245643,0.896675985746971,FALSE
"post_stage4a_blockaware_v1","atx_1328b44be502","Black Scoter","checklist_reporting","active_minus_pre14","lme4_glmer_nAGQ0_random_slope",217178,58,0.395786441234645,0.098627232215754,0.202480618196899,0.589092264272392,5.99638719371955e-05,"completed",,,,,,"not_applicable_non_gaussian","",,,,,,"not_applicable_binomial_glmm","",9488.23734721541,TRUE,FALSE,FALSE,"",,"completed",434.633311986923,0.00283002853393555,,"blockaware_random_slope__fixed_49_species__checklist_reporting","wald",0.098627232215754,Inf,0.202480618196899,0.589092264272392,5.99638719371955e-05,"weaker: prespecified Wald on the random-slope binomial fit",1.48555203101532,1.22443635310763,1.80235161366511,"positive",0.000432344979553066,0.000432344979553066,0.000432344979553066,0.000423521612623412,TRUE
"post_stage4a_blockaware_v1","atx_1328b44be502","Black Scoter","conditional_positive_numeric_count","active_minus_pre14","lmerTest_lmer_REML_random_slope",1684,42,0.0783796861415333,0.0792432793540891,-0.0769342874093278,0.233693659692394,0.322613238914245,"completed",0.0792432793540891,46.521431981344,-0.0810805303921152,0.237839902675182,0.327729981884552,"completed","",0.0834561470764379,55.3293668497423,-0.0888477944818393,0.245607166764906,0.351724431088246,"completed","",0.570476889610291,TRUE,FALSE,FALSE,"",0.00510365225636633,"completed",1.1512758731842,0.00237584114074707,11.7132458686829,"blockaware_random_slope__fixed_49_species__conditional_positive_numeric_count","kenward_roger",0.0834561470764379,55.3293668497423,-0.0888477944818393,0.245607166764906,0.351724431088246,"stronger: Kenward-Roger adjusted standard error and denominator df",1.08153322389891,0.914984828716447,1.27839727795056,"positive",0.615517754404431,0.603205498343601,0.593656076053103,0.57783299393069,FALSE
"post_stage4a_blockaware_v1","atx_136b0e66254b","Common Murre","checklist_reporting","active_minus_pre14","lme4_glmer_nAGQ0_random_slope",217200,,,,,,,"not_attempted",,,,,,"not_attempted","",,,,,,"not_attempted","",,FALSE,,,"Error : Downdated VtV is not positive definite ",,"failed_numerical_fit_no_fallback",164.259631872177,,,"blockaware_random_slope__fixed_49_species__checklist_reporting","none",,,,,,"weaker: prespecified Wald on the random-slope binomial fit",,,,,1,1,1,,FALSE
"post_stage4a_blockaware_v1","atx_136b0e66254b","Common Murre","conditional_positive_numeric_count","active_minus_pre14","lmerTest_lmer_REML_random_slope",2023,41,-0.0559992682367497,0.121963049225032,-0.295042452162498,0.183043915688999,0.64612684070204,"completed",0.121963049225032,136.428560116487,-0.297181809831362,0.185183273357863,0.64685756034994,"completed","",0.127944970392661,116.750939501277,-0.309393225696409,0.19739468922291,0.662425120641174,"completed","",0.823276363313198,TRUE,TRUE,FALSE,"boundary (singular) fit: see help('isSingular')",0.00313342297886265,"completed_with_singular_warning",1.98418784141541,0.00385189056396484,18.6318550109863,"blockaware_random_slope__fixed_49_species__conditional_positive_numeric_count","kenward_roger",0.127944970392661,116.750939501277,-0.309393225696409,0.19739468922291,0.662425120641174,"stronger: Kenward-Roger adjusted standard error and denominator df",0.945539827801441,0.733892128036123,1.21822476601735,"negative",0.854179760826776,0.83410580150387,0.833163557747368,0.801883040776157,FALSE
"post_stage4a_blockaware_v1","atx_15dd5efcd8d6","Black Turnstone","checklist_reporting","active_minus_pre14","lme4_glmer_nAGQ0_random_slope",217200,58,-0.136829966401197,0.0795729955065312,-0.292790171735966,0.0191302389335713,0.0855137640545744,"completed",,,,,,"not_applicable_non_gaussian","",,,,,,"not_applicable_binomial_glmm","",9490.15974998474,TRUE,TRUE,FALSE,"boundary (singular) fit: see help('isSingular')",,"completed_with_singular_warning",736.228123903275,0.00186800956726074,,"blockaware_random_slope__fixed_49_species__checklist_reporting","wald",0.0795729955065312,Inf,-0.292790171735966,0.0191302389335713,0.0855137640545744,"weaker: prespecified Wald on the random-slope binomial fit",0.872118502973373,0.746178693651978,1.01931439439259,"negative",0.174590601611423,0.174590601611423,0.174590601611423,0.171027528109149,FALSE
"post_stage4a_blockaware_v1","atx_15dd5efcd8d6","Black Turnstone","conditional_positive_numeric_count","active_minus_pre14","lmerTest_lmer_REML_random_slope",4421,43,0.131565853478402,0.0674778113945326,-0.000688226610467968,0.263819933567273,0.0512041728884021,"completed",0.0674778113945326,711.506805924637,-0.000913584527121369,0.264045291483926,0.0515966223879482,"completed","",0.0693366787419064,165.966207752872,-0.00532976116955183,0.268461468126357,0.0594993607072833,"completed","",3.9318316206336,TRUE,TRUE,FALSE,"boundary (singular) fit: see help('isSingular')",0.00654012183076702,"completed_with_singular_warning",2.46126985549927,0.0024409294128418,138.413850069046,"blockaware_random_slope__fixed_49_species__conditional_positive_numeric_count","kenward_roger",0.0693366787419064,165.966207752872,-0.00532976116955183,0.268461468126357,0.0594993607072833,"stronger: Kenward-Roger adjusted standard error and denominator df",1.14061301858397,0.994684416807916,1.30795057827319,"positive",0.163979692836377,0.148719676294674,0.13901651585829,0.153940119805578,FALSE
"post_stage4a_blockaware_v1","atx_1812dd827ede","Surfbird","checklist_reporting","active_minus_pre14","lme4_glmer_nAGQ0_random_slope",217200,58,0.3739353486572,0.187818211208215,0.00581841904836139,0.742052278266039,0.046487156583542,"completed",,,,,,"not_applicable_non_gaussian","",,,,,,"not_applicable_binomial_glmm","",9490.15974998474,TRUE,TRUE,FALSE,"boundary (singular) fit: see help('isSingular')",,"completed_with_singular_warning",679.11462020874,0.00198984146118164,,"blockaware_random_slope__fixed_49_species__checklist_reporting","wald",0.187818211208215,Inf,0.00581841904836139,0.742052278266039,0.046487156583542,"weaker: prespecified Wald on the random-slope binomial fit",1.45344318036595,1.00583537892574,2.10024137429773,"positive",0.0990378553301546,0.0990378553301546,0.0990378553301546,0.0970166746091311,FALSE
"post_stage4a_blockaware_v1","atx_1812dd827ede","Surfbird","conditional_positive_numeric_count","active_minus_pre14","lmerTest_lmer_REML_random_slope",1063,,,,,,,"not_attempted",,,,,,"not_attempted","",,,,,,"not_attempted","",,FALSE,,,"failed_insufficient_support",,"failed_insufficient_support",,,,"blockaware_random_slope__fixed_49_species__conditional_positive_numeric_count","none",,,,,,"weaker: Wald only",,,,,1,1,1,,FALSE
"post_stage4a_blockaware_v1","atx_1930f23cc4f8","Surf Scoter","checklist_reporting","active_minus_pre14","lme4_glmer_nAGQ0_random_slope",217183,58,0.0274843603137825,0.0462276092852101,-0.0631200889766187,0.118088809604184,0.552148140489209,"completed",,,,,,"not_applicable_non_gaussian","",,,,,,"not_applicable_binomial_glmm","",9488.67423983663,TRUE,FALSE,FALSE,"",,"completed",529.996387004852,0.00186800956726074,,"blockaware_random_slope__fixed_49_species__checklist_reporting","wald",0.0462276092852101,Inf,-0.0631200889766187,0.118088809604184,0.552148140489209,"weaker: prespecified Wald on the random-slope binomial fit",1.02786553948703,0.938830723698426,1.1253440482891,"positive",0.689105261481052,0.689105261481052,0.689105261481052,0.675041888797766,FALSE
"post_stage4a_blockaware_v1","atx_1930f23cc4f8","Surf Scoter","conditional_positive_numeric_count","active_minus_pre14","lmerTest_lmer_REML_random_slope",16632,57,0.344167567484218,0.0908330508571704,0.166138059198269,0.522197075770167,0.000151247288353167,"completed",0.0908330508571704,13.4861465330199,0.148651342659524,0.539683792308912,0.00212023573755187,"completed","",,,,,,"skipped_dense_inverse_memory_infeasible","pbkrtest forms a dense 16632 by 16632 inverse of the marginal covariance; projected working set 55.6 GB exceeds the 12.0 GB budget (row cap 7723)",55.6471381187439,TRUE,FALSE,FALSE,"",0.0112937777885236,"completed",12.2803010940552,0.00494003295898438,,"blockaware_random_slope__fixed_49_species__conditional_positive_numeric_count","satterthwaite_denominator_df",0.0908330508571704,13.4861465330199,0.148651342659524,0.539683792308912,0.00212023573755187,"intermediate: Satterthwaite denominator df, standard error not Kenward-Roger adjusted",1.41081502242575,1.16026838259014,1.71546433339748,"positive",0.00742082508143153,0.00742082508143153,0.000570085933023476,0.00696648885195613,TRUE
"post_stage4a_blockaware_v1","atx_3083477933a8","White-winged Scoter","checklist_reporting","active_minus_pre14","lme4_glmer_nAGQ0_random_slope",217199,58,0.283012372972234,0.070647657025824,0.144545509609481,0.421479236334987,6.17635685075809e-05,"completed",,,,,,"not_applicable_non_gaussian","",,,,,,"not_applicable_binomial_glmm","",9490.0723638162,TRUE,TRUE,FALSE,"boundary (singular) fit: see help('isSingular')",,"completed_with_singular_warning",511.207959890366,0.00215506553649902,,"blockaware_random_slope__fixed_49_species__checklist_reporting","wald",0.070647657025824,Inf,0.144545509609481,0.421479236334987,6.17635685075809e-05,"weaker: prespecified Wald on the random-slope binomial fit",1.32712158215406,1.15551428077083,1.52421456240609,"positive",0.000432344979553066,0.000432344979553066,0.000432344979553066,0.000423521612623412,TRUE
"post_stage4a_blockaware_v1","atx_3083477933a8","White-winged Scoter","conditional_positive_numeric_count","active_minus_pre14","lmerTest_lmer_REML_random_slope",4706,50,0.153510577514903,0.0541759601815155,0.0473276467312569,0.25969350829855,0.00460333466398155,"completed",0.0541759601815155,42.4365697137475,0.0442123761612773,0.262808778868529,0.00701704898738739,"completed","",0.0563450728141189,102.332795781198,0.0417547550375307,0.265266399992276,0.00757553532003327,"completed","",4.45510277152061,TRUE,FALSE,FALSE,"",0.00336835000780411,"completed",2.58860301971436,0.00372600555419922,162.166026115417,"blockaware_random_slope__fixed_49_species__conditional_positive_numeric_count","kenward_roger",0.0563450728141189,102.332795781198,0.0417547550375307,0.265266399992276,0.00757553532003327,"stronger: Kenward-Roger adjusted standard error and denominator df",1.16592011959433,1.04263874549339,1.30377825603592,"positive",0.0247467487121087,0.0229223600254655,0.0150375599023397,0.023231641648102,TRUE
"post_stage4a_blockaware_v1","atx_35518e24dfdd","Common Merganser","checklist_reporting","active_minus_pre14","lme4_glmer_nAGQ0_random_slope",217093,58,0.207224352185736,0.0574272654129767,0.0946689802456794,0.319779724125794,0.00030801250985103,"completed",,,,,,"not_applicable_non_gaussian","",,,,,,"not_applicable_binomial_glmm","",9480.81171157211,TRUE,FALSE,FALSE,"",,"completed",249.022580862045,0.00188899040222168,,"blockaware_random_slope__fixed_49_species__checklist_reporting","wald",0.0574272654129767,Inf,0.0946689802456794,0.319779724125794,0.00030801250985103,"weaker: prespecified Wald on the random-slope binomial fit",1.23025855201638,1.09929490656245,1.37682444972145,"positive",0.00188657662283756,0.00188657662283756,0.00188657662283756,0.00184807505910618,TRUE
"post_stage4a_blockaware_v1","atx_35518e24dfdd","Common Merganser","conditional_positive_numeric_count","active_minus_pre14","lmerTest_lmer_REML_random_slope",27776,58,0.11137830764534,0.0203200241931037,0.0715517920618737,0.151204823228805,4.22428134827292e-08,"completed",0.0203200241931037,5387.22726015911,0.0715428421411807,0.151213773149498,4.41640174915381e-08,"completed","",,,,,,"skipped_dense_inverse_memory_infeasible","pbkrtest forms a dense 27776 by 27776 inverse of the marginal covariance; projected working set 155.2 GB exceeds the 12.0 GB budget (row cap 7723)",155.200561523438,TRUE,TRUE,FALSE,"boundary (singular) fit: see help('isSingular')",0.0812327925814316,"completed_with_singular_warning",24.8186390399933,0.0025489330291748,,"blockaware_random_slope__fixed_49_species__conditional_positive_numeric_count","satterthwaite_denominator_df",0.0203200241931037,5387.22726015911,0.0715428421411807,0.151213773149498,4.41640174915381e-08,"intermediate: Satterthwaite denominator df, standard error not Kenward-Roger adjusted",1.11781770585959,1.07416416920853,1.16324530211604,"positive",7.21345619028455e-07,7.21345619028455e-07,5.17474465163433e-07,6.77181601536917e-07,TRUE
"post_stage4a_blockaware_v1","atx_35707a9578d5","Pelagic Cormorant","checklist_reporting","active_minus_pre14","lme4_glmer_nAGQ0_random_slope",217200,58,0.0402762714881913,0.0453112569939945,-0.0485321603142766,0.129084703290659,0.374067558893208,"completed",,,,,,"not_applicable_non_gaussian","",,,,,,"not_applicable_binomial_glmm","",9490.15974998474,TRUE,FALSE,FALSE,"",,"completed",828.078391075134,0.0342538356781006,,"blockaware_random_slope__fixed_49_species__checklist_reporting","wald",0.0453112569939945,Inf,-0.0485321603142766,0.129084703290659,0.374067558893208,"weaker: prespecified Wald on the random-slope binomial fit",1.04109836025799,0.95262670203906,1.13778649434438,"positive",0.53909736428727,0.53909736428727,0.53909736428727,0.528095377261,FALSE
"post_stage4a_blockaware_v1","atx_35707a9578d5","Pelagic Cormorant","conditional_positive_numeric_count","active_minus_pre14","lmerTest_lmer_REML_random_slope",18881,53,0.0279222092824226,0.0247558987072633,-0.0205984605887352,0.0764428791535804,0.259361622755287,"completed",0.0247558987072633,34.5427915870004,-0.0223587268587118,0.078203145423557,0.267135146518517,"completed","",,,,,,"skipped_dense_inverse_memory_infeasible","pbkrtest forms a dense 18881 by 18881 inverse of the marginal covariance; projected working set 71.7 GB exceeds the 12.0 GB budget (row cap 7723)",71.7139865979552,TRUE,FALSE,FALSE,"",0.0117990202852525,"completed",13.6218159198761,0.0114810466766357,,"blockaware_random_slope__fixed_49_species__conditional_positive_numeric_count","satterthwaite_denominator_df",0.0247558987072633,34.5427915870004,-0.0223587268587118,0.078203145423557,0.267135146518517,"intermediate: Satterthwaite denominator df, standard error not Kenward-Roger adjusted",1.02831568789471,0.977889376939501,1.08134230609993,"positive",0.523584887176294,0.523584887176294,0.508348780600362,0.491528669594072,FALSE
"post_stage4a_blockaware_v1","atx_40f730f5ad72","Long-tailed Duck","checklist_reporting","active_minus_pre14","lme4_glmer_nAGQ0_random_slope",217200,58,0.364257695527214,0.0904177849431546,0.187042093476743,0.541473297577685,5.61083908475194e-05,"completed",,,,,,"not_applicable_non_gaussian","",,,,,,"not_applicable_binomial_glmm","",9490.15974998474,TRUE,TRUE,FALSE,"boundary (singular) fit: see help('isSingular')",,"completed_with_singular_warning",766.088276147842,0.0020601749420166,,"blockaware_random_slope__fixed_49_species__checklist_reporting","wald",0.0904177849431546,Inf,0.187042093476743,0.541473297577685,5.61083908475194e-05,"weaker: prespecified Wald on the random-slope binomial fit",1.43944510493276,1.20567803516213,1.71853691424034,"positive",0.000432344979553066,0.000432344979553066,0.000432344979553066,0.000423521612623412,TRUE
"post_stage4a_blockaware_v1","atx_40f730f5ad72","Long-tailed Duck","conditional_positive_numeric_count","active_minus_pre14","lmerTest_lmer_REML_random_slope",2946,44,0.339684734283141,0.0658870881973446,0.210548414370131,0.46882105419615,2.52876144781968e-07,"completed",0.0658870881973446,66.4822020431258,0.208154725068646,0.471214743497635,2.46027567228906e-06,"completed","",0.0680169892612153,65.7900905770254,0.203876345816025,0.475493122750256,4.61372605352957e-06,"completed","",1.74590000510216,TRUE,FALSE,FALSE,"",0.00441396878159139,"completed",1.7639479637146,0.00536894798278809,46.9906039237976,"blockaware_random_slope__fixed_49_species__conditional_positive_numeric_count","kenward_roger",0.0680169892612153,65.7900905770254,0.203876345816025,0.475493122750256,4.61372605352957e-06,"stronger: Kenward-Roger adjusted standard error and denominator df",1.40450472856758,1.22614652593362,1.60880734141188,"positive",4.52145153245898e-05,2.41107015884328e-05,2.47818621886328e-06,4.24462796924721e-05,TRUE
"post_stage4a_blockaware_v1","atx_4ae57d328ec6","Greater Scaup","checklist_reporting","active_minus_pre14","lme4_glmer_nAGQ0_random_slope",216227,58,0.0434977840917439,0.0602356613728505,-0.0745619427839937,0.161557510967481,0.470216535790334,"completed",,,,,,"not_applicable_non_gaussian","",,,,,,"not_applicable_binomial_glmm","",9405.32326164097,TRUE,FALSE,FALSE,"",,"completed",282.217972040176,0.00200295448303223,,"blockaware_random_slope__fixed_49_species__checklist_reporting","wald",0.0602356613728505,Inf,-0.0745619427839937,0.161557510967481,0.470216535790334,"weaker: prespecified Wald on the random-slope binomial fit",1.04445767988707,0.928149980084603,1.17534005115815,"positive",0.6400169514924,0.6400169514924,0.6400169514924,0.626955381053779,FALSE
"post_stage4a_blockaware_v1","atx_4ae57d328ec6","Greater Scaup","conditional_positive_numeric_count","active_minus_pre14","lmerTest_lmer_REML_random_slope",4514,52,0.257671637271923,0.0734097007909444,0.113791267605811,0.401552006938035,0.000448024343712235,"completed",0.0734097007909444,21.0947993568664,0.105049570840943,0.410293703702903,0.00207172153888059,"completed","",0.0758189925643936,42.2358154391271,0.104688021245352,0.410655253298494,0.00148888197858738,"completed","",4.09899124503136,TRUE,FALSE,FALSE,"",0.00388456101063639,"completed",2.62681913375854,0.00319290161132812,146.9134349823,"blockaware_random_slope__fixed_49_species__conditional_positive_numeric_count","kenward_roger",0.0758189925643936,42.2358154391271,0.104688021245352,0.410655253298494,0.00148888197858738,"stronger: Kenward-Roger adjusted standard error and denominator df",1.29391387577021,1.11036414629024,1.50780545598874,"positive",0.00561193976544476,0.00742082508143153,0.00156808520299282,0.00526835161653997,TRUE
"post_stage4a_blockaware_v1","atx_59441ff7abde","Brant","checklist_reporting","active_minus_pre14","lme4_glmer_nAGQ0_random_slope",217200,58,0.42671742198701,0.0934832782090238,0.243493563540585,0.609941280433435,5.00354477913479e-06,"completed",,,,,,"not_applicable_non_gaussian","",,,,,,"not_applicable_binomial_glmm","",9490.15974998474,TRUE,TRUE,FALSE,"boundary (singular) fit: see help('isSingular')",,"completed_with_singular_warning",1487.79427289963,0.00300383567810059,,"blockaware_random_slope__fixed_49_species__checklist_reporting","wald",0.0934832782090238,Inf,0.243493563540585,0.609941280433435,5.00354477913479e-06,"weaker: prespecified Wald on the random-slope binomial fit",1.53221962896591,1.27569810683515,1.84032333262044,"positive",8.17245647258683e-05,8.17245647258683e-05,8.17245647258683e-05,8.00567164661567e-05,TRUE
"post_stage4a_blockaware_v1","atx_59441ff7abde","Brant","conditional_positive_numeric_count","active_minus_pre14","lmerTest_lmer_REML_random_slope",3796,41,0.034882168104371,0.0702506679341347,-0.102806610936416,0.172570947145158,0.619514462753681,"completed",0.0702506679341347,36.2351375483602,-0.107560694418827,0.177325030627569,0.622513496585307,"completed","",0.0728536467637913,40.4257771268814,-0.112312251515778,0.182076587724519,0.634662133617496,"completed","",2.89872014522552,TRUE,FALSE,FALSE,"",0.00601379724685103,"completed",2.44734907150269,0.00262308120727539,96.7155170440674,"blockaware_random_slope__fixed_49_species__conditional_positive_numeric_count","kenward_roger",0.0728536467637913,40.4257771268814,-0.112312251515778,0.182076587724519,0.634662133617496,"stronger: Kenward-Roger adjusted standard error and denominator df",1.03549768695536,0.893765134406353,1.19970607311964,"positive",0.840498501277224,0.824409765748109,0.820438072295415,0.789039409362292,FALSE
"post_stage4a_blockaware_v1","atx_5a9a3495d0ea","Western Gull","checklist_reporting","active_minus_pre14","lme4_glmer_nAGQ0_random_slope",216824,58,0.276075442010176,0.13508512159896,0.0113134688290003,0.540837415191352,0.0409817450834533,"completed",,,,,,"not_applicable_non_gaussian","",,,,,,"not_applicable_binomial_glmm","",9457.33091497421,TRUE,TRUE,FALSE,"boundary (singular) fit: see help('isSingular')",,"completed_with_singular_warning",527.789458990097,0.0020289421081543,,"blockaware_random_slope__fixed_49_species__checklist_reporting","wald",0.13508512159896,Inf,0.0113134688290003,0.540837415191352,0.0409817450834533,"weaker: prespecified Wald on the random-slope binomial fit",1.31794728886963,1.0113777081454,1.7174444742548,"positive",0.0990378553301546,0.0990378553301546,0.0990378553301546,0.0970166746091311,FALSE
"post_stage4a_blockaware_v1","atx_5a9a3495d0ea","Western Gull","conditional_positive_numeric_count","active_minus_pre14","lmerTest_lmer_REML_random_slope",712,31,0.0869032204293734,0.040792568764,0.00695125481505982,0.166855186043687,0.0331411681128661,"completed",0.040792568764,4.26010977089295,-0.0236793225210472,0.197485763379794,0.0959563871520643,"completed","",0.0494103114184692,14.4808974433175,-0.0187421373318291,0.192548578190576,0.0997155894882237,"completed","",0.101979732513428,TRUE,TRUE,FALSE,"boundary (singular) fit: see help('isSingular')",0.000487216311739758,"completed_with_singular_warning",0.519836902618408,0.0073089599609375,1.52966380119324,"blockaware_random_slope__fixed_49_species__conditional_positive_numeric_count","kenward_roger",0.0494103114184692,14.4808974433175,-0.0187421373318291,0.192548578190576,0.0997155894882237,"stronger: Kenward-Roger adjusted standard error and denominator df",1.09079110831468,0.981432404394768,1.21233539533688,"positive",0.257161257101209,0.247466472129008,0.0955245433841434,0.24141669033991,FALSE
"post_stage4a_blockaware_v1","atx_6b4cfd1ab927","Horned Grebe","checklist_reporting","active_minus_pre14","lme4_glmer_nAGQ0_random_slope",217142,58,-0.0599122049132379,0.0393836971722371,-0.137102832948855,0.0172784231223788,0.128198669153969,"completed",,,,,,"not_applicable_non_gaussian","",,,,,,"not_applicable_binomial_glmm","",9485.09201726317,TRUE,TRUE,FALSE,"boundary (singular) fit: see help('isSingular')",,"completed_with_singular_warning",735.435278892517,0.00180315971374512,,"blockaware_random_slope__fixed_49_species__checklist_reporting","wald",0.0393836971722371,Inf,-0.137102832948855,0.0172784231223788,0.128198669153969,"weaker: prespecified Wald on the random-slope binomial fit",0.94184721951284,0.87188056347266,1.01742855852972,"negative",0.232656844020167,0.232656844020167,0.232656844020167,0.227908745162612,FALSE
"post_stage4a_blockaware_v1","atx_6b4cfd1ab927","Horned Grebe","conditional_positive_numeric_count","active_minus_pre14","lmerTest_lmer_REML_random_slope",13054,55,0.0186464296158585,0.026057873162432,-0.0324260632962211,0.0697189225279381,0.474252226232117,"completed",0.026057873162432,46.5290011847668,-0.0337892608217954,0.0710821200535125,0.477827980870973,"completed","",,,,,,"skipped_dense_inverse_memory_infeasible","pbkrtest forms a dense 13054 by 13054 inverse of the marginal covariance; projected working set 34.3 GB exceeds the 12.0 GB budget (row cap 7723)",34.2800224721432,TRUE,FALSE,FALSE,"",0.0274594458460342,"completed",6.47763609886169,0.00198602676391602,,"blockaware_random_slope__fixed_49_species__conditional_positive_numeric_count","satterthwaite_denominator_df",0.026057873162432,46.5290011847668,-0.0337892608217954,0.0710821200535125,0.477827980870973,"intermediate: Satterthwaite denominator df, standard error not Kenward-Roger adjusted",1.01882135986787,0.966775220586782,1.07366939203613,"positive",0.669396868625446,0.668959173219362,0.663953116724964,0.628413386872867,FALSE
"post_stage4a_blockaware_v1","atx_6cbe5bbd310c","Rhinoceros Auklet","checklist_reporting","active_minus_pre14","lme4_glmer_nAGQ0_random_slope",217200,58,-0.1631957577297,0.144082737516649,-0.44559273405627,0.11920121859687,0.25735996482616,"completed",,,,,,"not_applicable_non_gaussian","",,,,,,"not_applicable_binomial_glmm","",9490.15974998474,TRUE,TRUE,FALSE,"boundary (singular) fit: see help('isSingular')",,"completed_with_singular_warning",787.487972021103,0.00175690650939941,,"blockaware_random_slope__fixed_49_species__checklist_reporting","wald",0.144082737516649,Inf,-0.44559273405627,0.11920121859687,0.25735996482616,"weaker: prespecified Wald on the random-slope binomial fit",0.84942489064994,0.640444550209161,1.12659658766715,"negative",0.420354609216062,0.420354609216062,0.420354609216062,0.411775943721856,FALSE
"post_stage4a_blockaware_v1","atx_6cbe5bbd310c","Rhinoceros Auklet","conditional_positive_numeric_count","active_minus_pre14","lmerTest_lmer_REML_random_slope",1816,,,,,,,"not_attempted",,,,,,"not_attempted","",,,,,,"not_attempted","",,FALSE,,,"failed_insufficient_support",,"failed_insufficient_support",,,,"blockaware_random_slope__fixed_49_species__conditional_positive_numeric_count","none",,,,,,"weaker: Wald only",,,,,1,1,1,,FALSE
"post_stage4a_blockaware_v1","atx_725074cbfcb6","Glaucous-winged Gull","checklist_reporting","active_minus_pre14","lme4_glmer_nAGQ0_random_slope",217037,58,0.111348853079999,0.0345917571849577,0.0435502548355275,0.179147451324471,0.0012866459755266,"completed",,,,,,"not_applicable_non_gaussian","",,,,,,"not_applicable_binomial_glmm","",9475.92111649364,TRUE,FALSE,FALSE,"",,"completed",206.84518289566,0.0016930103302002,,"blockaware_random_slope__fixed_49_species__checklist_reporting","wald",0.0345917571849577,Inf,0.0435502548355275,0.179147451324471,0.0012866459755266,"weaker: prespecified Wald on the random-slope binomial fit",1.11778478150982,1.04451248479619,1.19619711201322,"positive",0.00630456528008035,0.00630456528008035,0.00630456528008035,0.00617590068252769,TRUE
"post_stage4a_blockaware_v1","atx_725074cbfcb6","Glaucous-winged Gull","conditional_positive_numeric_count","active_minus_pre14","lmerTest_lmer_REML_random_slope",85053,57,0.148320719006282,0.0310722930984922,0.0874201436161649,0.209221294396399,1.81134702593825e-06,"completed",0.0310722930984922,33.7077772250437,0.0851540515034461,0.211487386509118,3.43372780046285e-05,"completed","",,,,,,"skipped_dense_inverse_memory_infeasible","pbkrtest forms a dense 85053 by 85053 inverse of the marginal covariance; projected working set 1455.2 GB exceeds the 12.0 GB budget (row cap 7723)",1455.23507776111,TRUE,FALSE,FALSE,"",0.0655882467981428,"completed",41.7055020332336,0.0022130012512207,,"blockaware_random_slope__fixed_49_species__conditional_positive_numeric_count","satterthwaite_denominator_df",0.0310722930984922,33.7077772250437,0.0851540515034461,0.211487386509118,3.43372780046285e-05,"intermediate: Satterthwaite denominator df, standard error not Kenward-Roger adjusted",1.15988483382739,1.08888479811866,1.23551438138103,"positive",0.0002403609460324,0.000249998602278504,1.47926673784957e-05,0.000225644969744702,TRUE
"post_stage4a_blockaware_v1","atx_7571c026ae99","American Herring Gull","checklist_reporting","active_minus_pre14","lme4_glmer_nAGQ0_random_slope",217179,58,0.207600800741894,0.0736558795378605,0.0632379295980668,0.351963671885721,0.0048245133668203,"completed",,,,,,"not_applicable_non_gaussian","",,,,,,"not_applicable_binomial_glmm","",9488.324724935,TRUE,TRUE,FALSE,"boundary (singular) fit: see help('isSingular')",,"completed_with_singular_warning",169.225105047226,0.00164484977722168,,"blockaware_random_slope__fixed_49_species__checklist_reporting","wald",0.0736558795378605,Inf,0.0632379295980668,0.351963671885721,0.0048245133668203,"weaker: prespecified Wald on the random-slope binomial fit",1.23072176825506,1.06528027078733,1.42185686940149,"positive",0.0197000962478495,0.0197000962478495,0.0197000962478495,0.0192980534672812,TRUE
"post_stage4a_blockaware_v1","atx_7571c026ae99","American Herring Gull","conditional_positive_numeric_count","active_minus_pre14","lmerTest_lmer_REML_random_slope",1851,47,0.056874976030144,0.0406632605555577,-0.0228235501527173,0.136573502213005,0.16190832424974,"completed",0.0406632605555577,419.624829288436,-0.023054085570232,0.13680403763052,0.162646960425863,"completed","",0.0420640122857984,104.091294965057,-0.0265386778086482,0.140288629868936,0.179272084281938,"completed","",0.689234040677547,TRUE,TRUE,FALSE,"boundary (singular) fit: see help('isSingular')",0.0188082458407735,"completed_with_singular_warning",0.846538066864014,0.00191092491149902,14.9875018596649,"blockaware_random_slope__fixed_49_species__conditional_positive_numeric_count","kenward_roger",0.0420640122857984,104.091294965057,-0.0265386778086482,0.140288629868936,0.179272084281938,"stronger: Kenward-Roger adjusted standard error and denominator df",1.05852346131695,0.973810378255659,1.15060585015069,"positive",0.366013838742291,0.332070877536136,0.330562828676552,0.343604828207048,FALSE
"post_stage4a_blockaware_v1","atx_7b80ddaff058","Great Blue Heron","checklist_reporting","active_minus_pre14","lme4_glmer_nAGQ0_random_slope",217200,58,0.0127566234761255,0.0283005190618743,-0.0427113746289375,0.0682246215811884,0.652165551414745,"completed",,,,,,"not_applicable_non_gaussian","",,,,,,"not_applicable_binomial_glmm","",9490.15974998474,TRUE,TRUE,FALSE,"boundary (singular) fit: see help('isSingular')",,"completed_with_singular_warning",179.641180038452,0.00163722038269043,,"blockaware_random_slope__fixed_49_species__checklist_reporting","wald",0.0283005190618743,Inf,-0.0427113746289375,0.0682246215811884,0.652165551414745,"weaker: prespecified Wald on the random-slope binomial fit",1.01283833628756,0.958187907500488,1.0706057626314,"positive",0.779417366324939,0.779417366324939,0.779417366324939,0.763510889461165,FALSE
"post_stage4a_blockaware_v1","atx_7b80ddaff058","Great Blue Heron","conditional_positive_numeric_count","active_minus_pre14","lmerTest_lmer_REML_random_slope",50285,56,-0.0053829020317296,0.0192242860232382,-0.0430618102657731,0.0322960062023139,0.77947343640962,"completed",0.0192242860232382,20.8922638324035,-0.0453745502995308,0.0346087462360716,0.782227067586074,"completed","",,,,,,"skipped_dense_inverse_memory_infeasible","pbkrtest forms a dense 50285 by 50285 inverse of the marginal covariance; projected working set 508.7 GB exceeds the 12.0 GB budget (row cap 7723)",508.663751743734,TRUE,FALSE,FALSE,"",0.186615507118404,"completed",28.1578729152679,0.0021519660949707,,"blockaware_random_slope__fixed_49_species__conditional_positive_numeric_count","satterthwaite_denominator_df",0.0192242860232382,20.8922638324035,-0.0453745502995308,0.0346087462360716,0.782227067586074,"intermediate: Satterthwaite denominator df, standard error not Kenward-Roger adjusted",0.994631559824857,0.95563947973901,1.0352145979463,"negative",0.955154854382643,0.934856739310185,0.931565814245643,0.896675985746971,FALSE
"post_stage4a_blockaware_v1","atx_7d980a7c8c37","Northern Pintail","checklist_reporting","active_minus_pre14","lme4_glmer_nAGQ0_random_slope",217200,58,0.126797218070955,0.0609011275334461,0.00743320148751944,0.24616123465439,0.0373408641166618,"completed",,,,,,"not_applicable_non_gaussian","",,,,,,"not_applicable_binomial_glmm","",9490.15974998474,TRUE,FALSE,FALSE,"",,"completed",467.708668231964,0.0325531959533691,,"blockaware_random_slope__fixed_49_species__checklist_reporting","wald",0.0609011275334461,Inf,0.00743320148751944,0.24616123465439,0.0373408641166618,"weaker: prespecified Wald on the random-slope binomial fit",1.13518679907124,1.00746089630756,1.2791057930969,"positive",0.096300123248233,0.096300123248233,0.096300123248233,0.0943348146105139,FALSE
"post_stage4a_blockaware_v1","atx_7d980a7c8c37","Northern Pintail","conditional_positive_numeric_count","active_minus_pre14","lmerTest_lmer_REML_random_slope",14278,52,0.0668574584838623,0.0419236121754933,-0.0153113114819294,0.149026228449654,0.110769336915685,"completed",0.0419236121754933,79.8678937846571,-0.0165753071473587,0.150290224115083,0.114719168098876,"completed","",,,,,,"skipped_dense_inverse_memory_infeasible","pbkrtest forms a dense 14278 by 14278 inverse of the marginal covariance; projected working set 41.0 GB exceeds the 12.0 GB budget (row cap 7723)",41.0098930299282,TRUE,TRUE,FALSE,"boundary (singular) fit: see help('isSingular')",0.0245216142502613,"completed_with_singular_warning",8.71846199035645,0.00684213638305664,,"blockaware_random_slope__fixed_49_species__conditional_positive_numeric_count","satterthwaite_denominator_df",0.0419236121754933,79.8678937846571,-0.0165753071473587,0.150290224115083,0.114719168098876,"intermediate: Satterthwaite denominator df, standard error not Kenward-Roger adjusted",1.06914307003844,0.983561307405319,1.16217148397866,"positive",0.266007125902017,0.255510874402043,0.24671352313039,0.249720975336588,FALSE
"post_stage4a_blockaware_v1","atx_815c98107028","Mallard","checklist_reporting","active_minus_pre14","lme4_glmer_nAGQ0_random_slope",217200,58,5.9244114872843e-05,0.0287692462986437,-0.056327442492831,0.0564459307225767,0.998356928413227,"completed",,,,,,"not_applicable_non_gaussian","",,,,,,"not_applicable_binomial_glmm","",9490.15974998474,TRUE,TRUE,FALSE,"boundary (singular) fit: see help('isSingular')",,"completed_with_singular_warning",294.88213801384,0.00209188461303711,,"blockaware_random_slope__fixed_49_species__checklist_reporting","wald",0.0287692462986437,Inf,-0.056327442492831,0.0564459307225767,0.998356928413227,"weaker: prespecified Wald on the random-slope binomial fit",1.00005924586984,0.945229576882823,1.05806940420542,"positive",1,1,1,0.998356928413227,FALSE
"post_stage4a_blockaware_v1","atx_815c98107028","Mallard","conditional_positive_numeric_count","active_minus_pre14","lmerTest_lmer_REML_random_slope",81526,57,0.0397683647873187,0.023177934273238,-0.00565955162426426,0.0851962811989017,0.0862012992209495,"completed",0.023177934273238,15.171279727589,-0.00958569932710446,0.0891224289017419,0.106545694451983,"completed","",,,,,,"skipped_dense_inverse_memory_infeasible","pbkrtest forms a dense 81526 by 81526 inverse of the marginal covariance; projected working set 1337.0 GB exceeds the 12.0 GB budget (row cap 7723)",1337.04538831115,TRUE,FALSE,FALSE,"",0.388419139198959,"completed",61.1450350284576,0.00654697418212891,,"blockaware_random_slope__fixed_49_species__conditional_positive_numeric_count","satterthwaite_denominator_df",0.023177934273238,15.171279727589,-0.00958569932710446,0.0891224289017419,0.106545694451983,"intermediate: Satterthwaite denominator df, standard error not Kenward-Roger adjusted",1.04056971368748,0.990460097041801,1.09321448918294,"positive",0.261036951407359,0.255510874402043,0.211193183091326,0.245055097239561,FALSE
"post_stage4a_blockaware_v1","atx_82312e6f2848","Common Goldeneye","checklist_reporting","active_minus_pre14","lme4_glmer_nAGQ0_random_slope",216892,58,0.0392029807170821,0.0419659690436997,-0.0430488071848922,0.121454768619056,0.350220737936781,"completed",,,,,,"not_applicable_non_gaussian","",,,,,,"not_applicable_binomial_glmm","",9463.26383149624,TRUE,FALSE,FALSE,"",,"completed",340.930876970291,0.00234317779541016,,"blockaware_random_slope__fixed_49_species__checklist_reporting","wald",0.0419659690436997,Inf,-0.0430488071848922,0.121454768619056,0.350220737936781,"weaker: prespecified Wald on the random-slope binomial fit",1.03998155842986,0.957864638249627,1.12913829228586,"positive",0.520024732087948,0.520024732087948,0.520024732087948,0.5094119824535,FALSE
"post_stage4a_blockaware_v1","atx_82312e6f2848","Common Goldeneye","conditional_positive_numeric_count","active_minus_pre14","lmerTest_lmer_REML_random_slope",21195,55,0.164775186652581,0.0213100506740085,0.1230082548228,0.206542118482361,1.0564085956815e-14,"completed",0.0213100506740085,67.8253278463424,0.122249659590909,0.207300713714252,6.8125550117133e-11,"completed","",,,,,,"skipped_dense_inverse_memory_infeasible","pbkrtest forms a dense 21195 by 21195 inverse of the marginal covariance; projected working set 90.4 GB exceeds the 12.0 GB budget (row cap 7723)",90.3692593798041,TRUE,FALSE,FALSE,"",0.0621168146608397,"completed",14.5505599975586,0.00247502326965332,,"blockaware_random_slope__fixed_49_species__conditional_positive_numeric_count","satterthwaite_denominator_df",0.0213100506740085,67.8253278463424,0.122249659590909,0.207300713714252,6.8125550117133e-11,"intermediate: Satterthwaite denominator df, standard error not Kenward-Roger adjusted",1.17912800519809,1.13003619093886,1.23035250002684,"positive",1.66907597786976e-09,1.66907597786976e-09,2.58820105941967e-13,1.56688765269406e-09,TRUE
"post_stage4a_blockaware_v1","atx_8608f2ed61cf","Pigeon Guillemot","checklist_reporting","active_minus_pre14","lme4_glmer_nAGQ0_random_slope",217200,58,-0.0716809747386929,0.0650891753549142,-0.199253414217737,0.055891464740351,0.270777702619396,"completed",,,,,,"not_applicable_non_gaussian","",,,,,,"not_applicable_binomial_glmm","",9490.15974998474,TRUE,FALSE,FALSE,"",,"completed",459.214315891266,0.00179791450500488,,"blockaware_random_slope__fixed_49_species__checklist_reporting","wald",0.0650891753549142,Inf,-0.199253414217737,0.055891464740351,0.270777702619396,"weaker: prespecified Wald on the random-slope binomial fit",0.930827806031808,0.819342234050829,1.05748290332638,"negative",0.428003465430658,0.428003465430658,0.428003465430658,0.419268700830032,FALSE
"post_stage4a_blockaware_v1","atx_8608f2ed61cf","Pigeon Guillemot","conditional_positive_numeric_count","active_minus_pre14","lmerTest_lmer_REML_random_slope",6342,53,0.00657593921428862,0.041553778537862,-0.0748679701414744,0.0880198485700516,0.87425878636531,"completed",0.041553778537862,127.251434464648,-0.0756499268058911,0.0888018052344683,0.87450964573943,"completed","",0.0424815863905819,155.969234451772,-0.0773375370798021,0.0904894155083794,0.877183029535081,"completed","",8.09107741713524,TRUE,FALSE,FALSE,"",0.00886150701262522,"completed",3.79653596878052,0.00240206718444824,372.174971818924,"blockaware_random_slope__fixed_49_species__conditional_positive_numeric_count","kenward_roger",0.0424815863905819,155.969234451772,-0.0773375370798021,0.0904894155083794,0.877183029535081,"stronger: Kenward-Roger adjusted standard error and denominator df",1.00659760817445,0.925577384187065,1.09470992063234,"positive",0.955154854382643,0.952243836471824,0.951970678486671,0.896675985746971,FALSE
"post_stage4a_blockaware_v1","atx_86eda7ed9025","Red-necked Grebe","checklist_reporting","active_minus_pre14","lme4_glmer_nAGQ0_random_slope",217200,58,0.114519581684556,0.0572611319061444,0.00228982543451604,0.226749337934597,0.045505322037785,"completed",,,,,,"not_applicable_non_gaussian","",,,,,,"not_applicable_binomial_glmm","",9490.15974998474,TRUE,FALSE,FALSE,"",,"completed",413.656341075897,0.00247597694396973,,"blockaware_random_slope__fixed_49_species__checklist_reporting","wald",0.0572611319061444,Inf,0.00228982543451604,0.226749337934597,0.045505322037785,"weaker: prespecified Wald on the random-slope binomial fit",1.12133459846937,1.00229244908696,1.25451536911196,"positive",0.0990378553301546,0.0990378553301546,0.0990378553301546,0.0970166746091311,FALSE
"post_stage4a_blockaware_v1","atx_86eda7ed9025","Red-necked Grebe","conditional_positive_numeric_count","active_minus_pre14","lmerTest_lmer_REML_random_slope",8109,53,0.0314334283321014,0.0323631319636525,-0.0319971447435745,0.0948640014077772,0.331412472432881,"completed",0.0323631319636525,242.929654625979,-0.0323147327546609,0.0951815894188636,0.332378539903617,"completed","",,,,,,"skipped_dense_inverse_memory_infeasible","pbkrtest forms a dense 8109 by 8109 inverse of the marginal covariance; projected working set 13.2 GB exceeds the 12.0 GB budget (row cap 7723)",13.2278262600303,TRUE,TRUE,FALSE,"boundary (singular) fit: see help('isSingular')",0.0135409391077701,"completed_with_singular_warning",5.35535192489624,0.00284004211425781,,"blockaware_random_slope__fixed_49_species__conditional_positive_numeric_count","satterthwaite_denominator_df",0.0323631319636525,242.929654625979,-0.0323147327546609,0.0951815894188636,0.332378539903617,"intermediate: Satterthwaite denominator df, standard error not Kenward-Roger adjusted",1.03193267582955,0.968201809298217,1.09985855967012,"positive",0.615517754404431,0.603205498343601,0.593656076053103,0.57783299393069,FALSE
"post_stage4a_blockaware_v1","atx_87b306550dba","Harlequin Duck","checklist_reporting","active_minus_pre14","lme4_glmer_nAGQ0_random_slope",217200,58,0.071099530794237,0.0555198415601599,-0.0377173590910466,0.179916420679521,0.200328998985795,"completed",,,,,,"not_applicable_non_gaussian","",,,,,,"not_applicable_binomial_glmm","",9490.15974998474,TRUE,FALSE,FALSE,"",,"completed",885.601290941238,0.00290298461914062,,"blockaware_random_slope__fixed_49_species__checklist_reporting","wald",0.0555198415601599,Inf,-0.0377173590910466,0.179916420679521,0.200328998985795,"weaker: prespecified Wald on the random-slope binomial fit",1.07368808557827,0.962985081409084,1.1971173046896,"positive",0.338486929320826,0.338486929320826,0.338486929320826,0.331579032804075,FALSE
"post_stage4a_blockaware_v1","atx_87b306550dba","Harlequin Duck","conditional_positive_numeric_count","active_minus_pre14","lmerTest_lmer_REML_random_slope",12030,56,0.148340058637675,0.0326893408719898,0.0842701278502224,0.212409989425129,5.68246171103585e-06,"completed",0.0326893408719898,32.1380722704408,0.0817652677190063,0.214914849556345,7.51034026261882e-05,"completed","",,,,,,"skipped_dense_inverse_memory_infeasible","pbkrtest forms a dense 12030 by 12030 inverse of the marginal covariance; projected working set 29.1 GB exceeds the 12.0 GB budget (row cap 7723)",29.1128776967525,TRUE,FALSE,FALSE,"",0.0132128479890525,"completed",8.31651210784912,0.00298905372619629,,"blockaware_random_slope__fixed_49_species__conditional_positive_numeric_count","satterthwaite_denominator_df",0.0326893408719898,32.1380722704408,0.0817652677190063,0.214914849556345,7.51034026261882e-05,"intermediate: Satterthwaite denominator df, standard error not Kenward-Roger adjusted",1.15990726578944,1.08520104821295,1.23975632667021,"positive",0.000408896303187025,0.000408896303187025,3.09378470934174e-05,0.000383861835644962,TRUE
"post_stage4a_blockaware_v1","atx_98ca0000b734","Brandt's Cormorant","checklist_reporting","active_minus_pre14","lme4_glmer_nAGQ0_random_slope",217200,58,-0.0305686484154128,0.083157248993352,-0.193553861495812,0.132416564664987,0.713171123051674,"completed",,,,,,"not_applicable_non_gaussian","",,,,,,"not_applicable_binomial_glmm","",9490.15974998474,TRUE,TRUE,FALSE,"boundary (singular) fit: see help('isSingular')",,"completed_with_singular_warning",326.84641289711,0.00200104713439941,,"blockaware_random_slope__fixed_49_species__checklist_reporting","wald",0.083157248993352,Inf,-0.193553861495812,0.132416564664987,0.713171123051674,"weaker: prespecified Wald on the random-slope binomial fit",0.969893848106004,0.824025451756396,1.14158376369176,"negative",0.812683372779815,0.812683372779815,0.812683372779815,0.796097997825125,FALSE
"post_stage4a_blockaware_v1","atx_98ca0000b734","Brandt's Cormorant","conditional_positive_numeric_count","active_minus_pre14","lmerTest_lmer_REML_random_slope",2573,44,0.0580886002919341,0.0731332936511251,-0.0852500213350629,0.201427221918931,0.42703015403455,"completed",0.0731332936511251,168.823762780196,-0.0862849543032271,0.202462154887095,0.428145247115639,"completed","",0.0747884782119479,125.622309590148,-0.0899199138806052,0.206097114464473,0.438792755063533,"completed","",1.33178295940161,TRUE,FALSE,FALSE,"",0.0026708312361734,"completed",1.71398091316223,0.00249600410461426,34.0232739448547,"blockaware_random_slope__fixed_49_species__conditional_positive_numeric_count","kenward_roger",0.0747884782119479,125.622309590148,-0.0899199138806052,0.206097114464473,0.438792755063533,"stronger: Kenward-Roger adjusted standard error and denominator df",1.05980889092778,0.914004381404208,1.2288725394992,"positive",0.669396868625446,0.660734042737319,0.657496460018842,0.628413386872867,FALSE
"post_stage4a_blockaware_v1","atx_99238953638b","Bufflehead","checklist_reporting","active_minus_pre14","lme4_glmer_nAGQ0_random_slope",217200,58,-0.0812808425743858,0.030262261112621,-0.14059378444587,-0.0219679007029017,0.00723387730334204,"completed",,,,,,"not_applicable_non_gaussian","",,,,,,"not_applicable_binomial_glmm","",9490.15974998474,TRUE,TRUE,FALSE,"boundary (singular) fit: see help('isSingular')",,"completed_with_singular_warning",337.225485086441,0.00304079055786133,,"blockaware_random_slope__fixed_49_species__checklist_reporting","wald",0.030262261112621,Inf,-0.14059378444587,-0.0219679007029017,0.00723387730334204,"weaker: prespecified Wald on the random-slope binomial fit",0.921934736558701,0.868842177229557,0.978271636379126,"negative",0.0253185705616971,0.0253185705616971,0.0253185705616971,0.0248018650400298,TRUE
"post_stage4a_blockaware_v1","atx_99238953638b","Bufflehead","conditional_positive_numeric_count","active_minus_pre14","lmerTest_lmer_REML_random_slope",50039,56,0.0800900662872117,0.0172522993540508,0.0462761809027686,0.113903951671655,3.44579459037932e-06,"completed",0.0172522993540508,31.804886292974,0.0449398255369263,0.115240307037497,5.67212750566772e-05,"completed","",,,,,,"skipped_dense_inverse_memory_infeasible","pbkrtest forms a dense 50039 by 50039 inverse of the marginal covariance; projected working set 503.7 GB exceeds the 12.0 GB budget (row cap 7723)",503.699042402208,TRUE,FALSE,FALSE,"",0.0568894756725058,"completed",38.5407090187073,0.0025789737701416,,"blockaware_random_slope__fixed_49_species__conditional_positive_numeric_count","satterthwaite_denominator_df",0.0172522993540508,31.804886292974,0.0449398255369263,0.115240307037497,5.67212750566772e-05,"intermediate: Satterthwaite denominator df, standard error not Kenward-Roger adjusted",1.08338463971304,1.04596491763766,1.12214306404944,"positive",0.000347417809722148,0.000347417809722148,2.11054918660734e-05,0.000326147331575894,TRUE
"post_stage4a_blockaware_v1","atx_9ae1aa9b7fdf","Common Loon","checklist_reporting","active_minus_pre14","lme4_glmer_nAGQ0_random_slope",217199,58,-0.0679954760652743,0.0413569532935619,-0.149053615030961,0.0130626629004122,0.10015300539253,"completed",,,,,,"not_applicable_non_gaussian","",,,,,,"not_applicable_binomial_glmm","",9490.0723638162,TRUE,FALSE,FALSE,"",,"completed",410.72838306427,0.00198984146118164,,"blockaware_random_slope__fixed_49_species__checklist_reporting","wald",0.0413569532935619,Inf,-0.149053615030961,0.0130626629004122,0.10015300539253,"weaker: prespecified Wald on the random-slope binomial fit",0.934264700120173,0.861522923082487,1.01314835218501,"negative",0.196299890569359,0.196299890569359,0.196299890569359,0.192293770353658,FALSE
"post_stage4a_blockaware_v1","atx_9ae1aa9b7fdf","Common Loon","conditional_positive_numeric_count","active_minus_pre14","lmerTest_lmer_REML_random_slope",15359,56,0.0197729669981108,0.0250213526635299,-0.0292679830668832,0.0688139170631049,0.429385443277611,"completed",0.0250213526635299,26.7182960323701,-0.0315919477353793,0.071137881731601,0.436343603046417,"completed","",,,,,,"skipped_dense_inverse_memory_infeasible","pbkrtest forms a dense 15359 by 15359 inverse of the marginal covariance; projected working set 47.5 GB exceeds the 12.0 GB budget (row cap 7723)",47.4547578915954,TRUE,FALSE,FALSE,"",0.0332381205225829,"completed",8.93526697158813,0.00268006324768066,,"blockaware_random_slope__fixed_49_species__conditional_positive_numeric_count","satterthwaite_denominator_df",0.0250213526635299,26.7182960323701,-0.0315919477353793,0.071137881731601,0.436343603046417,"intermediate: Satterthwaite denominator df, standard error not Kenward-Roger adjusted",1.01996974694463,0.968901864025677,1.07372926331239,"positive",0.669396868625446,0.660734042737319,0.657496460018842,0.628413386872867,FALSE
"post_stage4a_blockaware_v1","atx_a113baee5693","American Wigeon","checklist_reporting","active_minus_pre14","lme4_glmer_nAGQ0_random_slope",217190,58,0.085374543255277,0.0333583257170343,0.0199934262653335,0.150755660245221,0.0104877938568192,"completed",,,,,,"not_applicable_non_gaussian","",,,,,,"not_applicable_binomial_glmm","",9489.28590640426,TRUE,TRUE,FALSE,"boundary (singular) fit: see help('isSingular')",,"completed_with_singular_warning",297.479550123215,0.0343420505523682,,"blockaware_random_slope__fixed_49_species__checklist_reporting","wald",0.0333583257170343,Inf,0.0199934262653335,0.150755660245221,0.0104877938568192,"weaker: prespecified Wald on the random-slope binomial fit",1.08912491470623,1.02019463351588,1.16271252647731,"positive",0.0342601265989429,0.0342601265989429,0.0342601265989429,0.0335609403418216,TRUE
"post_stage4a_blockaware_v1","atx_a113baee5693","American Wigeon","conditional_positive_numeric_count","active_minus_pre14","lmerTest_lmer_REML_random_slope",34665,56,0.0532301292387692,0.0222453688725271,0.00963000742580782,0.0968302510517307,0.0167174632913103,"completed",0.0222453688725271,8358.06991289305,0.00962369262320971,0.0968365658543288,0.0167394010451731,"completed","",,,,,,"skipped_dense_inverse_memory_infeasible","pbkrtest forms a dense 34665 by 34665 inverse of the marginal covariance; projected working set 241.7 GB exceeds the 12.0 GB budget (row cap 7723)",241.733193956316,TRUE,TRUE,FALSE,"boundary (singular) fit: see help('isSingular')",0.0143154466059059,"completed_with_singular_warning",24.1143090724945,0.010901927947998,,"blockaware_random_slope__fixed_49_species__conditional_positive_numeric_count","satterthwaite_denominator_df",0.0222453688725271,8358.06991289305,0.00962369262320971,0.0968365658543288,0.0167394010451731,"intermediate: Satterthwaite denominator df, standard error not Kenward-Roger adjusted",1.05467232813408,1.00967014926161,1.10168030672714,"positive",0.0512644157008425,0.0512644157008425,0.0511972313296378,0.0481257780048725,FALSE
"post_stage4a_blockaware_v1","atx_a444854c6b66","Double-crested Cormorant","checklist_reporting","active_minus_pre14","lme4_glmer_nAGQ0_random_slope",217200,58,0.0319869563085537,0.0416215445263051,-0.0495897719439345,0.113563684561042,0.442178785415376,"completed",,,,,,"not_applicable_non_gaussian","",,,,,,"not_applicable_binomial_glmm","",9490.15974998474,TRUE,FALSE,FALSE,"",,"completed",253.204841852188,0.00197005271911621,,"blockaware_random_slope__fixed_49_species__checklist_reporting","wald",0.0416215445263051,Inf,-0.0495897719439345,0.113563684561042,0.442178785415376,"weaker: prespecified Wald on the random-slope binomial fit",1.0325040375532,0.951619725549146,1.12026323009275,"positive",0.619050299581527,0.619050299581527,0.619050299581527,0.60641661999823,FALSE
"post_stage4a_blockaware_v1","atx_a444854c6b66","Double-crested Cormorant","conditional_positive_numeric_count","active_minus_pre14","lmerTest_lmer_REML_random_slope",29011,54,0.10502289979141,0.0242469986497113,0.0574996557047846,0.152546143878036,1.48179507857641e-05,"completed",0.0242469986497113,43.2043822523983,0.056130855383509,0.153914944199311,8.6666800444111e-05,"completed","",,,,,,"skipped_dense_inverse_memory_infeasible","pbkrtest forms a dense 29011 by 29011 inverse of the marginal covariance; projected working set 169.3 GB exceeds the 12.0 GB budget (row cap 7723)",169.308701656759,TRUE,FALSE,FALSE,"",0.00978798198048025,"completed",22.4968559741974,0.00487399101257324,,"blockaware_random_slope__fixed_49_species__conditional_positive_numeric_count","satterthwaite_denominator_df",0.0242469986497113,43.2043822523983,0.056130855383509,0.153914944199311,8.6666800444111e-05,"intermediate: Satterthwaite denominator df, standard error not Kenward-Roger adjusted",1.11073604568823,1.0577360851422,1.16639167418143,"positive",0.000424667322176144,0.000424667322176144,7.26079588502441e-05,0.000398667282042911,TRUE
"post_stage4a_blockaware_v1","atx_aa5353f6d6d2","Iceland Gull","checklist_reporting","active_minus_pre14","lme4_glmer_nAGQ0_random_slope",217184,58,0.135280144257946,0.0570572621000732,0.0234499654853398,0.247110323030551,0.017742238699327,"completed",,,,,,"not_applicable_non_gaussian","",,,,,,"not_applicable_binomial_glmm","",9488.76161956787,TRUE,TRUE,FALSE,"boundary (singular) fit: see help('isSingular')",,"completed_with_singular_warning",199.515269041061,0.00293588638305664,,"blockaware_random_slope__fixed_49_species__checklist_reporting","wald",0.0570572621000732,Inf,0.0234499654853398,0.247110323030551,0.017742238699327,"weaker: prespecified Wald on the random-slope binomial fit",1.14485746467574,1.0237270777777,1.28032035380857,"positive",0.0511393938980601,0.0511393938980601,0.0511393938980601,0.0500957327980997,FALSE
"post_stage4a_blockaware_v1","atx_aa5353f6d6d2","Iceland Gull","conditional_positive_numeric_count","active_minus_pre14","lmerTest_lmer_REML_random_slope",4317,47,0.110018529998484,0.0673433628085769,-0.0219720357041406,0.242009095701109,0.1023228623031,"completed",0.0673433628085769,33.2820564562008,-0.0269484750146963,0.246985535011665,0.111748697565045,"completed","",0.0694970713221192,52.3301482641631,-0.0294166070288865,0.249453667025855,0.119431770813151,"completed","",3.74902191013098,FALSE,FALSE,FALSE,"Model failed to converge with max|grad| = 0.00331922 (tol = 0.002, component 1)   See ?lme4::convergence and ?lme4::troubleshooting.",0.103991114883684,"completed_with_convergence_warning",2.83851885795593,0.00230813026428223,135.278960943222,"blockaware_random_slope__fixed_49_species__conditional_positive_numeric_count","kenward_roger",0.0694970713221192,52.3301482641631,-0.0294166070288865,0.249453667025855,0.119431770813151,"stronger: Kenward-Roger adjusted standard error and denominator df",1.11629875528147,0.971011849828035,1.28332410285584,"positive",0.266007125902017,0.255510874402043,0.238753345373901,0.249720975336588,FALSE
"post_stage4a_blockaware_v1","atx_acf526bb8010","Marbled Murrelet","checklist_reporting","active_minus_pre14","lme4_glmer_nAGQ0_random_slope",217200,58,-0.0256650167406093,0.103644181870366,-0.228803880413646,0.177473846932428,0.804423623603016,"completed",,,,,,"not_applicable_non_gaussian","",,,,,,"not_applicable_binomial_glmm","",9490.15974998474,TRUE,FALSE,FALSE,"",,"completed",607.606546163559,0.00188899040222168,,"blockaware_random_slope__fixed_49_species__checklist_reporting","wald",0.103644181870366,Inf,-0.228803880413646,0.177473846932428,0.804423623603016,"weaker: prespecified Wald on the random-slope binomial fit",0.974661530225824,0.795484528304418,1.19419682558378,"negative",0.875927945701062,0.875927945701062,0.875927945701062,0.858051865176551,FALSE
"post_stage4a_blockaware_v1","atx_acf526bb8010","Marbled Murrelet","conditional_positive_numeric_count","active_minus_pre14","lmerTest_lmer_REML_random_slope",3103,48,0.0640351689681038,0.0754362362757046,-0.0838171372615313,0.211887475197739,0.395956502884025,"completed",0.0754362362757046,1180.88052543144,-0.083968833942545,0.212039171878753,0.396128544716654,"completed","",0.0769603862960234,260.356229096561,-0.0875088671539275,0.215579205090135,0.4061411855529,"completed","",1.93694563955069,TRUE,TRUE,FALSE,"boundary (singular) fit: see help('isSingular')",0.00465254743176047,"completed_with_singular_warning",1.64757394790649,0.00362014770507812,52.953341960907,"blockaware_random_slope__fixed_49_species__conditional_positive_numeric_count","kenward_roger",0.0769603862960234,260.356229096561,-0.0875088671539275,0.215579205090135,0.4061411855529,"stronger: Kenward-Roger adjusted standard error and denominator df",1.06612989279038,0.916210747433131,1.24058023930154,"positive",0.669396868625446,0.660725616776812,0.657496460018842,0.628413386872867,FALSE
"post_stage4a_blockaware_v1","atx_b3d3ea90f9cb","Canada Goose","checklist_reporting","active_minus_pre14","lme4_glmer_nAGQ0_random_slope",217083,58,-0.0169527407416643,0.0273928746037227,-0.0706417883979826,0.0367363069146541,0.53599929900103,"completed",,,,,,"not_applicable_non_gaussian","",,,,,,"not_applicable_binomial_glmm","",9479.93829848617,TRUE,TRUE,FALSE,"boundary (singular) fit: see help('isSingular')",,"completed_with_singular_warning",239.322005987167,0.00191211700439453,,"blockaware_random_slope__fixed_49_species__checklist_reporting","wald",0.0273928746037227,Inf,-0.0706417883979826,0.0367363069146541,0.53599929900103,"weaker: prespecified Wald on the random-slope binomial fit",0.983190148374195,0.931795612351849,1.03741942443818,"negative",0.689105261481052,0.689105261481052,0.689105261481052,0.675041888797766,FALSE
"post_stage4a_blockaware_v1","atx_b3d3ea90f9cb","Canada Goose","conditional_positive_numeric_count","active_minus_pre14","lmerTest_lmer_REML_random_slope",68271,58,0.0393675040642825,0.0263083683567742,-0.0121959504070082,0.0909309585355732,0.134552798994373,"completed",0.0263083683567742,26.408564932918,-0.0146694320479837,0.0934044401765487,0.146409488776528,"completed","",,,,,,"skipped_dense_inverse_memory_infeasible","pbkrtest forms a dense 68271 by 68271 inverse of the marginal covariance; projected working set 937.6 GB exceeds the 12.0 GB budget (row cap 7723)",937.619022332132,TRUE,FALSE,FALSE,"",0.0794003426562995,"completed",50.6253960132599,0.00380611419677734,,"blockaware_random_slope__fixed_49_species__conditional_positive_numeric_count","satterthwaite_denominator_df",0.0263083683567742,26.408564932918,-0.0146694320479837,0.0934044401765487,0.146409488776528,"intermediate: Satterthwaite denominator df, standard error not Kenward-Roger adjusted",1.04015267375273,0.985437639869513,1.09790568265508,"positive",0.311915867393472,0.311915867393472,0.286655963074969,0.292818977553056,FALSE
"post_stage4a_blockaware_v1","atx_c12b832d2b03","California Gull","checklist_reporting","active_minus_pre14","lme4_glmer_nAGQ0_random_slope",217200,58,0.306060741784809,0.0558167479840124,0.196661926001996,0.415459557567623,4.17431721560155e-08,"completed",,,,,,"not_applicable_non_gaussian","",,,,,,"not_applicable_binomial_glmm","",9490.15974998474,TRUE,FALSE,FALSE,"",,"completed",241.20108294487,0.00198817253112793,,"blockaware_random_slope__fixed_49_species__checklist_reporting","wald",0.0558167479840124,Inf,0.196661926001996,0.415459557567623,4.17431721560155e-08,"weaker: prespecified Wald on the random-slope binomial fit",1.35806479532216,1.21733242269212,1.51506684116299,"positive",1.80343656012203e-06,1.80343656012203e-06,1.80343656012203e-06,1.76663173236444e-06,TRUE
"post_stage4a_blockaware_v1","atx_c12b832d2b03","California Gull","conditional_positive_numeric_count","active_minus_pre14","lmerTest_lmer_REML_random_slope",6644,55,0.237950373332478,0.0565964945051809,0.127023282451104,0.348877464213851,2.61855974207224e-05,"completed",0.0565964945051809,19.7870440642542,0.119810647581723,0.356090099083233,0.000445102708816786,"completed","",0.0584064223778862,44.1385139462877,0.120250395962313,0.355650350702642,0.000189242684484198,"completed","",8.88000333309174,TRUE,FALSE,FALSE,"",0.00487141733174212,"completed",4.33659505844116,0.00266003608703613,427.819313049316,"blockaware_random_slope__fixed_49_species__conditional_positive_numeric_count","kenward_roger",0.0584064223778862,44.1385139462877,0.120250395962313,0.355650350702642,0.000189242684484198,"stronger: Kenward-Roger adjusted standard error and denominator df",1.26864623257788,1.12777920758746,1.42710847354334,"positive",0.000842990139975063,0.00181750272766854,0.000116644933965036,0.0007913784987521,TRUE
"post_stage4a_blockaware_v1","atx_c2d1fbbaf6d3","Red-breasted Merganser","checklist_reporting","active_minus_pre14","lme4_glmer_nAGQ0_random_slope",217092,58,-0.0918062521842808,0.0458693030903098,-0.18170843423724,-0.00190407013132184,0.0453412516317798,"completed",,,,,,"not_applicable_non_gaussian","",,,,,,"not_applicable_binomial_glmm","",9480.72436845303,TRUE,TRUE,FALSE,"boundary (singular) fit: see help('isSingular')",,"completed_with_singular_warning",251.07858300209,0.00308895111083984,,"blockaware_random_slope__fixed_49_species__checklist_reporting","wald",0.0458693030903098,Inf,-0.18170843423724,-0.00190407013132184,0.0453412516317798,"weaker: prespecified Wald on the random-slope binomial fit",0.912281885046027,0.833844425462308,0.998097741460229,"negative",0.0990378553301546,0.0990378553301546,0.0990378553301546,0.0970166746091311,FALSE
"post_stage4a_blockaware_v1","atx_c2d1fbbaf6d3","Red-breasted Merganser","conditional_positive_numeric_count","active_minus_pre14","lmerTest_lmer_REML_random_slope",13364,55,0.125343668607289,0.0310986928222034,0.0643913507094965,0.186295986505082,5.56553807136259e-05,"completed",0.0310986928222034,33.4989186313842,0.0621086811508002,0.188578656063779,0.000302481576257845,"completed","",,,,,,"skipped_dense_inverse_memory_infeasible","pbkrtest forms a dense 13364 by 13364 inverse of the marginal covariance; projected working set 35.9 GB exceeds the 12.0 GB budget (row cap 7723)",35.927484869957,TRUE,FALSE,FALSE,"",0.0327491216012277,"completed",10.0751519203186,0.00281786918640137,,"blockaware_random_slope__fixed_49_species__conditional_positive_numeric_count","satterthwaite_denominator_df",0.0310986928222034,33.4989186313842,0.0621086811508002,0.188578656063779,0.000302481576257845,"intermediate: Satterthwaite denominator df, standard error not Kenward-Roger adjusted",1.13353794754222,1.06407798366384,1.20753205896999,"positive",0.00123513310305287,0.00134741793060313,0.000227259471247306,0.00115951270898841,TRUE
"post_stage4a_blockaware_v1","atx_c34f23342a55","Pacific Loon","checklist_reporting","active_minus_pre14","lme4_glmer_nAGQ0_random_slope",217200,58,-0.0431541928743541,0.0618583562674164,-0.164394343301338,0.0780859575526296,0.485409143070383,"completed",,,,,,"not_applicable_non_gaussian","",,,,,,"not_applicable_binomial_glmm","",9490.15974998474,TRUE,FALSE,FALSE,"",,"completed",688.00922203064,0.0020301342010498,,"blockaware_random_slope__fixed_49_species__checklist_reporting","wald",0.0618583562674164,Inf,-0.164394343301338,0.0780859575526296,0.485409143070383,"weaker: prespecified Wald on the random-slope binomial fit",0.957763698343218,0.84840739213315,1.08121559332208,"negative",0.642839135417535,0.642839135417535,0.642839135417535,0.629719969388605,FALSE
"post_stage4a_blockaware_v1","atx_c34f23342a55","Pacific Loon","conditional_positive_numeric_count","active_minus_pre14","lmerTest_lmer_REML_random_slope",6049,50,0.327151149219841,0.0699137584612874,0.190122700611886,0.464179597827797,2.87781725534581e-06,"completed",0.0699137584612874,38.1372606985922,0.185634871032945,0.468667427406738,3.57140860397863e-05,"completed","",0.07242958373964,59.0017650267533,0.182219977634974,0.472082320804709,3.06384335463716e-05,"completed","",7.36073275655508,TRUE,TRUE,FALSE,"boundary (singular) fit: see help('isSingular')",0.00242784153670073,"completed_with_singular_warning",3.63651990890503,0.00413894653320312,327.411916971207,"blockaware_random_slope__fixed_49_species__conditional_positive_numeric_count","kenward_roger",0.07242958373964,59.0017650267533,0.182219977634974,0.472082320804709,3.06384335463716e-05,"stronger: Kenward-Roger adjusted standard error and denominator df",1.38701110698394,1.19987811120001,1.60332936565766,"positive",0.0002403609460324,0.000249998602278504,2.01447207874206e-05,0.000225644969744702,TRUE
"post_stage4a_blockaware_v1","atx_c9db024faf12","American Crow","checklist_reporting","active_minus_pre14","lme4_glmer_nAGQ0_random_slope",217200,58,0.0449206704501112,0.0280933490840024,-0.0101412819596448,0.0999826228598672,0.10982530657728,"completed",,,,,,"not_applicable_non_gaussian","",,,,,,"not_applicable_binomial_glmm","",9490.15974998474,TRUE,FALSE,FALSE,"",,"completed",194.252235889435,0.00311899185180664,,"blockaware_random_slope__fixed_49_species__checklist_reporting","wald",0.0280933490840024,Inf,-0.0101412819596448,0.0999826228598672,0.10982530657728,"weaker: prespecified Wald on the random-slope binomial fit",1.04594488228075,0.989909967449035,1.10515171353259,"positive",0.206978462395644,0.206978462395644,0.206978462395644,0.202754412142672,FALSE
"post_stage4a_blockaware_v1","atx_c9db024faf12","American Crow","conditional_positive_numeric_count","active_minus_pre14","lmerTest_lmer_REML_random_slope",112180,58,0.00427980632697155,0.0144161118734994,-0.0239752537421875,0.0325348663961306,0.76656071912154,"completed",0.0144161118734994,41.9343329869696,-0.0248144350459819,0.033374047699925,0.768026292947286,"completed","",,,,,,"skipped_dense_inverse_memory_infeasible","pbkrtest forms a dense 112180 by 112180 inverse of the marginal covariance; projected working set 2531.5 GB exceeds the 12.0 GB budget (row cap 7723)",2531.53975903988,TRUE,FALSE,FALSE,"",0.0741478288546205,"completed",91.3273711204529,0.00288915634155273,,"blockaware_random_slope__fixed_49_species__conditional_positive_numeric_count","satterthwaite_denominator_df",0.0144161118734994,41.9343329869696,-0.0248144350459819,0.033374047699925,0.768026292947286,"intermediate: Satterthwaite denominator df, standard error not Kenward-Roger adjusted",1.00428897777741,0.975490912160433,1.03393720875518,"positive",0.955154854382643,0.934856739310185,0.931565814245643,0.896675985746971,FALSE
"post_stage4a_blockaware_v1","atx_d002764a39e8","Lesser Scaup","checklist_reporting","active_minus_pre14","lme4_glmer_nAGQ0_random_slope",216290,58,0.342724392465005,0.109956791856714,0.127213040570279,0.558235744359731,0.00182763172204605,"completed",,,,,,"not_applicable_non_gaussian","",,,,,,"not_applicable_binomial_glmm","",9410.8047388494,TRUE,FALSE,FALSE,"",,"completed",355.247911930084,0.00225377082824707,,"blockaware_random_slope__fixed_49_species__checklist_reporting","wald",0.109956791856714,Inf,0.127213040570279,0.558235744359731,0.00182763172204605,"weaker: prespecified Wald on the random-slope binomial fit",1.40878043791255,1.13565893343847,1.74758658943145,"positive",0.0081412685800233,0.0081412685800233,0.0081412685800233,0.00797512024165548,TRUE
"post_stage4a_blockaware_v1","atx_d002764a39e8","Lesser Scaup","conditional_positive_numeric_count","active_minus_pre14","lmerTest_lmer_REML_random_slope",9378,49,0.014169838509351,0.0643425579263032,-0.111939257699385,0.140278934718087,0.825695943205674,"completed",0.0643425579263032,53.3717845540599,-0.114864006872954,0.143203683891656,0.82653616449047,"completed","",,,,,,"skipped_dense_inverse_memory_infeasible","pbkrtest forms a dense 9378 by 9378 inverse of the marginal covariance; projected working set 17.7 GB exceeds the 12.0 GB budget (row cap 7723)",17.6918943822384,TRUE,FALSE,FALSE,"",0.0163537697517313,"completed",4.96687388420105,0.00346899032592773,,"blockaware_random_slope__fixed_49_species__conditional_positive_numeric_count","satterthwaite_denominator_df",0.0643425579263032,53.3717845540599,-0.114864006872954,0.143203683891656,0.82653616449047,"intermediate: Satterthwaite denominator df, standard error not Kenward-Roger adjusted",1.01427070653582,0.891487371818979,1.15396482177603,"positive",0.955154854382643,0.952243836471824,0.951970678486671,0.896675985746971,FALSE
"post_stage4a_blockaware_v1","atx_d7dd9536145c","Barrow's Goldeneye","checklist_reporting","active_minus_pre14","lme4_glmer_nAGQ0_random_slope",216814,58,0.0361500018638374,0.0624265650811415,-0.0862038173737457,0.158503821101421,0.562534907331471,"completed",,,,,,"not_applicable_non_gaussian","",,,,,,"not_applicable_binomial_glmm","",9456.45858415961,TRUE,FALSE,FALSE,"",,"completed",371.283065080643,0.0379531383514404,,"blockaware_random_slope__fixed_49_species__checklist_reporting","wald",0.0624265650811415,Inf,-0.0862038173737457,0.158503821101421,0.562534907331471,"weaker: prespecified Wald on the random-slope binomial fit",1.03681135846331,0.917407228631615,1.1717564016167,"positive",0.689105261481052,0.689105261481052,0.689105261481052,0.675041888797766,FALSE
"post_stage4a_blockaware_v1","atx_d7dd9536145c","Barrow's Goldeneye","conditional_positive_numeric_count","active_minus_pre14","lmerTest_lmer_REML_random_slope",10960,55,0.00806707871037951,0.0477042617181763,-0.0854315561663188,0.101565713587078,0.865713235439037,"completed",0.0477042617181763,35.2752394079187,-0.0887507163754029,0.104884873796162,0.866679238497154,"completed","",,,,,,"skipped_dense_inverse_memory_infeasible","pbkrtest forms a dense 10960 by 10960 inverse of the marginal covariance; projected working set 24.2 GB exceeds the 12.0 GB budget (row cap 7723)",24.164342880249,TRUE,FALSE,FALSE,"",0.0238392385654151,"completed",8.4760410785675,0.00630021095275879,,"blockaware_random_slope__fixed_49_species__conditional_positive_numeric_count","satterthwaite_denominator_df",0.0477042617181763,35.2752394079187,-0.0887507163754029,0.104884873796162,0.866679238497154,"intermediate: Satterthwaite denominator df, standard error not Kenward-Roger adjusted",1.00809970526449,0.915073658022657,1.11058274581999,"positive",0.955154854382643,0.952243836471824,0.951970678486671,0.896675985746971,FALSE
"post_stage4a_blockaware_v1","atx_e0e678a61ad7","Short-billed Gull","checklist_reporting","active_minus_pre14","lme4_glmer_nAGQ0_random_slope",217200,58,0.212849313772942,0.0395474137431108,0.135337807154741,0.290360820391144,7.3609655515185e-08,"completed",,,,,,"not_applicable_non_gaussian","",,,,,,"not_applicable_binomial_glmm","",9490.15974998474,TRUE,FALSE,FALSE,"",,"completed",475.400765895844,0.00252795219421387,,"blockaware_random_slope__fixed_49_species__checklist_reporting","wald",0.0395474137431108,Inf,0.135337807154741,0.290360820391144,7.3609655515185e-08,"weaker: prespecified Wald on the random-slope binomial fit",1.23719820846662,1.14492348237693,1.33690978532055,"positive",1.80343656012203e-06,1.80343656012203e-06,1.80343656012203e-06,1.76663173236444e-06,TRUE
"post_stage4a_blockaware_v1","atx_e0e678a61ad7","Short-billed Gull","conditional_positive_numeric_count","active_minus_pre14","lmerTest_lmer_REML_random_slope",22003,57,0.287918209729847,0.0468315499073895,0.196130058571173,0.37970636088852,7.84888385567973e-10,"completed",0.0468315499073895,32.6679291977653,0.192601898185655,0.383234521274038,6.50737048722156e-07,"completed","",,,,,,"skipped_dense_inverse_memory_infeasible","pbkrtest forms a dense 22003 by 22003 inverse of the marginal covariance; projected working set 97.4 GB exceeds the 12.0 GB budget (row cap 7723)",97.3907429203391,TRUE,FALSE,FALSE,"",0.0194293534150347,"completed",15.5536861419678,0.00365805625915527,,"blockaware_random_slope__fixed_49_species__conditional_positive_numeric_count","satterthwaite_denominator_df",0.0468315499073895,32.6679291977653,0.192601898185655,0.383234521274038,6.50737048722156e-07,"intermediate: Satterthwaite denominator df, standard error not Kenward-Roger adjusted",1.33364822021422,1.21240003877758,1.46702203760558,"positive",7.9715288468464e-06,7.9715288468464e-06,1.28198436309436e-08,7.48347606030479e-06,TRUE
"post_stage4a_blockaware_v1","atx_ebf17f77fb66","Western Grebe","checklist_reporting","active_minus_pre14","lme4_glmer_nAGQ0_random_slope",217186,58,-0.195139449758279,0.140002591051027,-0.469539485960582,0.0792605864440244,0.163369726968998,"completed",,,,,,"not_applicable_non_gaussian","",,,,,,"not_applicable_binomial_glmm","",9488.93638023734,TRUE,FALSE,FALSE,"",,"completed",305.183705091476,0.00194382667541504,,"blockaware_random_slope__fixed_49_species__checklist_reporting","wald",0.140002591051027,Inf,-0.469539485960582,0.0792605864440244,0.163369726968998,"weaker: prespecified Wald on the random-slope binomial fit",0.822719921961995,0.625290156885197,1.0824863665932,"negative",0.285897022195746,0.285897022195746,0.285897022195746,0.280062389089711,FALSE
"post_stage4a_blockaware_v1","atx_ebf17f77fb66","Western Grebe","conditional_positive_numeric_count","active_minus_pre14","lmerTest_lmer_REML_random_slope",1346,48,0.147936367710133,0.198760852627053,-0.241627744975364,0.53750048039563,0.456699063484205,"completed",0.198760852627053,98.6403740442292,-0.246466073571627,0.542338808991893,0.458468519450384,"completed","",0.205656971325626,113.551477282856,-0.25948577050715,0.555358505927416,0.473412041239814,"completed","",0.364455074071884,TRUE,TRUE,FALSE,"boundary (singular) fit: see help('isSingular')",4.96561372074211,"completed_with_singular_warning",0.897547006607056,0.00425601005554199,5.4147310256958,"blockaware_random_slope__fixed_49_species__conditional_positive_numeric_count","kenward_roger",0.205656971325626,113.551477282856,-0.25948577050715,0.555358505927416,0.473412041239814,"stronger: Kenward-Roger adjusted standard error and denominator df",1.15943911624967,0.771448185232318,1.74256559289849,"positive",0.669396868625446,0.660734042737319,0.658183944433119,0.628413386872867,FALSE
"post_stage4a_blockaware_v1","atx_fadb8da1a816","Bonaparte's Gull","checklist_reporting","active_minus_pre14","lme4_glmer_nAGQ0_random_slope",217200,58,0.557499443922688,0.126116525954341,0.310315595196868,0.804683292648508,9.8467940273173e-06,"completed",,,,,,"not_applicable_non_gaussian","",,,,,,"not_applicable_binomial_glmm","",9490.15974998474,TRUE,FALSE,FALSE,"",,"completed",595.620712995529,0.00200080871582031,,"blockaware_random_slope__fixed_49_species__checklist_reporting","wald",0.126116525954341,Inf,0.310315595196868,0.804683292648508,9.8467940273173e-06,"weaker: prespecified Wald on the random-slope binomial fit",1.74630031426247,1.36385547245542,2.23598823275821,"positive",0.000120623226834637,0.000120623226834637,0.000120623226834637,0.000118161528327808,TRUE
"post_stage4a_blockaware_v1","atx_fadb8da1a816","Bonaparte's Gull","conditional_positive_numeric_count","active_minus_pre14","lmerTest_lmer_REML_random_slope",4025,47,0.342308397974422,0.177582296067173,-0.00574650660916659,0.69036330255801,0.0539043632919899,"completed",0.177582296067173,143.378552141387,-0.00870923263248263,0.693326028581326,0.0558815000056461,"completed","",0.1808518194267,156.426355346158,-0.0149183305911512,0.699535126539995,0.0602374381847915,"completed","",3.25900968164206,TRUE,FALSE,FALSE,"",0.00586274836678058,"completed",2.30288791656494,0.00262594223022461,107.416702032089,"blockaware_random_slope__fixed_49_species__conditional_positive_numeric_count","kenward_roger",0.1808518194267,156.426355346158,-0.0149183305911512,0.699535126539995,0.0602374381847915,"stronger: Kenward-Roger adjusted standard error and denominator df",1.40819451489077,0.985192396398205,2.01281678484141,"positive",0.163979692836377,0.152121861126481,0.13901651585829,0.153940119805578,FALSE
"post_stage4a_blockaware_v1","atx_fc0a9b777dcd","Bald Eagle","checklist_reporting","active_minus_pre14","lme4_glmer_nAGQ0_random_slope",217199,58,0.0543543976198855,0.0239486304779691,0.00741594440400779,0.101292850835763,0.0232303779787495,"completed",,,,,,"not_applicable_non_gaussian","",,,,,,"not_applicable_binomial_glmm","",9490.0723638162,TRUE,TRUE,FALSE,"boundary (singular) fit: see help('isSingular')",,"completed_with_singular_warning",161.649793863297,0.00234317779541016,,"blockaware_random_slope__fixed_49_species__checklist_reporting","wald",0.0239486304779691,Inf,0.00741594440400779,0.101292850835763,0.0232303779787495,"weaker: prespecified Wald on the random-slope binomial fit",1.05585872967695,1.00744351062075,1.10660066324521,"positive",0.0632382511643736,0.0632382511643736,0.0632382511643736,0.0619476746099986,FALSE
"post_stage4a_blockaware_v1","atx_fc0a9b777dcd","Bald Eagle","conditional_positive_numeric_count","active_minus_pre14","lmerTest_lmer_REML_random_slope",83359,58,0.0706982715403663,0.0087945346114533,0.0534613004411269,0.0879352426396057,9.0658000659544e-16,"completed",0.0087945346114533,76.6009813199978,0.0531846599430561,0.0882118831376765,8.83705221523419e-12,"completed","",,,,,,"skipped_dense_inverse_memory_infeasible","pbkrtest forms a dense 83359 by 83359 inverse of the marginal covariance; projected working set 1397.8 GB exceeds the 12.0 GB budget (row cap 7723)",1397.84453650564,TRUE,FALSE,FALSE,"",0.0786248710937798,"completed",64.3893940448761,0.00364589691162109,,"blockaware_random_slope__fixed_49_species__conditional_positive_numeric_count","satterthwaite_denominator_df",0.0087945346114533,76.6009813199978,0.0531846599430561,0.0882118831376765,8.83705221523419e-12,"intermediate: Satterthwaite denominator df, standard error not Kenward-Roger adjusted",1.07325734472332,1.05462437401634,1.09221952041164,"positive",4.33015558546475e-10,4.33015558546475e-10,4.44224203231765e-14,4.06504401900773e-10,TRUE
"post_stage4a_blockaware_v1","atx_v2_000002","Black Oystercatcher","checklist_reporting","active_minus_pre14","lme4_glmer_nAGQ0_random_slope",217200,58,-0.177262683218712,0.0640287888166811,-0.302756803273128,-0.0517685631642963,0.00563177350632158,"completed",,,,,,"not_applicable_non_gaussian","",,,,,,"not_applicable_binomial_glmm","",9490.15974998474,TRUE,FALSE,FALSE,"",,"completed",693.13308095932,0.00287103652954102,,"blockaware_random_slope__fixed_49_species__checklist_reporting","wald",0.0640287888166811,Inf,-0.302756803273128,-0.0517685631642963,0.00563177350632158,"weaker: prespecified Wald on the random-slope binomial fit",0.837559742734531,0.738778743097053,0.949548601938291,"negative",0.021227453985366,0.021227453985366,0.021227453985366,0.0207942406387258,TRUE
"post_stage4a_blockaware_v1","atx_v2_000002","Black Oystercatcher","conditional_positive_numeric_count","active_minus_pre14","lmerTest_lmer_REML_random_slope",13626,54,-0.00444505358308474,0.0238737279764643,-0.051236700593661,0.0423465934274915,0.852295628680078,"completed",0.0238737279764643,27.5458262902289,-0.0533845198541845,0.044494412688015,0.853660031317091,"completed","",,,,,,"skipped_dense_inverse_memory_infeasible","pbkrtest forms a dense 13626 by 13626 inverse of the marginal covariance; projected working set 37.4 GB exceeds the 12.0 GB budget (row cap 7723)",37.3500038087368,TRUE,FALSE,FALSE,"",0.0181376890395768,"completed",8.99275016784668,0.00368690490722656,,"blockaware_random_slope__fixed_49_species__conditional_positive_numeric_count","satterthwaite_denominator_df",0.0238737279764643,27.5458262902289,-0.0533845198541845,0.044494412688015,0.853660031317091,"intermediate: Satterthwaite denominator df, standard error not Kenward-Roger adjusted",0.995564811045913,0.948015411640811,1.04549913516429,"negative",0.955154854382643,0.952243836471824,0.951970678486671,0.896675985746971,FALSE
"post_stage4a_blockaware_v1","atx_v2_000003","Dunlin","checklist_reporting","active_minus_pre14","lme4_glmer_nAGQ0_random_slope",217200,58,-0.0567123279692339,0.060254846877149,-0.174809657742422,0.0613850018039538,0.346598413480145,"completed",,,,,,"not_applicable_non_gaussian","",,,,,,"not_applicable_binomial_glmm","",9490.15974998474,TRUE,FALSE,FALSE,"",,"completed",469.012124061584,0.00194621086120605,,"blockaware_random_slope__fixed_49_species__checklist_reporting","wald",0.060254846877149,Inf,-0.174809657742422,0.0613850018039538,0.346598413480145,"weaker: prespecified Wald on the random-slope binomial fit",0.94486584174949,0.839616820121483,1.06330821097152,"negative",0.520024732087948,0.520024732087948,0.520024732087948,0.5094119824535,FALSE
"post_stage4a_blockaware_v1","atx_v2_000003","Dunlin","conditional_positive_numeric_count","active_minus_pre14","lmerTest_lmer_REML_random_slope",5908,43,0.00713153894556359,0.0740108326588679,-0.137927027531638,0.152190105422765,0.923236214385361,"completed",0.0740108326588679,41.3156575833519,-0.142301697265009,0.156564775156136,0.923702108645148,"completed","",0.076958409253698,85.2579613635781,-0.145875713182417,0.160138791073544,0.926385168681167,"completed","",7.02158010005951,TRUE,FALSE,FALSE,"",0.0120559161587153,"completed",3.54413509368896,0.00246810913085938,308.69343495369,"blockaware_random_slope__fixed_49_species__conditional_positive_numeric_count","kenward_roger",0.076958409253698,85.2579613635781,-0.145875713182417,0.160138791073544,0.926385168681167,"stronger: Kenward-Roger adjusted standard error and denominator df",1.00715702892767,0.864265113270152,1.17367375512858,"positive",0.986801592725591,0.98394355051331,0.983447271845276,0.926385168681167,FALSE
"post_stage4a_blockaware_v1","atx_v2_000006","Black-bellied Plover","checklist_reporting","active_minus_pre14","lme4_glmer_nAGQ0_random_slope",217200,58,-0.0261578560530516,0.0657560458982882,-0.155037337779459,0.102721625673356,0.690776485023797,"completed",,,,,,"not_applicable_non_gaussian","",,,,,,"not_applicable_binomial_glmm","",9490.15974998474,TRUE,TRUE,FALSE,"boundary (singular) fit: see help('isSingular')",,"completed_with_singular_warning",691.37750005722,0.00407004356384277,,"blockaware_random_slope__fixed_49_species__checklist_reporting","wald",0.0657560458982882,Inf,-0.155037337779459,0.102721625673356,0.690776485023797,"weaker: prespecified Wald on the random-slope binomial fit",0.974181297056016,0.856383201439552,1.10818287647219,"negative",0.80590589919443,0.80590589919443,0.80590589919443,0.789458840027197,FALSE
"post_stage4a_blockaware_v1","atx_v2_000006","Black-bellied Plover","conditional_positive_numeric_count","active_minus_pre14","lmerTest_lmer_REML_random_slope",3973,35,-0.0422636160343939,0.056121361188364,-0.152259462726951,0.0677322306581636,0.451404611304851,"completed",0.056121361188364,1511.24892014694,-0.152347628195398,0.0678203961266101,0.4515219061038,"completed","",0.0592991526251565,78.2193671195092,-0.160313945463464,0.0757867133946764,0.478140620446747,"completed","",3.17534568160772,TRUE,TRUE,FALSE,"boundary (singular) fit: see help('isSingular')",0.00682717654854059,"completed_with_singular_warning",1.93848299980164,0.00243377685546875,108.501955032349,"blockaware_random_slope__fixed_49_species__conditional_positive_numeric_count","kenward_roger",0.0592991526251565,78.2193671195092,-0.160313945463464,0.0757867133946764,0.478140620446747,"stronger: Kenward-Roger adjusted standard error and denominator df",0.95861704043807,0.851876304279445,1.07873247043246,"negative",0.669396868625446,0.660734042737319,0.658183944433119,0.628413386872867,FALSE
"post_stage4a_blockaware_v1","atx_v2_000007","Common Raven","checklist_reporting","active_minus_pre14","lme4_glmer_nAGQ0_random_slope",217200,58,-0.0610461178934358,0.0254049615944864,-0.110838927647252,-0.0112533081396192,0.0162646968940928,"completed",,,,,,"not_applicable_non_gaussian","",,,,,,"not_applicable_binomial_glmm","",9490.15974998474,TRUE,FALSE,FALSE,"",,"completed",174.360711812973,0.00214004516601562,,"blockaware_random_slope__fixed_49_species__checklist_reporting","wald",0.0254049615944864,Inf,-0.110838927647252,-0.0112533081396192,0.0162646968940928,"weaker: prespecified Wald on the random-slope binomial fit",0.94077985199058,0.89508291042879,0.988809773485035,"negative",0.0498106342381592,0.0498106342381592,0.0498106342381592,0.0487940906822784,TRUE
"post_stage4a_blockaware_v1","atx_v2_000007","Common Raven","conditional_positive_numeric_count","active_minus_pre14","lmerTest_lmer_REML_random_slope",60940,57,0.00517508964360752,0.00952025500586734,-0.0134842672915296,0.0238344465787447,0.586725506213861,"completed",0.00952025500586734,268.025808796623,-0.0135689054895405,0.0239190847767556,0.587177341005176,"completed","",,,,,,"skipped_dense_inverse_memory_infeasible","pbkrtest forms a dense 60940 by 60940 inverse of the marginal covariance; projected working set 747.1 GB exceeds the 12.0 GB budget (row cap 7723)",747.065672278404,TRUE,TRUE,FALSE,"boundary (singular) fit: see help('isSingular')",0.209740464924835,"completed_with_singular_warning",37.9596560001373,0.00256586074829102,,"blockaware_random_slope__fixed_49_species__conditional_positive_numeric_count","satterthwaite_denominator_df",0.00952025500586734,268.025808796623,-0.0135689054895405,0.0239190847767556,0.587177341005176,"intermediate: Satterthwaite denominator df, standard error not Kenward-Roger adjusted",1.00518850354942,0.986522737143545,1.02420744056395,"positive",0.799213603034823,0.799213603034823,0.798598605679978,0.750282157951059,FALSE
"post_stage4a_blockaware_v1","atx_v2_000011","Glaucous Gull","checklist_reporting","active_minus_pre14","lme4_glmer_nAGQ0_random_slope",217200,58,0.979935604523616,0.297813305303396,0.396232252012128,1.5636389570351,0.00100032273970011,"completed",,,,,,"not_applicable_non_gaussian","",,,,,,"not_applicable_binomial_glmm","",9490.15974998474,TRUE,TRUE,FALSE,"boundary (singular) fit: see help('isSingular')",,"completed_with_singular_warning",401.190962076187,0.00168704986572266,,"blockaware_random_slope__fixed_49_species__checklist_reporting","wald",0.297813305303396,Inf,0.396232252012128,1.5636389570351,0.00100032273970011,"weaker: prespecified Wald on the random-slope binomial fit",2.66428466852475,1.48621445376789,4.77616993761563,"positive",0.0054462015828117,0.0054462015828117,0.0054462015828117,0.00533505461173391,TRUE
"post_stage4a_blockaware_v1","atx_v2_000011","Glaucous Gull","conditional_positive_numeric_count","active_minus_pre14","lmerTest_lmer_REML_random_slope",185,,,,,,,"not_attempted",,,,,,"not_attempted","",,,,,,"not_attempted","",,FALSE,,,"failed_insufficient_support",,"failed_insufficient_support",,,,"blockaware_random_slope__fixed_49_species__conditional_positive_numeric_count","none",,,,,,"weaker: Wald only",,,,,1,1,1,,FALSE
