"model_version_id","analysis_taxon_id","unit_label","region","outcome","band","band_label","contrast","contrast_type","period","minimum_day","maximum_day","estimate","standard_error","conf_low","conf_high","ratio","ratio_conf_low","ratio_conf_high","p_value","n","status"
"SOG_GLAUCOUS_WINGED_GULL_DISTANCE_BAND_v1","atx_725074cbfcb6","Glaucous-winged Gull","SoG","detection","band_0_2","0–<2 km","within_band_0_2_early_pre_minus_baseline","within_band_period_minus_baseline","early_pre",-14,-8,-0.0258296821759457,0.0729152444567173,-0.168740935235045,0.117081570883154,0.974501050373748,0.844727714228458,1.12421112884513,0.723157117595513,217037,"completed"
"SOG_GLAUCOUS_WINGED_GULL_DISTANCE_BAND_v1","atx_725074cbfcb6","Glaucous-winged Gull","SoG","detection","band_0_2","0–<2 km","within_band_0_2_immediate_pre_minus_baseline","within_band_period_minus_baseline","immediate_pre",-7,-1,0.0079257644120766,0.0724535585328902,-0.134080600864153,0.149932129688306,1.00795725642728,0.874519574729158,1.16175539135196,0.912892402623464,217037,"completed"
"SOG_GLAUCOUS_WINGED_GULL_DISTANCE_BAND_v1","atx_725074cbfcb6","Glaucous-winged Gull","SoG","detection","band_0_2","0–<2 km","within_band_0_2_spawn_start_minus_baseline","within_band_period_minus_baseline","spawn_start",0,3,0.278082336552088,0.0827385858355525,0.115917688182629,0.440246984921547,1.32059492596577,1.1229034401063,1.55309076114456,0.000776677939336981,217037,"completed"
"SOG_GLAUCOUS_WINGED_GULL_DISTANCE_BAND_v1","atx_725074cbfcb6","Glaucous-winged Gull","SoG","detection","band_0_2","0–<2 km","within_band_0_2_early_egg_minus_baseline","within_band_period_minus_baseline","early_egg",4,14,0.151341037449787,0.06129968736735,0.031195857946216,0.271486216953358,1.16339335113595,1.03168754830422,1.3119127895767,0.0135539964921593,217037,"completed"
"SOG_GLAUCOUS_WINGED_GULL_DISTANCE_BAND_v1","atx_725074cbfcb6","Glaucous-winged Gull","SoG","detection","band_0_2","0–<2 km","within_band_0_2_late_egg_minus_baseline","within_band_period_minus_baseline","late_egg",15,28,0.02910755181834,0.0588762767821945,-0.0862878302185729,0.144502933855253,1.0295353169162,0.917330157877985,1.15546508492609,0.621034260817098,217037,"completed"
"SOG_GLAUCOUS_WINGED_GULL_DISTANCE_BAND_v1","atx_725074cbfcb6","Glaucous-winged Gull","SoG","detection","band_0_2","0–<2 km","within_band_0_2_active_0_14_minus_baseline","within_band_duration_weighted_active_minus_baseline","active_0_14",0,14,0.185138717210401,0.0561022930206507,0.0751802434398122,0.295097190980989,1.20338535881019,1.07807844994175,1.34325690479852,0.000966777652911212,217037,"completed"
"SOG_GLAUCOUS_WINGED_GULL_DISTANCE_BAND_v1","atx_725074cbfcb6","Glaucous-winged Gull","SoG","detection","band_2_4","2–<4 km","within_band_2_4_early_pre_minus_baseline","within_band_period_minus_baseline","early_pre",-14,-8,-0.0904762106763378,0.0562685375393488,-0.200760517716201,0.0198080963635259,0.913496065096023,0.818108330547148,1.02000557846395,0.10784918272253,217037,"completed"
"SOG_GLAUCOUS_WINGED_GULL_DISTANCE_BAND_v1","atx_725074cbfcb6","Glaucous-winged Gull","SoG","detection","band_2_4","2–<4 km","within_band_2_4_immediate_pre_minus_baseline","within_band_period_minus_baseline","immediate_pre",-7,-1,-0.0691486214022293,0.0563838713550802,-0.179658978567126,0.0413617357626676,0.93318797806557,0.835555105030258,1.0422290488843,0.220051911261587,217037,"completed"
"SOG_GLAUCOUS_WINGED_GULL_DISTANCE_BAND_v1","atx_725074cbfcb6","Glaucous-winged Gull","SoG","detection","band_2_4","2–<4 km","within_band_2_4_spawn_start_minus_baseline","within_band_period_minus_baseline","spawn_start",0,3,-0.0100964455942168,0.0658528742757046,-0.139165707453042,0.118972816264608,0.989954352409099,0.870083837135208,1.12633929976271,0.878147331522842,217037,"completed"
"SOG_GLAUCOUS_WINGED_GULL_DISTANCE_BAND_v1","atx_725074cbfcb6","Glaucous-winged Gull","SoG","detection","band_2_4","2–<4 km","within_band_2_4_early_egg_minus_baseline","within_band_period_minus_baseline","early_egg",4,14,-0.0977676625269026,0.0467237252312392,-0.189344481203677,-0.0061908438501284,0.906859576741873,0.827501398912475,0.993828279939178,0.0363971253997886,217037,"completed"
"SOG_GLAUCOUS_WINGED_GULL_DISTANCE_BAND_v1","atx_725074cbfcb6","Glaucous-winged Gull","SoG","detection","band_2_4","2–<4 km","within_band_2_4_late_egg_minus_baseline","within_band_period_minus_baseline","late_egg",15,28,-0.111336889589659,0.0434048334576937,-0.196408799921697,-0.0262649792576198,0.894637304160788,0.821676264817921,0.974076945222996,0.0103151886054824,217037,"completed"
"SOG_GLAUCOUS_WINGED_GULL_DISTANCE_BAND_v1","atx_725074cbfcb6","Glaucous-winged Gull","SoG","detection","band_2_4","2–<4 km","within_band_2_4_active_0_14_minus_baseline","within_band_duration_weighted_active_minus_baseline","active_0_14",0,14,-0.0743886713448531,0.0430959902331906,-0.158855260079997,0.0100779173902904,0.928310815901115,0.853119830529308,1.0101288706234,0.0843265748458615,217037,"completed"
"SOG_GLAUCOUS_WINGED_GULL_DISTANCE_BAND_v1","atx_725074cbfcb6","Glaucous-winged Gull","SoG","detection","band_4_6","4–<6 km","within_band_4_6_early_pre_minus_baseline","within_band_period_minus_baseline","early_pre",-14,-8,0.00862989960283253,0.0465732096082617,-0.0826519138737952,0.0999117130794602,1.00866724453679,0.920671564448869,1.10507335024567,0.852995693812914,217037,"completed"
"SOG_GLAUCOUS_WINGED_GULL_DISTANCE_BAND_v1","atx_725074cbfcb6","Glaucous-winged Gull","SoG","detection","band_4_6","4–<6 km","within_band_4_6_immediate_pre_minus_baseline","within_band_period_minus_baseline","immediate_pre",-7,-1,0.0286074479085052,0.0483522930239839,-0.0661613049884305,0.123376200805441,1.02902057100285,0.935979873891465,1.13130994061291,0.554087564773715,217037,"completed"
"SOG_GLAUCOUS_WINGED_GULL_DISTANCE_BAND_v1","atx_725074cbfcb6","Glaucous-winged Gull","SoG","detection","band_4_6","4–<6 km","within_band_4_6_spawn_start_minus_baseline","within_band_period_minus_baseline","spawn_start",0,3,-0.0283533048491103,0.059297591769792,-0.144574449087861,0.0878678393896408,0.972044877957748,0.865390482472698,1.09184381374763,0.632541510408858,217037,"completed"
"SOG_GLAUCOUS_WINGED_GULL_DISTANCE_BAND_v1","atx_725074cbfcb6","Glaucous-winged Gull","SoG","detection","band_4_6","4–<6 km","within_band_4_6_early_egg_minus_baseline","within_band_period_minus_baseline","early_egg",4,14,0.0221830761527292,0.0423250825017568,-0.0607725611934005,0.105138713498859,1.02243095006191,0.941037243826376,1.11086469159701,0.600200765684753,217037,"completed"
"SOG_GLAUCOUS_WINGED_GULL_DISTANCE_BAND_v1","atx_725074cbfcb6","Glaucous-winged Gull","SoG","detection","band_4_6","4–<6 km","within_band_4_6_late_egg_minus_baseline","within_band_period_minus_baseline","late_egg",15,28,-0.00657803448491099,0.0387260600038797,-0.0824797173556523,0.0693236483858304,0.993443553422661,0.920830114537115,1.07178303386956,0.865119712638311,217037,"completed"
"SOG_GLAUCOUS_WINGED_GULL_DISTANCE_BAND_v1","atx_725074cbfcb6","Glaucous-winged Gull","SoG","detection","band_4_6","4–<6 km","within_band_4_6_active_0_14_minus_baseline","within_band_duration_weighted_active_minus_baseline","active_0_14",0,14,0.00870670788557202,0.0385948670879921,-0.0669378415950028,0.0843512573661468,1.00874472151109,0.935253333385532,1.08801099857404,0.821518468706206,217037,"completed"
"SOG_GLAUCOUS_WINGED_GULL_DISTANCE_BAND_v1","atx_725074cbfcb6","Glaucous-winged Gull","SoG","detection","band_6_8","6–<8 km","within_band_6_8_early_pre_minus_baseline","within_band_period_minus_baseline","early_pre",-14,-8,-0.00758992745446782,0.041433252709638,-0.0887976105277049,0.0736177556187693,0.992438803310821,0.915030747425306,1.07639528080166,0.854653297953907,217037,"completed"
"SOG_GLAUCOUS_WINGED_GULL_DISTANCE_BAND_v1","atx_725074cbfcb6","Glaucous-winged Gull","SoG","detection","band_6_8","6–<8 km","within_band_6_8_immediate_pre_minus_baseline","within_band_period_minus_baseline","immediate_pre",-7,-1,-0.0312361940449952,0.0418232236702377,-0.113208206156024,0.0507358180660338,0.969246615759139,0.892964720007931,1.05204492530478,0.455146612316239,217037,"completed"
"SOG_GLAUCOUS_WINGED_GULL_DISTANCE_BAND_v1","atx_725074cbfcb6","Glaucous-winged Gull","SoG","detection","band_6_8","6–<8 km","within_band_6_8_spawn_start_minus_baseline","within_band_period_minus_baseline","spawn_start",0,3,-0.171168674157036,0.0534378554943646,-0.275904946337047,-0.0664324019770256,0.842679423242055,0.758885062137928,0.935726166957414,0.00135940161130714,217037,"completed"
"SOG_GLAUCOUS_WINGED_GULL_DISTANCE_BAND_v1","atx_725074cbfcb6","Glaucous-winged Gull","SoG","detection","band_6_8","6–<8 km","within_band_6_8_early_egg_minus_baseline","within_band_period_minus_baseline","early_egg",4,14,-0.0858154215190877,0.0374669442089855,-0.159249282779471,-0.0123815602587046,0.917763615001263,0.852783748167096,0.987694775880211,0.0219963889802896,217037,"completed"
"SOG_GLAUCOUS_WINGED_GULL_DISTANCE_BAND_v1","atx_725074cbfcb6","Glaucous-winged Gull","SoG","detection","band_6_8","6–<8 km","within_band_6_8_late_egg_minus_baseline","within_band_period_minus_baseline","late_egg",15,28,-0.120073774196054,0.0347709545194511,-0.188223592762259,-0.0519239556298499,0.886855007288506,0.828429455692666,0.949401060703567,0.000553817826140885,217037,"completed"
"SOG_GLAUCOUS_WINGED_GULL_DISTANCE_BAND_v1","atx_725074cbfcb6","Glaucous-winged Gull","SoG","detection","band_6_8","6–<8 km","within_band_6_8_active_0_14_minus_baseline","within_band_duration_weighted_active_minus_baseline","active_0_14",0,14,-0.108576288889207,0.0343467992645554,-0.175894778431963,-0.041257799346452,0.897110452646387,0.83870622867884,0.959581718518016,0.00157133343778189,217037,"completed"
"SOG_GLAUCOUS_WINGED_GULL_DISTANCE_BAND_v1","atx_725074cbfcb6","Glaucous-winged Gull","SoG","detection","band_8_10","8–<10 km","within_band_8_10_early_pre_minus_baseline","within_band_period_minus_baseline","early_pre",-14,-8,-0.0210099686658146,0.0427683417556421,-0.104834378185374,0.0628144408537444,0.979209203111497,0.900473648316345,1.06482923209475,0.623249295393057,217037,"completed"
"SOG_GLAUCOUS_WINGED_GULL_DISTANCE_BAND_v1","atx_725074cbfcb6","Glaucous-winged Gull","SoG","detection","band_8_10","8–<10 km","within_band_8_10_immediate_pre_minus_baseline","within_band_period_minus_baseline","immediate_pre",-7,-1,-0.114264341903365,0.0431457237820902,-0.198828406603175,-0.0297002772035551,0.892022125887306,0.819690534749214,0.970736441791359,0.00808892609498083,217037,"completed"
"SOG_GLAUCOUS_WINGED_GULL_DISTANCE_BAND_v1","atx_725074cbfcb6","Glaucous-winged Gull","SoG","detection","band_8_10","8–<10 km","within_band_8_10_spawn_start_minus_baseline","within_band_period_minus_baseline","spawn_start",0,3,-0.154909153523473,0.0538072784262253,-0.260369481344994,-0.0494488257019523,0.856492983319072,0.770766749250721,0.951753862226066,0.00398985380713386,217037,"completed"
"SOG_GLAUCOUS_WINGED_GULL_DISTANCE_BAND_v1","atx_725074cbfcb6","Glaucous-winged Gull","SoG","detection","band_8_10","8–<10 km","within_band_8_10_early_egg_minus_baseline","within_band_period_minus_baseline","early_egg",4,14,-0.110441269896037,0.0375184448318013,-0.18397607052232,-0.0369064692697535,0.89543891786597,0.831955711854114,0.963766272896963,0.00324363808466743,217037,"completed"
"SOG_GLAUCOUS_WINGED_GULL_DISTANCE_BAND_v1","atx_725074cbfcb6","Glaucous-winged Gull","SoG","detection","band_8_10","8–<10 km","within_band_8_10_late_egg_minus_baseline","within_band_period_minus_baseline","late_egg",15,28,-0.0376423352159891,0.0343764615223195,-0.105018961715662,0.0297342912836841,0.963057330991702,0.900307451050518,1.03018076957448,0.273515236541666,217037,"completed"
"SOG_GLAUCOUS_WINGED_GULL_DISTANCE_BAND_v1","atx_725074cbfcb6","Glaucous-winged Gull","SoG","detection","band_8_10","8–<10 km","within_band_8_10_active_0_14_minus_baseline","within_band_duration_weighted_active_minus_baseline","active_0_14",0,14,-0.122299372196687,0.034399938960708,-0.189722013630051,-0.0548767307633227,0.884883419352338,0.827189049266286,0.946601827646559,0.000377662063114615,217037,"completed"
"SOG_GLAUCOUS_WINGED_GULL_DISTANCE_BAND_v1","atx_725074cbfcb6","Glaucous-winged Gull","SoG","detection","band_10_12","10–<12 km","within_band_10_12_early_pre_minus_baseline","within_band_period_minus_baseline","early_pre",-14,-8,-0.0290024084158337,0.0408053479290561,-0.10897942073341,0.0509746039017424,0.971414124894628,0.896748871742443,1.05229616872696,0.477239057582276,217037,"completed"
"SOG_GLAUCOUS_WINGED_GULL_DISTANCE_BAND_v1","atx_725074cbfcb6","Glaucous-winged Gull","SoG","detection","band_10_12","10–<12 km","within_band_10_12_immediate_pre_minus_baseline","within_band_period_minus_baseline","immediate_pre",-7,-1,-0.0021830117961695,0.0413339648466199,-0.0831960942337892,0.0788300706414503,0.997819369241156,0.920170689361045,1.08202043940802,0.957880110985609,217037,"completed"
"SOG_GLAUCOUS_WINGED_GULL_DISTANCE_BAND_v1","atx_725074cbfcb6","Glaucous-winged Gull","SoG","detection","band_10_12","10–<12 km","within_band_10_12_spawn_start_minus_baseline","within_band_period_minus_baseline","spawn_start",0,3,0.0125131953878847,0.050515928390201,-0.0864962049025138,0.111522595678283,1.01259181299422,0.917139029410126,1.11797900521406,0.804360406004428,217037,"completed"
"SOG_GLAUCOUS_WINGED_GULL_DISTANCE_BAND_v1","atx_725074cbfcb6","Glaucous-winged Gull","SoG","detection","band_10_12","10–<12 km","within_band_10_12_early_egg_minus_baseline","within_band_period_minus_baseline","early_egg",4,14,0.00810315797484409,0.0348093212191072,-0.0601218579408919,0.0763281738905801,1.0081360774165,0.941649779089396,1.0793167196105,0.815926796623609,217037,"completed"
"SOG_GLAUCOUS_WINGED_GULL_DISTANCE_BAND_v1","atx_725074cbfcb6","Glaucous-winged Gull","SoG","detection","band_10_12","10–<12 km","within_band_10_12_late_egg_minus_baseline","within_band_period_minus_baseline","late_egg",15,28,-0.0509884978893162,0.0320359882779967,-0.113777881123337,0.0118008853447047,0.950289600805736,0.892456165229466,1.01187079050245,0.111474477126497,217037,"completed"
"SOG_GLAUCOUS_WINGED_GULL_DISTANCE_BAND_v1","atx_725074cbfcb6","Glaucous-winged Gull","SoG","detection","band_10_12","10–<12 km","within_band_10_12_active_0_14_minus_baseline","within_band_duration_weighted_active_minus_baseline","active_0_14",0,14,0.0092791679516549,0.03244448398942,-0.0543108521645946,0.0728691880679044,1.00932235290071,0.947137640950684,1.07558982772818,0.774877046720057,217037,"completed"
"SOG_GLAUCOUS_WINGED_GULL_DISTANCE_BAND_v1","atx_725074cbfcb6","Glaucous-winged Gull","SoG","detection","band_12_14","12–<14 km","within_band_12_14_early_pre_minus_baseline","within_band_period_minus_baseline","early_pre",-14,-8,-0.0228687192444775,0.0543958844674198,-0.129482693707822,0.083745255218867,0.977390787952241,0.878549792724087,1.08735186131211,0.674184011000426,217037,"completed"
"SOG_GLAUCOUS_WINGED_GULL_DISTANCE_BAND_v1","atx_725074cbfcb6","Glaucous-winged Gull","SoG","detection","band_12_14","12–<14 km","within_band_12_14_immediate_pre_minus_baseline","within_band_period_minus_baseline","immediate_pre",-7,-1,0.0682481605235753,0.0524503728950315,-0.0345526813263823,0.171049002373533,1.07063096385537,0.966037446211934,1.18654889130913,0.1931917321937,217037,"completed"
"SOG_GLAUCOUS_WINGED_GULL_DISTANCE_BAND_v1","atx_725074cbfcb6","Glaucous-winged Gull","SoG","detection","band_12_14","12–<14 km","within_band_12_14_spawn_start_minus_baseline","within_band_period_minus_baseline","spawn_start",0,3,-0.00674733517259317,0.0637193198487939,-0.131634907195617,0.118140236850431,0.993275376982489,0.876660999282924,1.12540192312274,0.915668428021516,217037,"completed"
"SOG_GLAUCOUS_WINGED_GULL_DISTANCE_BAND_v1","atx_725074cbfcb6","Glaucous-winged Gull","SoG","detection","band_12_14","12–<14 km","within_band_12_14_early_egg_minus_baseline","within_band_period_minus_baseline","early_egg",4,14,-0.0326740142372761,0.0455176844223242,-0.121887036364691,0.0565390078901392,0.967854014798504,0.885248363727926,1.05816789089201,0.472861370461276,217037,"completed"
"SOG_GLAUCOUS_WINGED_GULL_DISTANCE_BAND_v1","atx_725074cbfcb6","Glaucous-winged Gull","SoG","detection","band_12_14","12–<14 km","within_band_12_14_late_egg_minus_baseline","within_band_period_minus_baseline","late_egg",15,28,0.0149088711399696,0.0423663602510363,-0.0681276691081108,0.09794541138805,1.0150205627342,0.934141204989428,1.10290257754437,0.724910622136595,217037,"completed"
"SOG_GLAUCOUS_WINGED_GULL_DISTANCE_BAND_v1","atx_725074cbfcb6","Glaucous-winged Gull","SoG","detection","band_12_14","12–<14 km","within_band_12_14_active_0_14_minus_baseline","within_band_duration_weighted_active_minus_baseline","active_0_14",0,14,-0.0257602331533606,0.0416962246710006,-0.107483331799812,0.0559628654930909,0.97456873086935,0.898091491894819,1.05755841109731,0.536702352351055,217037,"completed"
"SOG_GLAUCOUS_WINGED_GULL_DISTANCE_BAND_v1","atx_725074cbfcb6","Glaucous-winged Gull","SoG","detection","band_14_16","14–<16 km","within_band_14_16_early_pre_minus_baseline","within_band_period_minus_baseline","early_pre",-14,-8,0.0333102627497432,0.048314895967131,-0.061385193262633,0.128005718762119,1.03387126122508,0.940460910790542,1.1365595023919,0.490545886612178,217037,"completed"
"SOG_GLAUCOUS_WINGED_GULL_DISTANCE_BAND_v1","atx_725074cbfcb6","Glaucous-winged Gull","SoG","detection","band_14_16","14–<16 km","within_band_14_16_immediate_pre_minus_baseline","within_band_period_minus_baseline","immediate_pre",-7,-1,-0.0464173435377128,0.046008529486834,-0.136592404313557,0.0437577172381309,0.954643464760497,0.872325709876887,1.04472920434564,0.313029495107938,217037,"completed"
"SOG_GLAUCOUS_WINGED_GULL_DISTANCE_BAND_v1","atx_725074cbfcb6","Glaucous-winged Gull","SoG","detection","band_14_16","14–<16 km","within_band_14_16_spawn_start_minus_baseline","within_band_period_minus_baseline","spawn_start",0,3,-0.115798661992178,0.0534252960400589,-0.220510318094083,-0.0110870058902718,0.890654527854752,0.802109362579064,0.988974228448778,0.0301977008858802,217037,"completed"
"SOG_GLAUCOUS_WINGED_GULL_DISTANCE_BAND_v1","atx_725074cbfcb6","Glaucous-winged Gull","SoG","detection","band_14_16","14–<16 km","within_band_14_16_early_egg_minus_baseline","within_band_period_minus_baseline","early_egg",4,14,-0.156497666246792,0.038312073066922,-0.231587949631026,-0.0814073828625582,0.855133513371161,0.793272924373995,0.921818082052364,4.41122674364434e-05,217037,"completed"
"SOG_GLAUCOUS_WINGED_GULL_DISTANCE_BAND_v1","atx_725074cbfcb6","Glaucous-winged Gull","SoG","detection","band_14_16","14–<16 km","within_band_14_16_late_egg_minus_baseline","within_band_period_minus_baseline","late_egg",15,28,-0.16724140691713,0.0368057919962664,-0.239379433652285,-0.0951033801819753,0.845995357552869,0.787116167342857,0.90927892818806,5.52259351769947e-06,217037,"completed"
"SOG_GLAUCOUS_WINGED_GULL_DISTANCE_BAND_v1","atx_725074cbfcb6","Glaucous-winged Gull","SoG","detection","band_14_16","14–<16 km","within_band_14_16_active_0_14_minus_baseline","within_band_duration_weighted_active_minus_baseline","active_0_14",0,14,-0.145644598445562,0.0355192862505208,-0.215261120253151,-0.0760280766379722,0.864464880758095,0.806330863366422,0.926790185041584,4.12370544858478e-05,217037,"completed"
"SOG_GLAUCOUS_WINGED_GULL_DISTANCE_BAND_v1","atx_725074cbfcb6","Glaucous-winged Gull","SoG","detection","band_16_18","16–<18 km","within_band_16_18_early_pre_minus_baseline","within_band_period_minus_baseline","early_pre",-14,-8,-0.0878260920339264,0.0411423021984856,-0.168463522584021,-0.00718866148383152,0.915920148683736,0.844962084890246,0.992837115139676,0.0327862788765275,217037,"completed"
"SOG_GLAUCOUS_WINGED_GULL_DISTANCE_BAND_v1","atx_725074cbfcb6","Glaucous-winged Gull","SoG","detection","band_16_18","16–<18 km","within_band_16_18_immediate_pre_minus_baseline","within_band_period_minus_baseline","immediate_pre",-7,-1,-0.141142330681793,0.041057157649019,-0.221612880981453,-0.0606717803821322,0.868365707818325,0.801225473925227,0.941132087102353,0.000586669909424047,217037,"completed"
"SOG_GLAUCOUS_WINGED_GULL_DISTANCE_BAND_v1","atx_725074cbfcb6","Glaucous-winged Gull","SoG","detection","band_16_18","16–<18 km","within_band_16_18_spawn_start_minus_baseline","within_band_period_minus_baseline","spawn_start",0,3,-0.166937465952301,0.0515741183344107,-0.268020880422153,-0.0658540514824487,0.846252529278616,0.764891809672232,0.936267501174229,0.00120858718286876,217037,"completed"
"SOG_GLAUCOUS_WINGED_GULL_DISTANCE_BAND_v1","atx_725074cbfcb6","Glaucous-winged Gull","SoG","detection","band_16_18","16–<18 km","within_band_16_18_early_egg_minus_baseline","within_band_period_minus_baseline","early_egg",4,14,-0.141350284258509,0.0354254734544805,-0.21078293636457,-0.0719176321524471,0.868185146838288,0.8099498584624,0.930607544794838,6.60524978922899e-05,217037,"completed"
"SOG_GLAUCOUS_WINGED_GULL_DISTANCE_BAND_v1","atx_725074cbfcb6","Glaucous-winged Gull","SoG","detection","band_16_18","16–<18 km","within_band_16_18_late_egg_minus_baseline","within_band_period_minus_baseline","late_egg",15,28,-0.144846276272762,0.0333677816963127,-0.21024592664153,-0.0794466259039947,0.86515527778297,0.810384926218921,0.923627316426078,1.41898889031083e-05,217037,"completed"
"SOG_GLAUCOUS_WINGED_GULL_DISTANCE_BAND_v1","atx_725074cbfcb6","Glaucous-winged Gull","SoG","detection","band_16_18","16–<18 km","within_band_16_18_active_0_14_minus_baseline","within_band_duration_weighted_active_minus_baseline","active_0_14",0,14,-0.148173532710186,0.0323298901537781,-0.211538953035728,-0.0848081123846453,0.862281467918023,0.80933775427624,0.918688552444672,4.57969235960038e-06,217037,"completed"
"SOG_GLAUCOUS_WINGED_GULL_DISTANCE_BAND_v1","atx_725074cbfcb6","Glaucous-winged Gull","SoG","detection","band_18_20","18–<20 km","within_band_18_20_early_pre_minus_baseline","within_band_period_minus_baseline","early_pre",-14,-8,-0.00681766918430222,0.0455861163074439,-0.0961648153419462,0.0825294769733418,0.99320551839724,0.908314299599376,1.08603068586482,0.881115063477208,217037,"completed"
"SOG_GLAUCOUS_WINGED_GULL_DISTANCE_BAND_v1","atx_725074cbfcb6","Glaucous-winged Gull","SoG","detection","band_18_20","18–<20 km","within_band_18_20_immediate_pre_minus_baseline","within_band_period_minus_baseline","immediate_pre",-7,-1,-0.0194860998658487,0.0450466806856341,-0.107775971632768,0.0688037719010701,0.980702526990612,0.897828713002313,1.07122598388463,0.665323039183573,217037,"completed"
"SOG_GLAUCOUS_WINGED_GULL_DISTANCE_BAND_v1","atx_725074cbfcb6","Glaucous-winged Gull","SoG","detection","band_18_20","18–<20 km","within_band_18_20_spawn_start_minus_baseline","within_band_period_minus_baseline","spawn_start",0,3,0.00554729883303728,0.0542087991081822,-0.100699995064167,0.111794592730241,1.00556271358544,0.904204257939786,1.11828313356676,0.918493097690197,217037,"completed"
"SOG_GLAUCOUS_WINGED_GULL_DISTANCE_BAND_v1","atx_725074cbfcb6","Glaucous-winged Gull","SoG","detection","band_18_20","18–<20 km","within_band_18_20_early_egg_minus_baseline","within_band_period_minus_baseline","early_egg",4,14,-0.0853903088438616,0.037166748696094,-0.158235797710657,-0.0125448199770663,0.918153850888095,0.853648469880046,0.987533538271435,0.0215907173080007,217037,"completed"
"SOG_GLAUCOUS_WINGED_GULL_DISTANCE_BAND_v1","atx_725074cbfcb6","Glaucous-winged Gull","SoG","detection","band_18_20","18–<20 km","within_band_18_20_late_egg_minus_baseline","within_band_period_minus_baseline","late_egg",15,28,-0.0506864309685406,0.0356012453899269,-0.12046358973757,0.0190907278004888,0.950576695217976,0.886509364796378,1.01927412092153,0.154525704404103,217037,"completed"
"SOG_GLAUCOUS_WINGED_GULL_DISTANCE_BAND_v1","atx_725074cbfcb6","Glaucous-winged Gull","SoG","detection","band_18_20","18–<20 km","within_band_18_20_active_0_14_minus_baseline","within_band_duration_weighted_active_minus_baseline","active_0_14",0,14,-0.0611402801300219,0.0340293609540916,-0.127836602016955,0.00555604175691125,0.940691270226176,0.87999715715837,1.00557150518213,0.0723845318542306,217037,"completed"
"SOG_GLAUCOUS_WINGED_GULL_DISTANCE_BAND_v1","atx_725074cbfcb6","Glaucous-winged Gull","SoG","detection","band_20_22","20–<22 km","within_band_20_22_early_pre_minus_baseline","within_band_period_minus_baseline","early_pre",-14,-8,-0.0149972291848764,0.0423986944593624,-0.0980971433167447,0.0681026849469918,0.985114669169905,0.906560833150092,1.070475224527,0.723549386971148,217037,"completed"
"SOG_GLAUCOUS_WINGED_GULL_DISTANCE_BAND_v1","atx_725074cbfcb6","Glaucous-winged Gull","SoG","detection","band_20_22","20–<22 km","within_band_20_22_immediate_pre_minus_baseline","within_band_period_minus_baseline","immediate_pre",-7,-1,0.0426842709670474,0.0425347300612471,-0.04068226804513,0.126050809979225,1.04360834537551,0.960134146787831,1.13433980260062,0.315612088064395,217037,"completed"
"SOG_GLAUCOUS_WINGED_GULL_DISTANCE_BAND_v1","atx_725074cbfcb6","Glaucous-winged Gull","SoG","detection","band_20_22","20–<22 km","within_band_20_22_spawn_start_minus_baseline","within_band_period_minus_baseline","spawn_start",0,3,0.0225189190950729,0.0501558129386617,-0.075784667880032,0.120822506070178,1.02277438394721,0.927015801346775,1.12842460607345,0.653446627914712,217037,"completed"
"SOG_GLAUCOUS_WINGED_GULL_DISTANCE_BAND_v1","atx_725074cbfcb6","Glaucous-winged Gull","SoG","detection","band_20_22","20–<22 km","within_band_20_22_early_egg_minus_baseline","within_band_period_minus_baseline","early_egg",4,14,0.00929982177973321,0.0356987247658765,-0.0606683930553928,0.0792680366148592,1.00934319948634,0.941135275029636,1.0824944313316,0.794471547908458,217037,"completed"
"SOG_GLAUCOUS_WINGED_GULL_DISTANCE_BAND_v1","atx_725074cbfcb6","Glaucous-winged Gull","SoG","detection","band_20_22","20–<22 km","within_band_20_22_late_egg_minus_baseline","within_band_period_minus_baseline","late_egg",15,28,0.0394472961938117,0.0334259275155507,-0.0260663178865142,0.104960910274138,1.0402356730609,0.974270475907396,1.11066719383101,0.237944274969948,217037,"completed"
"SOG_GLAUCOUS_WINGED_GULL_DISTANCE_BAND_v1","atx_725074cbfcb6","Glaucous-winged Gull","SoG","detection","band_20_22","20–<22 km","within_band_20_22_active_0_14_minus_baseline","within_band_duration_weighted_active_minus_baseline","active_0_14",0,14,0.0128249143971571,0.0327616131318013,-0.0513866674166079,0.0770364962109222,1.01290750631221,0.949911299763565,1.08008149455533,0.695456046978252,217037,"completed"
"SOG_GLAUCOUS_WINGED_GULL_DISTANCE_BAND_v1","atx_725074cbfcb6","Glaucous-winged Gull","SoG","detection","band_22_24","22–<24 km","within_band_22_24_early_pre_minus_baseline","within_band_period_minus_baseline","early_pre",-14,-8,0.0152409020056412,0.0422468345719913,-0.0675613722162833,0.0980431762275656,1.01535763684673,0.934670356064505,1.10301040790879,0.718280035814359,217037,"completed"
"SOG_GLAUCOUS_WINGED_GULL_DISTANCE_BAND_v1","atx_725074cbfcb6","Glaucous-winged Gull","SoG","detection","band_22_24","22–<24 km","within_band_22_24_immediate_pre_minus_baseline","within_band_period_minus_baseline","immediate_pre",-7,-1,0.0119743433921376,0.0405748957686347,-0.0675509909908529,0.0914996777751282,1.01204632285734,0.934680059138539,1.09581642359318,0.767904468302095,217037,"completed"
"SOG_GLAUCOUS_WINGED_GULL_DISTANCE_BAND_v1","atx_725074cbfcb6","Glaucous-winged Gull","SoG","detection","band_22_24","22–<24 km","within_band_22_24_spawn_start_minus_baseline","within_band_period_minus_baseline","spawn_start",0,3,-0.118449515818976,0.0513687003032532,-0.219130318345984,-0.0177687132919677,0.888296659454203,0.803217037417082,0.982388219421894,0.021117929101093,217037,"completed"
"SOG_GLAUCOUS_WINGED_GULL_DISTANCE_BAND_v1","atx_725074cbfcb6","Glaucous-winged Gull","SoG","detection","band_22_24","22–<24 km","within_band_22_24_early_egg_minus_baseline","within_band_period_minus_baseline","early_egg",4,14,-0.0614365913747589,0.0353012461073466,-0.130625762354543,0.00775257960502512,0.940412574117416,0.877546123741996,1.00778270865926,0.0817972428191466,217037,"completed"
"SOG_GLAUCOUS_WINGED_GULL_DISTANCE_BAND_v1","atx_725074cbfcb6","Glaucous-winged Gull","SoG","detection","band_22_24","22–<24 km","within_band_22_24_late_egg_minus_baseline","within_band_period_minus_baseline","late_egg",15,28,0.00635518237349303,0.0330228986135988,-0.0583685095742783,0.0710788743212643,1.00637541939226,0.943302267462035,1.07366590719842,0.847391496138758,217037,"completed"
"SOG_GLAUCOUS_WINGED_GULL_DISTANCE_BAND_v1","atx_725074cbfcb6","Glaucous-winged Gull","SoG","detection","band_22_24","22–<24 km","within_band_22_24_active_0_14_minus_baseline","within_band_duration_weighted_active_minus_baseline","active_0_14",0,14,-0.0766400378932167,0.0328526083572805,-0.141029967071686,-0.0122501087147474,0.92622319886108,0.868463286006165,0.987824618417273,0.0196562902877947,217037,"completed"
"SOG_GLAUCOUS_WINGED_GULL_DISTANCE_BAND_v1","atx_725074cbfcb6","Glaucous-winged Gull","SoG","detection","band_24_26","24–26 km","within_band_24_26_early_pre_minus_baseline","within_band_period_minus_baseline","early_pre",-14,-8,-8.4529345276349e-05,0.0490707697292937,-0.0962614707083503,0.0960924120177976,0.999915474227228,0.908226510390656,1.10086079206057,0.998625564128146,217037,"completed"
"SOG_GLAUCOUS_WINGED_GULL_DISTANCE_BAND_v1","atx_725074cbfcb6","Glaucous-winged Gull","SoG","detection","band_24_26","24–26 km","within_band_24_26_immediate_pre_minus_baseline","within_band_period_minus_baseline","immediate_pre",-7,-1,-0.0941072946153104,0.0481368261682585,-0.188453740235162,0.000239151004541527,0.91018509904143,0.828238816685344,1.00023917960342,0.0505835620054102,217037,"completed"
"SOG_GLAUCOUS_WINGED_GULL_DISTANCE_BAND_v1","atx_725074cbfcb6","Glaucous-winged Gull","SoG","detection","band_24_26","24–26 km","within_band_24_26_spawn_start_minus_baseline","within_band_period_minus_baseline","spawn_start",0,3,-0.143235349729292,0.0590512324140638,-0.258973638503561,-0.0274970609550224,0.866550102562664,0.77184336972176,0.972877541880105,0.0152826194722482,217037,"completed"
"SOG_GLAUCOUS_WINGED_GULL_DISTANCE_BAND_v1","atx_725074cbfcb6","Glaucous-winged Gull","SoG","detection","band_24_26","24–26 km","within_band_24_26_early_egg_minus_baseline","within_band_period_minus_baseline","early_egg",4,14,-0.150032576894166,0.041512918638485,-0.231396402318738,-0.0686687514695941,0.860679937689112,0.793424888224238,0.933635894379931,0.000301372060535032,217037,"completed"
"SOG_GLAUCOUS_WINGED_GULL_DISTANCE_BAND_v1","atx_725074cbfcb6","Glaucous-winged Gull","SoG","detection","band_24_26","24–26 km","within_band_24_26_late_egg_minus_baseline","within_band_period_minus_baseline","late_egg",15,28,-0.123054439251228,0.038888903444791,-0.199275289401274,-0.0468335891011821,0.884215525219435,0.819324310985115,0.954246181343062,0.00155480063936518,217037,"completed"
"SOG_GLAUCOUS_WINGED_GULL_DISTANCE_BAND_v1","atx_725074cbfcb6","Glaucous-winged Gull","SoG","detection","band_24_26","24–26 km","within_band_24_26_active_0_14_minus_baseline","within_band_duration_weighted_active_minus_baseline","active_0_14",0,14,-0.148219982983533,0.0385379366887203,-0.22375295093191,-0.0726870150351565,0.862241415638363,0.799512628822827,0.929891826645305,0.000120022647449901,217037,"completed"
"SOG_GLAUCOUS_WINGED_GULL_DISTANCE_BAND_v1","atx_725074cbfcb6","Glaucous-winged Gull","SoG","positive_numeric_count_given_detection","band_0_2","0–<2 km","within_band_0_2_early_pre_minus_baseline","within_band_period_minus_baseline","early_pre",-14,-8,0.0732622909447823,0.0344371306297699,0.0057667551795321,0.140757826710032,1.07601272830007,1.005783414921,1.15114583745119,0.0333850801116727,85053,"completed"
"SOG_GLAUCOUS_WINGED_GULL_DISTANCE_BAND_v1","atx_725074cbfcb6","Glaucous-winged Gull","SoG","positive_numeric_count_given_detection","band_0_2","0–<2 km","within_band_0_2_immediate_pre_minus_baseline","within_band_period_minus_baseline","immediate_pre",-7,-1,0.050612610121324,0.0338041379675415,-0.0156422828234804,0.116867503066128,1.05191531299658,0.984479422274302,1.12397049717957,0.134333109175115,85053,"completed"
"SOG_GLAUCOUS_WINGED_GULL_DISTANCE_BAND_v1","atx_725074cbfcb6","Glaucous-winged Gull","SoG","positive_numeric_count_given_detection","band_0_2","0–<2 km","within_band_0_2_spawn_start_minus_baseline","within_band_period_minus_baseline","spawn_start",0,3,0.387203659998312,0.0347150813062842,0.319163350917615,0.455243969079009,1.47285642266664,1.37597607350332,1.57655796751406,6.86436881840102e-29,85053,"completed"
"SOG_GLAUCOUS_WINGED_GULL_DISTANCE_BAND_v1","atx_725074cbfcb6","Glaucous-winged Gull","SoG","positive_numeric_count_given_detection","band_0_2","0–<2 km","within_band_0_2_early_egg_minus_baseline","within_band_period_minus_baseline","early_egg",4,14,0.237902799273776,0.0279196886530673,0.183181215054192,0.292624383493359,1.26858587936318,1.20103203344677,1.33993939254159,1.58223995369372e-17,85053,"completed"
"SOG_GLAUCOUS_WINGED_GULL_DISTANCE_BAND_v1","atx_725074cbfcb6","Glaucous-winged Gull","SoG","positive_numeric_count_given_detection","band_0_2","0–<2 km","within_band_0_2_late_egg_minus_baseline","within_band_period_minus_baseline","late_egg",15,28,0.0513473063386143,0.027734278472622,-0.00301088060492943,0.105705493282158,1.05268843516814,0.996993647550361,1.11149448570662,0.0641117016355786,85053,"completed"
"SOG_GLAUCOUS_WINGED_GULL_DISTANCE_BAND_v1","atx_725074cbfcb6","Glaucous-winged Gull","SoG","positive_numeric_count_given_detection","band_0_2","0–<2 km","within_band_0_2_active_0_14_minus_baseline","within_band_duration_weighted_active_minus_baseline","active_0_14",0,14,0.277716362133652,0.025481730083773,0.227773088905686,0.327659635361618,1.3201117104334,1.25580033807122,1.38771656225225,1.16984801616521e-27,85053,"completed"
"SOG_GLAUCOUS_WINGED_GULL_DISTANCE_BAND_v1","atx_725074cbfcb6","Glaucous-winged Gull","SoG","positive_numeric_count_given_detection","band_2_4","2–<4 km","within_band_2_4_early_pre_minus_baseline","within_band_period_minus_baseline","early_pre",-14,-8,0.0363264647525924,0.0301335982348855,-0.0227343025123828,0.0953872320175677,1.03699433333438,0.977522174458012,1.10008476070003,0.228005062053478,85053,"completed"
"SOG_GLAUCOUS_WINGED_GULL_DISTANCE_BAND_v1","atx_725074cbfcb6","Glaucous-winged Gull","SoG","positive_numeric_count_given_detection","band_2_4","2–<4 km","within_band_2_4_immediate_pre_minus_baseline","within_band_period_minus_baseline","immediate_pre",-7,-1,0.00830371178433195,0.030606644688461,-0.0516842094926657,0.0682916330613296,1.0083382832232,0.949628703227627,1.07067750791205,0.786157063060613,85053,"completed"
"SOG_GLAUCOUS_WINGED_GULL_DISTANCE_BAND_v1","atx_725074cbfcb6","Glaucous-winged Gull","SoG","positive_numeric_count_given_detection","band_2_4","2–<4 km","within_band_2_4_spawn_start_minus_baseline","within_band_period_minus_baseline","spawn_start",0,3,0.141577035991378,0.0344314632192265,0.0740926081466781,0.209061463836077,1.15208925318011,1.07690653119644,1.23252075165563,3.92500105447578e-05,85053,"completed"
"SOG_GLAUCOUS_WINGED_GULL_DISTANCE_BAND_v1","atx_725074cbfcb6","Glaucous-winged Gull","SoG","positive_numeric_count_given_detection","band_2_4","2–<4 km","within_band_2_4_early_egg_minus_baseline","within_band_period_minus_baseline","early_egg",4,14,0.0557394835245082,0.0256174514546629,0.00553020129766565,0.105948765751351,1.0573221980014,1.00554552108835,1.11176491460727,0.0295672033319366,85053,"completed"
"SOG_GLAUCOUS_WINGED_GULL_DISTANCE_BAND_v1","atx_725074cbfcb6","Glaucous-winged Gull","SoG","positive_numeric_count_given_detection","band_2_4","2–<4 km","within_band_2_4_late_egg_minus_baseline","within_band_period_minus_baseline","late_egg",15,28,0.0315610718059067,0.0238471502464164,-0.0151784838109849,0.0783006274227984,1.03206440370795,0.984936128759997,1.08144772264781,0.185677957639921,85053,"completed"
"SOG_GLAUCOUS_WINGED_GULL_DISTANCE_BAND_v1","atx_725074cbfcb6","Glaucous-winged Gull","SoG","positive_numeric_count_given_detection","band_2_4","2–<4 km","within_band_2_4_active_0_14_minus_baseline","within_band_duration_weighted_active_minus_baseline","active_0_14",0,14,0.0786294975156734,0.0232309034630423,0.0330977633997837,0.124161231631563,1.08180343694949,1.0336515875952,1.13219840247954,0.000712576671858596,85053,"completed"
"SOG_GLAUCOUS_WINGED_GULL_DISTANCE_BAND_v1","atx_725074cbfcb6","Glaucous-winged Gull","SoG","positive_numeric_count_given_detection","band_4_6","4–<6 km","within_band_4_6_early_pre_minus_baseline","within_band_period_minus_baseline","early_pre",-14,-8,-0.0380372854338537,0.0259286372484511,-0.0888564806090216,0.0127819097413142,0.962677046390697,0.914976881076372,1.01286394751013,0.142376321934358,85053,"completed"
"SOG_GLAUCOUS_WINGED_GULL_DISTANCE_BAND_v1","atx_725074cbfcb6","Glaucous-winged Gull","SoG","positive_numeric_count_given_detection","band_4_6","4–<6 km","within_band_4_6_immediate_pre_minus_baseline","within_band_period_minus_baseline","immediate_pre",-7,-1,0.0280215282987315,0.0264243517248305,-0.0237692493967551,0.0798123059942181,1.02841782426925,0.976511014267951,1.0830837602662,0.288942945369751,85053,"completed"
"SOG_GLAUCOUS_WINGED_GULL_DISTANCE_BAND_v1","atx_725074cbfcb6","Glaucous-winged Gull","SoG","positive_numeric_count_given_detection","band_4_6","4–<6 km","within_band_4_6_spawn_start_minus_baseline","within_band_period_minus_baseline","spawn_start",0,3,0.121180500300169,0.0318738235481666,0.0587089540961773,0.18365204650416,1.12882864788941,1.06046655137503,1.20159765024517,0.000143601406219689,85053,"completed"
"SOG_GLAUCOUS_WINGED_GULL_DISTANCE_BAND_v1","atx_725074cbfcb6","Glaucous-winged Gull","SoG","positive_numeric_count_given_detection","band_4_6","4–<6 km","within_band_4_6_early_egg_minus_baseline","within_band_period_minus_baseline","early_egg",4,14,0.0798476352845918,0.0231293719873093,0.034514899204436,0.125180371364748,1.08312202552281,1.03511745068774,1.1333528590337,0.000555998231348212,85053,"completed"
"SOG_GLAUCOUS_WINGED_GULL_DISTANCE_BAND_v1","atx_725074cbfcb6","Glaucous-winged Gull","SoG","positive_numeric_count_given_detection","band_4_6","4–<6 km","within_band_4_6_late_egg_minus_baseline","within_band_period_minus_baseline","late_egg",15,28,-0.0147974282206376,0.0213800059284602,-0.0567014698296724,0.0271066133883971,0.985311515695099,0.944876101290366,1.02747733976502,0.488864953344833,85053,"completed"
"SOG_GLAUCOUS_WINGED_GULL_DISTANCE_BAND_v1","atx_725074cbfcb6","Glaucous-winged Gull","SoG","positive_numeric_count_given_detection","band_4_6","4–<6 km","within_band_4_6_active_0_14_minus_baseline","within_band_duration_weighted_active_minus_baseline","active_0_14",0,14,0.0908697326220789,0.0209628269111188,0.049783346862139,0.131956118382019,1.09512633672976,1.05104335986506,1.14105824668653,1.45890471308604e-05,85053,"completed"
"SOG_GLAUCOUS_WINGED_GULL_DISTANCE_BAND_v1","atx_725074cbfcb6","Glaucous-winged Gull","SoG","positive_numeric_count_given_detection","band_6_8","6–<8 km","within_band_6_8_early_pre_minus_baseline","within_band_period_minus_baseline","early_pre",-14,-8,0.0284748636907512,0.0243534851323121,-0.0192570900666122,0.0762068174481146,1.02888414815935,0.980927143198103,1.07918574552055,0.24231034433931,85053,"completed"
"SOG_GLAUCOUS_WINGED_GULL_DISTANCE_BAND_v1","atx_725074cbfcb6","Glaucous-winged Gull","SoG","positive_numeric_count_given_detection","band_6_8","6–<8 km","within_band_6_8_immediate_pre_minus_baseline","within_band_period_minus_baseline","immediate_pre",-7,-1,0.0709980839517572,0.024158445698268,0.0236484004606854,0.118347767442829,1.07357916883691,1.02393024119184,1.12563550268715,0.00329430891745784,85053,"completed"
"SOG_GLAUCOUS_WINGED_GULL_DISTANCE_BAND_v1","atx_725074cbfcb6","Glaucous-winged Gull","SoG","positive_numeric_count_given_detection","band_6_8","6–<8 km","within_band_6_8_spawn_start_minus_baseline","within_band_period_minus_baseline","spawn_start",0,3,-0.017557499460791,0.0322513531273798,-0.0807689900431386,0.0456539911215567,0.982595735315763,0.922406751978091,1.04671217658612,0.586169172197924,85053,"completed"
"SOG_GLAUCOUS_WINGED_GULL_DISTANCE_BAND_v1","atx_725074cbfcb6","Glaucous-winged Gull","SoG","positive_numeric_count_given_detection","band_6_8","6–<8 km","within_band_6_8_early_egg_minus_baseline","within_band_period_minus_baseline","early_egg",4,14,0.00302353223027477,0.0220831314044765,-0.0402586099883645,0.0463056744489141,1.00302810771406,0.960541001532253,1.04739452377314,0.891097255806699,85053,"completed"
"SOG_GLAUCOUS_WINGED_GULL_DISTANCE_BAND_v1","atx_725074cbfcb6","Glaucous-winged Gull","SoG","positive_numeric_count_given_detection","band_6_8","6–<8 km","within_band_6_8_late_egg_minus_baseline","within_band_period_minus_baseline","late_egg",15,28,-0.0207451240431577,0.0207522333497625,-0.0614187540074632,0.0199285059211479,0.979468575748605,0.940429348751517,1.02012840427898,0.317476325074188,85053,"completed"
"SOG_GLAUCOUS_WINGED_GULL_DISTANCE_BAND_v1","atx_725074cbfcb6","Glaucous-winged Gull","SoG","positive_numeric_count_given_detection","band_6_8","6–<8 km","within_band_6_8_active_0_14_minus_baseline","within_band_duration_weighted_active_minus_baseline","active_0_14",0,14,-0.00246474288734276,0.0202555548925392,-0.0421649009635938,0.0372354151889082,0.99753829209741,0.958711675057941,1.03793733829358,0.903150616745246,85053,"completed"
"SOG_GLAUCOUS_WINGED_GULL_DISTANCE_BAND_v1","atx_725074cbfcb6","Glaucous-winged Gull","SoG","positive_numeric_count_given_detection","band_8_10","8–<10 km","within_band_8_10_early_pre_minus_baseline","within_band_period_minus_baseline","early_pre",-14,-8,0.0214993827786082,0.024659162317503,-0.026831687252625,0.0698304528098415,1.02173215970224,0.973525084417123,1.07232635592009,0.383283750314659,85053,"completed"
"SOG_GLAUCOUS_WINGED_GULL_DISTANCE_BAND_v1","atx_725074cbfcb6","Glaucous-winged Gull","SoG","positive_numeric_count_given_detection","band_8_10","8–<10 km","within_band_8_10_immediate_pre_minus_baseline","within_band_period_minus_baseline","immediate_pre",-7,-1,0.0537350871834544,0.0249236467348148,0.00488563721981804,0.102584537147091,1.05520502778935,1.00489759140535,1.10803096772753,0.0310845899453483,85053,"completed"
"SOG_GLAUCOUS_WINGED_GULL_DISTANCE_BAND_v1","atx_725074cbfcb6","Glaucous-winged Gull","SoG","positive_numeric_count_given_detection","band_8_10","8–<10 km","within_band_8_10_spawn_start_minus_baseline","within_band_period_minus_baseline","spawn_start",0,3,0.138184863879608,0.0313926675670874,0.0766563660694782,0.199713361689738,1.14818778910514,1.07967100104945,1.22105270750878,1.07346725491584e-05,85053,"completed"
"SOG_GLAUCOUS_WINGED_GULL_DISTANCE_BAND_v1","atx_725074cbfcb6","Glaucous-winged Gull","SoG","positive_numeric_count_given_detection","band_8_10","8–<10 km","within_band_8_10_early_egg_minus_baseline","within_band_period_minus_baseline","early_egg",4,14,0.0180666980458861,0.0219416434361168,-0.0249381328505226,0.0610715289422948,1.01823088813548,0.975370253539006,1.06297494494146,0.410281888549598,85053,"completed"
"SOG_GLAUCOUS_WINGED_GULL_DISTANCE_BAND_v1","atx_725074cbfcb6","Glaucous-winged Gull","SoG","positive_numeric_count_given_detection","band_8_10","8–<10 km","within_band_8_10_late_egg_minus_baseline","within_band_period_minus_baseline","late_egg",15,28,0.0138480301931158,0.0198297814310123,-0.0250176272329694,0.0527136876192011,1.01394435830114,0.975292720164819,1.05412779207147,0.484961416760534,85053,"completed"
"SOG_GLAUCOUS_WINGED_GULL_DISTANCE_BAND_v1","atx_725074cbfcb6","Glaucous-winged Gull","SoG","positive_numeric_count_given_detection","band_8_10","8–<10 km","within_band_8_10_active_0_14_minus_baseline","within_band_duration_weighted_active_minus_baseline","active_0_14",0,14,0.0500982089348786,0.0199017537631641,0.0110914883298926,0.0891049295398647,1.05137434566059,1.01115322693311,1.09319535879437,0.0118266113681789,85053,"completed"
"SOG_GLAUCOUS_WINGED_GULL_DISTANCE_BAND_v1","atx_725074cbfcb6","Glaucous-winged Gull","SoG","positive_numeric_count_given_detection","band_10_12","10–<12 km","within_band_10_12_early_pre_minus_baseline","within_band_period_minus_baseline","early_pre",-14,-8,-0.0338457646438002,0.0216191760304338,-0.0762185710388819,0.00852704175128163,0.966720595635073,0.926613653515183,1.00856350052662,0.117455481225505,85053,"completed"
"SOG_GLAUCOUS_WINGED_GULL_DISTANCE_BAND_v1","atx_725074cbfcb6","Glaucous-winged Gull","SoG","positive_numeric_count_given_detection","band_10_12","10–<12 km","within_band_10_12_immediate_pre_minus_baseline","within_band_period_minus_baseline","immediate_pre",-7,-1,-0.00354566357364468,0.0220638594886389,-0.0467900335313292,0.0396987063840398,0.996460614868837,0.954287744984428,1.04049723178724,0.872329641104636,85053,"completed"
"SOG_GLAUCOUS_WINGED_GULL_DISTANCE_BAND_v1","atx_725074cbfcb6","Glaucous-winged Gull","SoG","positive_numeric_count_given_detection","band_10_12","10–<12 km","within_band_10_12_spawn_start_minus_baseline","within_band_period_minus_baseline","spawn_start",0,3,0.0245408296871741,0.0270574352210459,-0.0284907688601015,0.0775724282344497,1.02484443433063,0.971911265953591,1.08066049995619,0.364411958056176,85053,"completed"
"SOG_GLAUCOUS_WINGED_GULL_DISTANCE_BAND_v1","atx_725074cbfcb6","Glaucous-winged Gull","SoG","positive_numeric_count_given_detection","band_10_12","10–<12 km","within_band_10_12_early_egg_minus_baseline","within_band_period_minus_baseline","early_egg",4,14,0.0128054063627685,0.0189542613722451,-0.0243442632803907,0.0499550760059276,1.01288774667048,0.975949668283559,1.05122387014033,0.499297744847127,85053,"completed"
"SOG_GLAUCOUS_WINGED_GULL_DISTANCE_BAND_v1","atx_725074cbfcb6","Glaucous-winged Gull","SoG","positive_numeric_count_given_detection","band_10_12","10–<12 km","within_band_10_12_late_egg_minus_baseline","within_band_period_minus_baseline","late_egg",15,28,-0.017994706173586,0.0175785264465092,-0.0524479849100289,0.0164585725628569,0.982166231762079,0.948903677082298,1.01659476099813,0.305988589321639,85053,"completed"
"SOG_GLAUCOUS_WINGED_GULL_DISTANCE_BAND_v1","atx_725074cbfcb6","Glaucous-winged Gull","SoG","positive_numeric_count_given_detection","band_10_12","10–<12 km","within_band_10_12_active_0_14_minus_baseline","within_band_duration_weighted_active_minus_baseline","active_0_14",0,14,0.01593485258261,0.0175580583486258,-0.0184783094191495,0.0503480145843694,1.01606248940278,0.981691367816843,1.05163701771898,0.36411491566853,85053,"completed"
"SOG_GLAUCOUS_WINGED_GULL_DISTANCE_BAND_v1","atx_725074cbfcb6","Glaucous-winged Gull","SoG","positive_numeric_count_given_detection","band_12_14","12–<14 km","within_band_12_14_early_pre_minus_baseline","within_band_period_minus_baseline","early_pre",-14,-8,0.0101060653999381,0.0304015717741868,-0.0494799203508774,0.0696920511507537,1.01015730414076,0.951724268233967,1.07217795444308,0.739572761644744,85053,"completed"
"SOG_GLAUCOUS_WINGED_GULL_DISTANCE_BAND_v1","atx_725074cbfcb6","Glaucous-winged Gull","SoG","positive_numeric_count_given_detection","band_12_14","12–<14 km","within_band_12_14_immediate_pre_minus_baseline","within_band_period_minus_baseline","immediate_pre",-7,-1,0.00825407337150716,0.029731676019821,-0.0500189408273552,0.0665270875703695,1.00828823215347,0.951211407599037,1.06878991460509,0.781304969158048,85053,"completed"
"SOG_GLAUCOUS_WINGED_GULL_DISTANCE_BAND_v1","atx_725074cbfcb6","Glaucous-winged Gull","SoG","positive_numeric_count_given_detection","band_12_14","12–<14 km","within_band_12_14_spawn_start_minus_baseline","within_band_period_minus_baseline","spawn_start",0,3,0.0131570355815367,0.0351998916828415,-0.0558334843765436,0.082147555539617,1.01324397022318,0.945696596038535,1.0856159866645,0.708567576239874,85053,"completed"
"SOG_GLAUCOUS_WINGED_GULL_DISTANCE_BAND_v1","atx_725074cbfcb6","Glaucous-winged Gull","SoG","positive_numeric_count_given_detection","band_12_14","12–<14 km","within_band_12_14_early_egg_minus_baseline","within_band_period_minus_baseline","early_egg",4,14,-0.0655141930498567,0.0263208472437142,-0.117102105690117,-0.0139262804095966,0.936585753656997,0.889494366090405,0.986170241649501,0.0128081005937379,85053,"completed"
"SOG_GLAUCOUS_WINGED_GULL_DISTANCE_BAND_v1","atx_725074cbfcb6","Glaucous-winged Gull","SoG","positive_numeric_count_given_detection","band_12_14","12–<14 km","within_band_12_14_late_egg_minus_baseline","within_band_period_minus_baseline","late_egg",15,28,-0.0649972806718864,0.024305212323601,-0.112634621462743,-0.0173599398810294,0.937070011574766,0.893477057823486,0.982789875692822,0.00749051728951534,85053,"completed"
"SOG_GLAUCOUS_WINGED_GULL_DISTANCE_BAND_v1","atx_725074cbfcb6","Glaucous-winged Gull","SoG","positive_numeric_count_given_detection","band_12_14","12–<14 km","within_band_12_14_active_0_14_minus_baseline","within_band_duration_weighted_active_minus_baseline","active_0_14",0,14,-0.0445351987481518,0.0237689361957371,-0.091121457642627,0.00205106014632349,0.956441933942366,0.912906824654551,1.00205316500901,0.0609755979864592,85053,"completed"
"SOG_GLAUCOUS_WINGED_GULL_DISTANCE_BAND_v1","atx_725074cbfcb6","Glaucous-winged Gull","SoG","positive_numeric_count_given_detection","band_14_16","14–<16 km","within_band_14_16_early_pre_minus_baseline","within_band_period_minus_baseline","early_pre",-14,-8,-0.0806587953076838,0.0248784609179134,-0.129419682697581,-0.0318979079177862,0.92250840194665,0.878605152778201,0.968605463980243,0.00118646738124156,85053,"completed"
"SOG_GLAUCOUS_WINGED_GULL_DISTANCE_BAND_v1","atx_725074cbfcb6","Glaucous-winged Gull","SoG","positive_numeric_count_given_detection","band_14_16","14–<16 km","within_band_14_16_immediate_pre_minus_baseline","within_band_period_minus_baseline","immediate_pre",-7,-1,-0.081083315441645,0.0248312540760324,-0.129751679121632,-0.0324149517616581,0.922116861670521,0.878313507424612,0.96810478193639,0.00109319878489639,85053,"completed"
"SOG_GLAUCOUS_WINGED_GULL_DISTANCE_BAND_v1","atx_725074cbfcb6","Glaucous-winged Gull","SoG","positive_numeric_count_given_detection","band_14_16","14–<16 km","within_band_14_16_spawn_start_minus_baseline","within_band_period_minus_baseline","spawn_start",0,3,-0.0796322978425794,0.0293986789135998,-0.137252649706292,-0.0220119459788666,0.923455840671318,0.871749950937985,0.978228549083836,0.00675467200178802,85053,"completed"
"SOG_GLAUCOUS_WINGED_GULL_DISTANCE_BAND_v1","atx_725074cbfcb6","Glaucous-winged Gull","SoG","positive_numeric_count_given_detection","band_14_16","14–<16 km","within_band_14_16_early_egg_minus_baseline","within_band_period_minus_baseline","early_egg",4,14,-0.130591079278129,0.0215449568568388,-0.172818418766002,-0.0883637397902558,0.877576560269076,0.841290363518415,0.915427838627377,1.35001074611338e-09,85053,"completed"
"SOG_GLAUCOUS_WINGED_GULL_DISTANCE_BAND_v1","atx_725074cbfcb6","Glaucous-winged Gull","SoG","positive_numeric_count_given_detection","band_14_16","14–<16 km","within_band_14_16_late_egg_minus_baseline","within_band_period_minus_baseline","late_egg",15,28,-0.10103265435791,0.0203501064711979,-0.140918130123013,-0.0611471785928067,0.903903516015011,0.868560417721462,0.940684780924839,6.87989721041131e-07,85053,"completed"
"SOG_GLAUCOUS_WINGED_GULL_DISTANCE_BAND_v1","atx_725074cbfcb6","Glaucous-winged Gull","SoG","positive_numeric_count_given_detection","band_14_16","14–<16 km","within_band_14_16_active_0_14_minus_baseline","within_band_duration_weighted_active_minus_baseline","active_0_14",0,14,-0.117002070895316,0.0195675376325803,-0.155353739921305,-0.0786504018693263,0.889583350927509,0.856112282822251,0.924363023549471,2.23965466888824e-09,85053,"completed"
"SOG_GLAUCOUS_WINGED_GULL_DISTANCE_BAND_v1","atx_725074cbfcb6","Glaucous-winged Gull","SoG","positive_numeric_count_given_detection","band_16_18","16–<18 km","within_band_16_18_early_pre_minus_baseline","within_band_period_minus_baseline","early_pre",-14,-8,-0.0133614603749857,0.0248082681509601,-0.0619847724696795,0.0352618517197082,0.986727407693981,0.939897198995215,1.03589092310875,0.590170478207461,85053,"completed"
"SOG_GLAUCOUS_WINGED_GULL_DISTANCE_BAND_v1","atx_725074cbfcb6","Glaucous-winged Gull","SoG","positive_numeric_count_given_detection","band_16_18","16–<18 km","within_band_16_18_immediate_pre_minus_baseline","within_band_period_minus_baseline","immediate_pre",-7,-1,-0.04602121065366,0.0241632783443421,-0.0933803659569871,0.0013379446496672,0.955021705341255,0.910846979214989,1.00133884009692,0.0568329979678207,85053,"completed"
"SOG_GLAUCOUS_WINGED_GULL_DISTANCE_BAND_v1","atx_725074cbfcb6","Glaucous-winged Gull","SoG","positive_numeric_count_given_detection","band_16_18","16–<18 km","within_band_16_18_spawn_start_minus_baseline","within_band_period_minus_baseline","spawn_start",0,3,-0.00864944587374369,0.031698986194384,-0.0707783171611687,0.0534794254136813,0.991387852967647,0.93166840413334,1.05493528668719,0.784959368288942,85053,"completed"
"SOG_GLAUCOUS_WINGED_GULL_DISTANCE_BAND_v1","atx_725074cbfcb6","Glaucous-winged Gull","SoG","positive_numeric_count_given_detection","band_16_18","16–<18 km","within_band_16_18_early_egg_minus_baseline","within_band_period_minus_baseline","early_egg",4,14,-0.0822543365185876,0.0214832911868309,-0.124360813514163,-0.0401478595230123,0.921037675388365,0.883061162993123,0.960647387786217,0.000128791241186603,85053,"completed"
"SOG_GLAUCOUS_WINGED_GULL_DISTANCE_BAND_v1","atx_725074cbfcb6","Glaucous-winged Gull","SoG","positive_numeric_count_given_detection","band_16_18","16–<18 km","within_band_16_18_late_egg_minus_baseline","within_band_period_minus_baseline","late_egg",15,28,-0.108194739406236,0.0204559486667848,-0.148287662062734,-0.0681018167497375,0.897452809984742,0.862183061907989,0.934165355054797,1.22880879831203e-07,85053,"completed"
"SOG_GLAUCOUS_WINGED_GULL_DISTANCE_BAND_v1","atx_725074cbfcb6","Glaucous-winged Gull","SoG","positive_numeric_count_given_detection","band_16_18","16–<18 km","within_band_16_18_active_0_14_minus_baseline","within_band_duration_weighted_active_minus_baseline","active_0_14",0,14,-0.0626263656799625,0.019547350383902,-0.100938468425596,-0.0243142629343295,0.93929436074312,0.903988655019775,0.975978947550537,0.00135613053597311,85053,"completed"
"SOG_GLAUCOUS_WINGED_GULL_DISTANCE_BAND_v1","atx_725074cbfcb6","Glaucous-winged Gull","SoG","positive_numeric_count_given_detection","band_18_20","18–<20 km","within_band_18_20_early_pre_minus_baseline","within_band_period_minus_baseline","early_pre",-14,-8,-0.00654838507523871,0.0248856644124478,-0.0553233910549866,0.0422266209045092,0.993473008874229,0.946179112610171,1.04313084722285,0.792443562018778,85053,"completed"
"SOG_GLAUCOUS_WINGED_GULL_DISTANCE_BAND_v1","atx_725074cbfcb6","Glaucous-winged Gull","SoG","positive_numeric_count_given_detection","band_18_20","18–<20 km","within_band_18_20_immediate_pre_minus_baseline","within_band_period_minus_baseline","immediate_pre",-7,-1,0.00473536565924344,0.0245660090859282,-0.0434131273930595,0.0528838587115464,1.00474659522157,0.957515732365815,1.05430718941301,0.847146237942187,85053,"completed"
"SOG_GLAUCOUS_WINGED_GULL_DISTANCE_BAND_v1","atx_725074cbfcb6","Glaucous-winged Gull","SoG","positive_numeric_count_given_detection","band_18_20","18–<20 km","within_band_18_20_spawn_start_minus_baseline","within_band_period_minus_baseline","spawn_start",0,3,-0.0446850599350542,0.0298014130814416,-0.10309475626308,0.0137246363929721,0.956298611158472,0.902041495350543,1.0138192515725,0.133762749760612,85053,"completed"
"SOG_GLAUCOUS_WINGED_GULL_DISTANCE_BAND_v1","atx_725074cbfcb6","Glaucous-winged Gull","SoG","positive_numeric_count_given_detection","band_18_20","18–<20 km","within_band_18_20_early_egg_minus_baseline","within_band_period_minus_baseline","early_egg",4,14,-0.0787253959543382,0.0211089724869933,-0.120098221779492,-0.0373525701291845,0.924293704389597,0.886833326091746,0.963336431817699,0.000191878752620905,85053,"completed"
"SOG_GLAUCOUS_WINGED_GULL_DISTANCE_BAND_v1","atx_725074cbfcb6","Glaucous-winged Gull","SoG","positive_numeric_count_given_detection","band_18_20","18–<20 km","within_band_18_20_late_egg_minus_baseline","within_band_period_minus_baseline","late_egg",15,28,-0.0262592687522522,0.0196152584627912,-0.0647044688867676,0.0121859313822631,0.974082507710503,0.937344436893159,1.01226048236069,0.180663005988231,85053,"completed"
"SOG_GLAUCOUS_WINGED_GULL_DISTANCE_BAND_v1","atx_725074cbfcb6","Glaucous-winged Gull","SoG","positive_numeric_count_given_detection","band_18_20","18–<20 km","within_band_18_20_active_0_14_minus_baseline","within_band_duration_weighted_active_minus_baseline","active_0_14",0,14,-0.0696479730158624,0.0189803031768657,-0.10684868365817,-0.0324472623735544,0.932722105469696,0.898661644895309,0.96807350238384,0.00024303783372784,85053,"completed"
"SOG_GLAUCOUS_WINGED_GULL_DISTANCE_BAND_v1","atx_725074cbfcb6","Glaucous-winged Gull","SoG","positive_numeric_count_given_detection","band_20_22","20–<22 km","within_band_20_22_early_pre_minus_baseline","within_band_period_minus_baseline","early_pre",-14,-8,-0.00943294412327765,0.0220538963085127,-0.0526577866067434,0.0337918983601881,0.990611406532169,0.948704616363196,1.03436933037539,0.668853283599187,85053,"completed"
"SOG_GLAUCOUS_WINGED_GULL_DISTANCE_BAND_v1","atx_725074cbfcb6","Glaucous-winged Gull","SoG","positive_numeric_count_given_detection","band_20_22","20–<22 km","within_band_20_22_immediate_pre_minus_baseline","within_band_period_minus_baseline","immediate_pre",-7,-1,0.018171026134583,0.0213700162783578,-0.0237134361200329,0.0600554883891989,1.01833712375947,0.976565518068417,1.06189546777963,0.3951556819812,85053,"completed"
"SOG_GLAUCOUS_WINGED_GULL_DISTANCE_BAND_v1","atx_725074cbfcb6","Glaucous-winged Gull","SoG","positive_numeric_count_given_detection","band_20_22","20–<22 km","within_band_20_22_spawn_start_minus_baseline","within_band_period_minus_baseline","spawn_start",0,3,0.0446817834929463,0.0255946373417246,-0.00548278389419789,0.0948463508800905,1.04569504953254,0.994532219133441,1.09948990649055,0.0808547738274968,85053,"completed"
"SOG_GLAUCOUS_WINGED_GULL_DISTANCE_BAND_v1","atx_725074cbfcb6","Glaucous-winged Gull","SoG","positive_numeric_count_given_detection","band_20_22","20–<22 km","within_band_20_22_early_egg_minus_baseline","within_band_period_minus_baseline","early_egg",4,14,0.0783073719162387,0.0185591100467548,0.0419321846394838,0.114682559192994,1.08145501648948,1.04282375688375,1.12151736568142,2.45008198233046e-05,85053,"completed"
"SOG_GLAUCOUS_WINGED_GULL_DISTANCE_BAND_v1","atx_725074cbfcb6","Glaucous-winged Gull","SoG","positive_numeric_count_given_detection","band_20_22","20–<22 km","within_band_20_22_late_egg_minus_baseline","within_band_period_minus_baseline","late_egg",15,28,0.0228150257197809,0.0172061935600177,-0.0109084939688789,0.0565385454084406,1.02307727906029,0.989150787897021,1.05816740150884,0.184847146441285,85053,"completed"
"SOG_GLAUCOUS_WINGED_GULL_DISTANCE_BAND_v1","atx_725074cbfcb6","Glaucous-winged Gull","SoG","positive_numeric_count_given_detection","band_20_22","20–<22 km","within_band_20_22_active_0_14_minus_baseline","within_band_duration_weighted_active_minus_baseline","active_0_14",0,14,0.069340548336694,0.0167795801936408,0.0364531754814564,0.102227921191932,1.07180114710323,1.03712573996732,1.10763589665414,3.58938069468142e-05,85053,"completed"
"SOG_GLAUCOUS_WINGED_GULL_DISTANCE_BAND_v1","atx_725074cbfcb6","Glaucous-winged Gull","SoG","positive_numeric_count_given_detection","band_22_24","22–<24 km","within_band_22_24_early_pre_minus_baseline","within_band_period_minus_baseline","early_pre",-14,-8,-0.00155741009498273,0.0241227847323792,-0.0488371993772587,0.0457223791872932,0.998443802038774,0.952336157998392,1.04678376165502,0.948522910586137,85053,"completed"
"SOG_GLAUCOUS_WINGED_GULL_DISTANCE_BAND_v1","atx_725074cbfcb6","Glaucous-winged Gull","SoG","positive_numeric_count_given_detection","band_22_24","22–<24 km","within_band_22_24_immediate_pre_minus_baseline","within_band_period_minus_baseline","immediate_pre",-7,-1,0.0267584850654888,0.0225898126002119,-0.0175167340484356,0.0710337041794132,1.02711970805638,0.982635792052551,1.07361741065239,0.236200274814931,85053,"completed"
"SOG_GLAUCOUS_WINGED_GULL_DISTANCE_BAND_v1","atx_725074cbfcb6","Glaucous-winged Gull","SoG","positive_numeric_count_given_detection","band_22_24","22–<24 km","within_band_22_24_spawn_start_minus_baseline","within_band_period_minus_baseline","spawn_start",0,3,0.103855397074663,0.0297615796733714,0.0455237727918354,0.16218702135749,1.10944001504416,1.04657588434886,1.17608017286486,0.000483781210942016,85053,"completed"
"SOG_GLAUCOUS_WINGED_GULL_DISTANCE_BAND_v1","atx_725074cbfcb6","Glaucous-winged Gull","SoG","positive_numeric_count_given_detection","band_22_24","22–<24 km","within_band_22_24_early_egg_minus_baseline","within_band_period_minus_baseline","early_egg",4,14,0.046736684007897,0.0199035359116104,0.00772647045614096,0.085746897559653,1.04784605812573,1.00775639665397,1.08953053056794,0.0188664223214846,85053,"completed"
"SOG_GLAUCOUS_WINGED_GULL_DISTANCE_BAND_v1","atx_725074cbfcb6","Glaucous-winged Gull","SoG","positive_numeric_count_given_detection","band_22_24","22–<24 km","within_band_22_24_late_egg_minus_baseline","within_band_period_minus_baseline","late_egg",15,28,0.0205524499078148,0.0188072477104333,-0.016309078252958,0.0574139780685875,1.02076510587486,0.983823194704201,1.05909416141078,0.274484199306643,85053,"completed"
"SOG_GLAUCOUS_WINGED_GULL_DISTANCE_BAND_v1","atx_725074cbfcb6","Glaucous-winged Gull","SoG","positive_numeric_count_given_detection","band_22_24","22–<24 km","within_band_22_24_active_0_14_minus_baseline","within_band_duration_weighted_active_minus_baseline","active_0_14",0,14,0.0619683408257011,0.0185951786708837,0.0255224603446817,0.0984142213067205,1.06392866109192,1.02585094697755,1.10341975043047,0.000860710023773822,85053,"completed"
"SOG_GLAUCOUS_WINGED_GULL_DISTANCE_BAND_v1","atx_725074cbfcb6","Glaucous-winged Gull","SoG","positive_numeric_count_given_detection","band_24_26","24–26 km","within_band_24_26_early_pre_minus_baseline","within_band_period_minus_baseline","early_pre",-14,-8,0.0330660860210392,0.0260501606681612,-0.0179912906800386,0.0841234627221169,1.03361884474098,0.982169586350235,1.08776318372244,0.204325641028242,85053,"completed"
"SOG_GLAUCOUS_WINGED_GULL_DISTANCE_BAND_v1","atx_725074cbfcb6","Glaucous-winged Gull","SoG","positive_numeric_count_given_detection","band_24_26","24–26 km","within_band_24_26_immediate_pre_minus_baseline","within_band_period_minus_baseline","immediate_pre",-7,-1,-0.0468984307346428,0.0251706159403299,-0.0962319314463792,0.00243506997709363,0.954184308467931,0.908253339127724,1.00243803716794,0.0624311206577691,85053,"completed"
"SOG_GLAUCOUS_WINGED_GULL_DISTANCE_BAND_v1","atx_725074cbfcb6","Glaucous-winged Gull","SoG","positive_numeric_count_given_detection","band_24_26","24–26 km","within_band_24_26_spawn_start_minus_baseline","within_band_period_minus_baseline","spawn_start",0,3,-0.0958548076744371,0.0310207660594073,-0.156654391923718,-0.0350552234251562,0.908595927647932,0.854999502494163,0.965552093691472,0.00200142580305818,85053,"completed"
"SOG_GLAUCOUS_WINGED_GULL_DISTANCE_BAND_v1","atx_725074cbfcb6","Glaucous-winged Gull","SoG","positive_numeric_count_given_detection","band_24_26","24–26 km","within_band_24_26_early_egg_minus_baseline","within_band_period_minus_baseline","early_egg",4,14,-0.0113917741591946,0.0221643825582583,-0.0548331657129485,0.0320496173945594,0.988672866410291,0.946643067301162,1.03256873740456,0.607274654362161,85053,"completed"
"SOG_GLAUCOUS_WINGED_GULL_DISTANCE_BAND_v1","atx_725074cbfcb6","Glaucous-winged Gull","SoG","positive_numeric_count_given_detection","band_24_26","24–26 km","within_band_24_26_late_egg_minus_baseline","within_band_period_minus_baseline","late_egg",15,28,-0.0647583912825647,0.0209217651439063,-0.105764297457627,-0.0237524851075029,0.937293894398133,0.89963666973819,0.976527384918273,0.00196637635769336,85053,"completed"
"SOG_GLAUCOUS_WINGED_GULL_DISTANCE_BAND_v1","atx_725074cbfcb6","Glaucous-winged Gull","SoG","positive_numeric_count_given_detection","band_24_26","24–26 km","within_band_24_26_active_0_14_minus_baseline","within_band_duration_weighted_active_minus_baseline","active_0_14",0,14,-0.0339152497632592,0.0203393457632697,-0.0737796349283752,0.00594913540185676,0.966653425272699,0.928876363195777,1.0059668666523,0.0954209762776737,85053,"completed"
