"stage","analysis_taxon_id","species","outcome","comparison","parent_estimate","s1_estimate","estimate_delta","parent_standard_error","s1_standard_error","parent_ratio","s1_ratio","parent_q_value","s1_q_value","parent_status","s1_status","changed_direction","changed_bh_significance"
"s1_anchor","atx_04afbeb21fb0","Hooded Merganser","checklist_reporting","active_minus_pre14",0.0204389407246026,0.00290798122032899,-0.0175309595042736,0.0378551599404455,0.0374379205348639,1.02064924623713,1.00291221349919,0.744314368058393,0.938086777815919,"completed","completed",FALSE,FALSE
"s1_anchor","atx_04afbeb21fb0","Hooded Merganser","conditional_positive_numeric_count","active_minus_pre14",0.0190583583400087,0.0251627213132282,0.00610436297321954,0.0198704051428351,0.0194703678200811,1.01924112810213,1.02548197472231,0.500794317612144,0.334322139143871,"completed","completed",FALSE,FALSE
"s1_anchor","atx_04cf65098f13","Red-throated Loon","checklist_reporting","active_minus_pre14",-0.00129015980844558,-0.0288065524640403,-0.0275163926555947,0.139083614428681,0.140520651591914,0.998710672089921,0.971604400765367,0.992598813068013,0.90805059398875,"completed","completed",FALSE,FALSE
"s1_anchor","atx_04cf65098f13","Red-throated Loon","conditional_positive_numeric_count","active_minus_pre14",0.0438395787883444,0.0759112104869748,0.0320716316986304,0.0945672359381801,0.0914562818732119,1.04481473099849,1.07886677784867,0.771927823788218,0.519446502904035,"completed","completed",FALSE,FALSE
"s1_anchor","atx_08bb40b40c0a","Ring-billed Gull","checklist_reporting","active_minus_pre14",-0.0326890335453941,-0.0151217761297563,0.0175672574156378,0.066050758322716,0.0630147516219132,0.967839478410006,0.984991983787707,0.744798270375646,0.90805059398875,"completed","completed",FALSE,FALSE
"s1_anchor","atx_08bb40b40c0a","Ring-billed Gull","conditional_positive_numeric_count","active_minus_pre14",0.0272248294295547,-0.037416365697092,-0.0646411951266467,0.0647336245527855,0.0593290849463224,1.02759881124831,0.963274977183233,0.775181948538418,0.639477626605093,"completed","completed",TRUE,FALSE
"s1_anchor","atx_1328b44be502","Black Scoter","checklist_reporting","active_minus_pre14",0.126173044820064,0.128041816650545,0.00186877183048098,0.0661257063169389,0.068095482202043,1.13447846692048,1.13660053053052,0.142436358995875,0.13961964549622,"completed","completed",FALSE,FALSE
"s1_anchor","atx_1328b44be502","Black Scoter","conditional_positive_numeric_count","active_minus_pre14",0.011957946660692,0.0336952103503146,0.0217372636896226,0.0679416302227821,0.069850013531563,1.01202972874161,1.03426932409815,0.87940898823518,0.706297750912106,"completed","completed",FALSE,FALSE
"s1_anchor","atx_136b0e66254b","Common Murre","checklist_reporting","active_minus_pre14",-0.136177431298835,-0.149314904005354,-0.0131374727065185,0.095019174655233,0.0941694053315899,0.872687776625303,0.861297846047853,0.291480704191967,0.219489215456277,"completed","completed",FALSE,FALSE
"s1_anchor","atx_136b0e66254b","Common Murre","conditional_positive_numeric_count","active_minus_pre14",-0.162888411500191,-0.137990971250766,0.024897440249425,0.118931599366686,0.123547389714822,0.849685998310505,0.871106556712949,0.306930551311193,0.421022011698159,"completed","completed",FALSE,FALSE
"s1_anchor","atx_15dd5efcd8d6","Black Turnstone","checklist_reporting","active_minus_pre14",-0.0451551050743009,-0.024988823384868,0.0201662816894329,0.0677933548048174,0.068052391347602,0.955849213271549,0.97532081275277,0.670604342596355,0.90805059398875,"completed","completed",FALSE,FALSE
"s1_anchor","atx_15dd5efcd8d6","Black Turnstone","conditional_positive_numeric_count","active_minus_pre14",0.112202075773113,0.114293271428098,0.00209119565498515,0.0674045247337424,0.0667554256706301,1.11873890783466,1.12108085766197,0.183982928081028,0.173061110160588,"completed","completed",FALSE,FALSE
"s1_anchor","atx_1812dd827ede","Surfbird","checklist_reporting","active_minus_pre14",0.316804595776672,0.334701003696741,0.0178964079200695,0.175188270317196,0.178708321197559,1.37273430763511,1.39752246869597,0.163363315902389,0.13961964549622,"completed","completed",FALSE,FALSE
"s1_anchor","atx_1812dd827ede","Surfbird","conditional_positive_numeric_count","active_minus_pre14",,,,,,,,,,"failed_insufficient_support","failed_insufficient_support",,
"s1_anchor","atx_1930f23cc4f8","Surf Scoter","checklist_reporting","active_minus_pre14",0.0033872325247271,0.0051767529182007,0.0017895203934736,0.0373668225522733,0.0372449888270914,1.00339297567945,1.00519017545531,0.947512022271045,0.913332157946295,"completed","completed",FALSE,FALSE
"s1_anchor","atx_1930f23cc4f8","Surf Scoter","conditional_positive_numeric_count","active_minus_pre14",0.265309245535371,0.283004055942472,0.0176948104071009,0.0364827310672532,0.0365176902931867,1.3038341183201,1.32711054449026,2.32440140116456e-12,6.04913712869797e-14,"completed","completed",FALSE,FALSE
"s1_anchor","atx_3083477933a8","White-winged Scoter","checklist_reporting","active_minus_pre14",0.0785472556808884,0.0820718617869548,0.00352460610606645,0.0518666813972822,0.0525876549814315,1.08171447110837,1.08553381542648,0.259845384694383,0.219489215456277,"completed","completed",FALSE,FALSE
"s1_anchor","atx_3083477933a8","White-winged Scoter","conditional_positive_numeric_count","active_minus_pre14",0.158220741237151,0.151359294502654,-0.00686144673449715,0.0528906849315405,0.0537634343862799,1.17142474791803,1.16341459146376,0.00912247352531673,0.0124543119611823,"completed","completed",FALSE,FALSE
"s1_anchor","atx_35518e24dfdd","Common Merganser","checklist_reporting","active_minus_pre14",0.151276771980792,0.164178245094096,0.0129014731133039,0.0299442087649932,0.0300444177473304,1.163318587519,1.178424344732,4.1982001811496e-06,4.45601009465997e-07,"completed","completed",FALSE,FALSE
"s1_anchor","atx_35518e24dfdd","Common Merganser","conditional_positive_numeric_count","active_minus_pre14",0.105187479526222,0.111740558268842,0.00655307874261968,0.020314359492429,0.0203183477378284,1.11091886537587,1.11822270937246,1.14638868509506e-06,1.94677340701325e-07,"completed","completed",FALSE,FALSE
"s1_anchor","atx_35707a9578d5","Pelagic Cormorant","checklist_reporting","active_minus_pre14",0.0469494035312908,0.0550401069849648,0.00809070345367397,0.0427186330546705,0.0422650525679485,1.04806897914879,1.05658299018381,0.434802345247555,0.308523778955522,"completed","completed",FALSE,FALSE
"s1_anchor","atx_35707a9578d5","Pelagic Cormorant","conditional_positive_numeric_count","active_minus_pre14",0.0240974481228979,0.0251939980097939,0.00109654988689604,0.0234069344054299,0.023088520510821,1.02439013792296,1.02551404891245,0.476126592641651,0.421955875285912,"completed","completed",FALSE,FALSE
"s1_anchor","atx_40f730f5ad72","Long-tailed Duck","checklist_reporting","active_minus_pre14",0.130478662180212,0.118110434431838,-0.0123682277483738,0.0603076682724646,0.0613135094778889,1.13937362788504,1.12536838392332,0.0914966824909325,0.136578707161869,"completed","completed",FALSE,FALSE
"s1_anchor","atx_40f730f5ad72","Long-tailed Duck","conditional_positive_numeric_count","active_minus_pre14",0.359167543876526,0.393751385822644,0.0345838419461184,0.0550939634298073,0.0570898155908193,1.43213672721105,1.48253192439925,4.06479584207625e-10,3.05284866708416e-11,"completed","completed",FALSE,FALSE
"s1_anchor","atx_4ae57d328ec6","Greater Scaup","checklist_reporting","active_minus_pre14",0.122639664049509,0.116781220716043,-0.00585844333346616,0.0468283954644811,0.0471541673106315,1.1304769960441,1.1238735225473,0.0325696616516724,0.0424469401175391,"completed","completed",FALSE,FALSE
"s1_anchor","atx_4ae57d328ec6","Greater Scaup","conditional_positive_numeric_count","active_minus_pre14",0.150424734942116,0.187156312862488,0.0367315779203718,0.0538443604809927,0.0546653045894647,1.16232781914027,1.20581575483169,0.0159802645270829,0.00189459102500619,"completed","completed",FALSE,FALSE
"s1_anchor","atx_59441ff7abde","Brant","checklist_reporting","active_minus_pre14",0.150813211009579,0.154205314739659,0.00339210373007978,0.0554265413897836,0.056182929753809,1.16277944339748,1.16673040913907,0.0260373264608843,0.0223628848327359,"completed","completed",FALSE,FALSE
"s1_anchor","atx_59441ff7abde","Brant","conditional_positive_numeric_count","active_minus_pre14",0.0670284359452532,0.0856316473590693,0.0186032114138161,0.0521729888317259,0.0538053466951427,1.0693258850346,1.08940496919138,0.338841275661963,0.20515128666324,"completed","completed",FALSE,FALSE
"s1_anchor","atx_5a9a3495d0ea","Western Gull","checklist_reporting","active_minus_pre14",0.153166156838662,0.206207654940324,0.0530414981016622,0.130134006238001,0.134018677455839,1.16551862174434,1.22900838716267,0.395917766159165,0.220249064436745,"completed","completed",FALSE,FALSE
"s1_anchor","atx_5a9a3495d0ea","Western Gull","conditional_positive_numeric_count","active_minus_pre14",0.0701417524384904,0.0819140930406425,0.0117723406021521,0.0393137701599369,0.0390741473704537,1.07266022268008,1.08536256562663,0.148797850005198,0.0789642051960028,"completed_with_singular_warning","completed_with_singular_warning",FALSE,FALSE
"s1_anchor","atx_6b4cfd1ab927","Horned Grebe","checklist_reporting","active_minus_pre14",-0.0684896554256355,-0.0651785928173614,0.00331106260827407,0.0379976619824376,0.037958980146265,0.933803119849375,0.93690012480224,0.163363315902389,0.187559165616422,"completed","completed",FALSE,FALSE
"s1_anchor","atx_6b4cfd1ab927","Horned Grebe","conditional_positive_numeric_count","active_minus_pre14",0.0201125342902358,0.02314426524402,0.00303173095378421,0.0222357305097065,0.022196048768579,1.02031615412059,1.0234141719931,0.525726526634795,0.440825368380463,"completed","completed",FALSE,FALSE
"s1_anchor","atx_6cbe5bbd310c","Rhinoceros Auklet","checklist_reporting","active_minus_pre14",-0.286301112268364,-0.278007626177219,0.00829348609114527,0.140628266975882,0.141491691529507,0.751036435611007,0.757291046256589,0.111368634367205,0.13182267402822,"completed","completed",FALSE,FALSE
"s1_anchor","atx_6cbe5bbd310c","Rhinoceros Auklet","conditional_positive_numeric_count","active_minus_pre14",,,,,,,,,,"failed_insufficient_support","failed_insufficient_support",,
"s1_anchor","atx_725074cbfcb6","Glaucous-winged Gull","checklist_reporting","active_minus_pre14",0.128705392760653,0.125309783891051,-0.00339560886960197,0.0284910083749518,0.0281943948539429,1.13735500178618,1.13349953858127,5.00819359055838e-05,7.04795786676474e-05,"completed","completed",FALSE,FALSE
"s1_anchor","atx_725074cbfcb6","Glaucous-winged Gull","conditional_positive_numeric_count","active_minus_pre14",0.156503563187879,0.179188111159659,0.0226845479717801,0.0154322675316707,0.0151569852893739,1.16941492915672,1.19624575017945,1.66599221144593e-22,1.37962914008105e-30,"completed","completed",FALSE,FALSE
"s1_anchor","atx_7571c026ae99","American Herring Gull","checklist_reporting","active_minus_pre14",0.329755159087973,0.355026953077971,0.0252717939899977,0.061193495610846,0.0622698050379417,1.39062760424744,1.4262190947579,8.51492901048739e-07,1.42567577264538e-07,"completed","completed",FALSE,FALSE
"s1_anchor","atx_7571c026ae99","American Herring Gull","conditional_positive_numeric_count","active_minus_pre14",0.0329634765893671,0.0680025081159775,0.0350390315266104,0.0395384670716163,0.040146582683717,1.0335127911399,1.07036799308247,0.563773770022676,0.173061110160588,"completed","completed",FALSE,FALSE
"s1_anchor","atx_7b80ddaff058","Great Blue Heron","checklist_reporting","active_minus_pre14",0.0103859785420594,0.00571400073722803,-0.00467197780483137,0.0285947459190119,0.0284170336484569,1.0104401000231,1.00573035677741,0.838765938037213,0.90805059398875,"completed","completed",FALSE,FALSE
"s1_anchor","atx_7b80ddaff058","Great Blue Heron","conditional_positive_numeric_count","active_minus_pre14",0.00330600519061,0.013190131050937,0.00988412586032698,0.0140527085877955,0.0139184652228518,1.00331147605301,1.01327750456291,0.87080019078716,0.478534903653249,"completed","completed",FALSE,FALSE
"s1_anchor","atx_7d980a7c8c37","Northern Pintail","checklist_reporting","active_minus_pre14",0.186752293661297,0.159721542666788,-0.0270307509945091,0.0462290644421149,0.0463282402933482,1.20532868051395,1.17318414377608,0.000321095707698144,0.00301641261693581,"completed","completed",FALSE,FALSE
"s1_anchor","atx_7d980a7c8c37","Northern Pintail","conditional_positive_numeric_count","active_minus_pre14",0.0791808583167269,0.0787997114752725,-0.000381146841454363,0.0411400259996854,0.0410364816809132,1.08240006542273,1.08198759066832,0.113475742859638,0.114640680463806,"completed","completed",FALSE,FALSE
"s1_anchor","atx_815c98107028","Mallard","checklist_reporting","active_minus_pre14",0.0142015797534366,0.0172900498479785,0.00308847009454191,0.0278505109470014,0.0278322042958775,1.01430290126083,1.01744038796116,0.744798270375646,0.777384522056635,"completed","completed",FALSE,FALSE
"s1_anchor","atx_815c98107028","Mallard","conditional_positive_numeric_count","active_minus_pre14",0.0697046046725203,0.0680899275427716,-0.00161467712974875,0.0151891819703627,0.0150488643275517,1.07219141413686,1.07046156812897,2.0477866820198e-05,2.53054176996357e-05,"completed","completed",FALSE,FALSE
"s1_anchor","atx_82312e6f2848","Common Goldeneye","checklist_reporting","active_minus_pre14",-0.00411861618607883,0.00608051067354237,0.0101991268596212,0.0327834507986855,0.032435746947276,0.995889853681531,1.00609903450432,0.946004757190418,0.90805059398875,"completed","completed",TRUE,FALSE
"s1_anchor","atx_82312e6f2848","Common Goldeneye","conditional_positive_numeric_count","active_minus_pre14",0.178954138889555,0.181955949182746,0.00300181029319105,0.0212221360508088,0.0209856808413362,1.19596589458618,1.19956135105813,5.19133719770113e-16,4.94843116837402e-17,"completed","completed",FALSE,FALSE
"s1_anchor","atx_8608f2ed61cf","Pigeon Guillemot","checklist_reporting","active_minus_pre14",-0.0104214652897733,-0.0182024176074577,-0.0077809523176844,0.0608818189156138,0.0616173312173637,0.989632650029501,0.981962245791622,0.942639171251674,0.90805059398875,"completed","completed",FALSE,FALSE
"s1_anchor","atx_8608f2ed61cf","Pigeon Guillemot","conditional_positive_numeric_count","active_minus_pre14",0.017436446606554,0.0132710505557505,-0.00416539605080349,0.0389576693039718,0.0402765259525916,1.01758934883943,1.01335950179436,0.771927823788218,0.793531032670205,"completed","completed",FALSE,FALSE
"s1_anchor","atx_86eda7ed9025","Red-necked Grebe","checklist_reporting","active_minus_pre14",0.0621339130888658,0.060900819220703,-0.00123309386816279,0.0460434415465784,0.0466149539042269,1.06410483275235,1.06279350027218,0.327116954752718,0.308523778955522,"completed","completed",FALSE,FALSE
"s1_anchor","atx_86eda7ed9025","Red-necked Grebe","conditional_positive_numeric_count","active_minus_pre14",0.017734380565109,0.0289570183208736,0.0112226377557646,0.0307947326364162,0.0313818377493138,1.01789256842977,1.0293803490284,0.702046394985908,0.481845956582565,"completed","completed",FALSE,FALSE
"s1_anchor","atx_87b306550dba","Harlequin Duck","checklist_reporting","active_minus_pre14",0.140002536658416,0.141310764503657,0.00130822784524129,0.0473032457539805,0.0477121959182931,1.15027671671264,1.15178252549891,0.0134381384326743,0.013348946849282,"completed","completed",FALSE,FALSE
"s1_anchor","atx_87b306550dba","Harlequin Duck","conditional_positive_numeric_count","active_minus_pre14",0.184587097561528,0.192218124413856,0.00763102685232775,0.0232612018548366,0.0234522982288479,1.20272173085304,1.21193484071288,1.93022095576243e-14,2.28386682884792e-15,"completed","completed",FALSE,FALSE
"s1_anchor","atx_98ca0000b734","Brandt's Cormorant","checklist_reporting","active_minus_pre14",-0.00920227665638125,0.0161062257600517,0.025308502416433,0.0784217305486456,0.0796978553890076,0.990839934711987,1.01623663018117,0.946004757190418,0.90805059398875,"completed","completed",TRUE,FALSE
"s1_anchor","atx_98ca0000b734","Brandt's Cormorant","conditional_positive_numeric_count","active_minus_pre14",0.0256883172964088,0.0459951083641969,0.0203067910677881,0.0704650278128866,0.0715280482055193,1.02602110559915,1.04706928906279,0.802693556038634,0.639477626605093,"completed","completed",FALSE,FALSE
"s1_anchor","atx_99238953638b","Bufflehead","checklist_reporting","active_minus_pre14",-0.0591206638669476,-0.061701002989512,-0.00258033912256438,0.0286526562811337,0.0285471059350176,0.942593025375456,0.940163950981031,0.110339875065313,0.0865874217167362,"completed","completed",FALSE,FALSE
"s1_anchor","atx_99238953638b","Bufflehead","conditional_positive_numeric_count","active_minus_pre14",0.113742308961158,0.112836941064109,-0.000905367897048898,0.0138977949172944,0.0138140987386583,1.1204633543132,1.11944938184071,3.15240837869813e-15,2.39896375016722e-15,"completed","completed",FALSE,FALSE
"s1_anchor","atx_9ae1aa9b7fdf","Common Loon","checklist_reporting","active_minus_pre14",-0.0603874242193983,-0.0633617454694581,-0.00297432125005979,0.0376044230852161,0.0376950412875012,0.941399741864104,0.938603876569012,0.226027324179586,0.193631090063235,"completed","completed",FALSE,FALSE
"s1_anchor","atx_9ae1aa9b7fdf","Common Loon","conditional_positive_numeric_count","active_minus_pre14",0.0440614318676406,0.0562060134282531,0.0121445815606125,0.0183225238258899,0.0184152570652618,1.04504655207801,1.05781558550572,0.0413558003378026,0.00653237926033317,"completed","completed",FALSE,FALSE
"s1_anchor","atx_a113baee5693","American Wigeon","checklist_reporting","active_minus_pre14",0.100389607245839,0.0950066288449567,-0.00538297840088227,0.0302627849219098,0.0300478111743038,1.10560158456316,1.09966614461832,0.00436339698500843,0.00752501110916733,"completed","completed",FALSE,FALSE
"s1_anchor","atx_a113baee5693","American Wigeon","conditional_positive_numeric_count","active_minus_pre14",0.0549120928601792,0.0659568797337884,0.0110447868736092,0.0238817919853752,0.0234086528724121,1.05644774129413,1.06818065593867,0.0520193998101351,0.0124543119611823,"completed","completed",FALSE,TRUE
"s1_anchor","atx_a444854c6b66","Double-crested Cormorant","checklist_reporting","active_minus_pre14",0.0291821950468484,0.00970225029941918,-0.0194799447474292,0.034997993736297,0.0346484181186554,1.02961216762428,1.00974946971784,0.570889015616783,0.90805059398875,"completed","completed",FALSE,FALSE
"s1_anchor","atx_a444854c6b66","Double-crested Cormorant","conditional_positive_numeric_count","active_minus_pre14",0.0919497034097453,0.096547411382747,0.00459770797300174,0.0224704849478311,0.0222492197437051,1.09630968005533,1.10136179699167,0.000163924576524155,5.47772524931234e-05,"completed","completed",FALSE,FALSE
"s1_anchor","atx_aa5353f6d6d2","Iceland Gull","checklist_reporting","active_minus_pre14",0.25534451023392,0.2813774471632,0.0260329369292802,0.0461530572776991,0.0466098564469424,1.29090627469726,1.32495360954777,5.04947711878446e-07,2.5141811465937e-08,"completed","completed",FALSE,FALSE
"s1_anchor","atx_aa5353f6d6d2","Iceland Gull","conditional_positive_numeric_count","active_minus_pre14",0.132341263192259,0.204900714755,0.0725594515627406,0.0515040632207538,0.0523879634975489,1.1414978039896,1.22740319588636,0.0275557361574524,0.000301733916150504,"completed","completed",FALSE,FALSE
"s1_anchor","atx_acf526bb8010","Marbled Murrelet","checklist_reporting","active_minus_pre14",-0.0669764033809322,-0.0432686787482038,0.0237077246327284,0.103343662464626,0.103541940860846,0.935217269042057,0.957654054205744,0.670604342596355,0.90805059398875,"completed","completed",FALSE,FALSE
"s1_anchor","atx_acf526bb8010","Marbled Murrelet","conditional_positive_numeric_count","active_minus_pre14",0.0731899390375741,0.0716657064148049,-0.00152423262276916,0.0704859622371696,0.0755043294680496,1.07593487954328,1.07429615371686,0.476126592641651,0.478534903653249,"completed","completed",FALSE,FALSE
"s1_anchor","atx_b3d3ea90f9cb","Canada Goose","checklist_reporting","active_minus_pre14",-0.00862795454176242,-0.00669366639738695,0.00193428814437547,0.027097090974636,0.0269702922885501,0.991409159442069,0.993328686285924,0.857342627397333,0.90805059398875,"completed","completed",FALSE,FALSE
"s1_anchor","atx_b3d3ea90f9cb","Canada Goose","conditional_positive_numeric_count","active_minus_pre14",0.0422335334105438,0.0420486777835096,-0.000184855627034151,0.0189460570212354,0.0187813552223205,1.04313805789605,1.04294524577803,0.0565234208539867,0.0578807347671999,"completed","completed",FALSE,FALSE
"s1_anchor","atx_c12b832d2b03","California Gull","checklist_reporting","active_minus_pre14",0.274129802290556,0.291290272374968,0.0171604700844121,0.0418271116518431,0.0419962296482961,1.31538553121289,1.33815295641714,1.34547924276646e-09,9.67337109599651e-11,"completed","completed",FALSE,FALSE
"s1_anchor","atx_c12b832d2b03","California Gull","conditional_positive_numeric_count","active_minus_pre14",0.137627265589302,0.177957952810347,0.0403306872210446,0.0409680571661893,0.0414361911880445,1.14754774001871,1.19477508324411,0.00276416168841378,6.18851315128324e-05,"completed","completed",FALSE,FALSE
"s1_anchor","atx_c2d1fbbaf6d3","Red-breasted Merganser","checklist_reporting","active_minus_pre14",-0.00857060762958761,-0.0206398709172058,-0.0120692632876182,0.0385347408906927,0.0386076247566472,0.991466015326304,0.979571673303549,0.919805905749992,0.83706674637863,"completed","completed",FALSE,FALSE
"s1_anchor","atx_c2d1fbbaf6d3","Red-breasted Merganser","conditional_positive_numeric_count","active_minus_pre14",0.120334268276824,0.129960228250887,0.00962595997406285,0.0282553152345713,0.0282248236948883,1.12787380100669,1.13878309102856,8.59405255566222e-05,1.90222175679277e-05,"completed","completed",FALSE,FALSE
"s1_anchor","atx_c34f23342a55","Pacific Loon","checklist_reporting","active_minus_pre14",-0.0653232331257248,-0.0816585174202203,-0.0163352842944955,0.051747959969191,0.052363676625323,0.936764621079169,0.921586610742522,0.367695042933349,0.219489215456277,"completed","completed",FALSE,FALSE
"s1_anchor","atx_c34f23342a55","Pacific Loon","conditional_positive_numeric_count","active_minus_pre14",0.145567611611047,0.155059550248253,0.00949193863720649,0.0562690273163306,0.0560944436590399,1.15669593801429,1.16772749749702,0.0275557361574524,0.0138126616771523,"completed_with_convergence_warning","completed",FALSE,FALSE
"s1_anchor","atx_c9db024faf12","American Crow","checklist_reporting","active_minus_pre14",0.0242508708268168,0.0343751077928536,0.0101242369660368,0.0248201929854989,0.0247375666854426,1.02454731468472,1.03497276027163,0.508704604764138,0.28226231123441,"completed","completed",FALSE,FALSE
"s1_anchor","atx_c9db024faf12","American Crow","conditional_positive_numeric_count","active_minus_pre14",0.00802244685238313,0.0108656549037497,0.00284320805136652,0.0124082122270762,0.0121418118709769,1.00805471290565,1.01092490051836,0.680704773653228,0.487393473305239,"completed","completed",FALSE,FALSE
"s1_anchor","atx_d002764a39e8","Lesser Scaup","checklist_reporting","active_minus_pre14",0.232836335714045,0.257838357682109,0.0250020219680645,0.0661033031528695,0.0652695453074656,1.26217488947,1.29412961560595,0.00228161775534749,0.000468197696598626,"completed","completed",FALSE,FALSE
"s1_anchor","atx_d002764a39e8","Lesser Scaup","conditional_positive_numeric_count","active_minus_pre14",0.0847311271662611,0.0350949747644242,-0.0496361524018369,0.062252005844645,0.0603442941448409,1.0884243796051,1.0357180712084,0.306930551311193,0.66151572149065,"completed","completed",FALSE,FALSE
"s1_anchor","atx_d7dd9536145c","Barrow's Goldeneye","checklist_reporting","active_minus_pre14",0.0512408005838287,0.0396386488781012,-0.0116021517057275,0.0428355640052509,0.0420358595124453,1.05257632376216,1.04043474399501,0.395917766159165,0.518542648360724,"completed","completed",FALSE,FALSE
"s1_anchor","atx_d7dd9536145c","Barrow's Goldeneye","conditional_positive_numeric_count","active_minus_pre14",0.0949054344736054,0.0445212906845442,-0.0503841437890612,0.0416416658921865,0.0399776076478961,1.09955487022438,1.04552723646407,0.0521208626686396,0.421022011698159,"completed","completed",FALSE,FALSE
"s1_anchor","atx_e0e678a61ad7","Short-billed Gull","checklist_reporting","active_minus_pre14",0.223751605336081,0.240304570698171,0.0165529653620895,0.0335759207126769,0.0333331361583564,1.25076029865524,1.27163639453129,1.27863966180429e-09,2.70191568459478e-11,"completed","completed",FALSE,FALSE
"s1_anchor","atx_e0e678a61ad7","Short-billed Gull","conditional_positive_numeric_count","active_minus_pre14",0.262176582277994,0.275251859389461,0.0130752771114673,0.0285699637397326,0.0286322651525176,1.29975603604821,1.31686229723895,1.02282689923671e-18,1.61527221031249e-20,"completed","completed",FALSE,FALSE
"s1_anchor","atx_ebf17f77fb66","Western Grebe","checklist_reporting","active_minus_pre14",-0.264085044550445,-0.268820973168444,-0.00473592861799899,0.117772984635889,0.119816550989552,0.767908230469407,0.764280070040471,0.0798096623456756,0.0745735458640298,"completed","completed",FALSE,FALSE
"s1_anchor","atx_ebf17f77fb66","Western Grebe","conditional_positive_numeric_count","active_minus_pre14",0.111248546375569,0.0826673429796379,-0.0285812033959311,0.178424775734405,0.180388729958412,1.1176726658252,1.08618042289978,0.680996049081459,0.708351904111296,"completed","completed",FALSE,FALSE
"s1_anchor","atx_fadb8da1a816","Bonaparte's Gull","checklist_reporting","active_minus_pre14",0.392652922068867,0.394194024344814,0.00154110227594734,0.0971740197761988,0.0980196205977533,1.48090431091735,1.48318829539617,0.000321095707698144,0.000396400250738774,"completed","completed",FALSE,FALSE
"s1_anchor","atx_fadb8da1a816","Bonaparte's Gull","conditional_positive_numeric_count","active_minus_pre14",0.150675829331046,0.212654685451766,0.0619788561207199,0.148575405750638,0.156563429890503,1.16261970977827,1.23695743808747,0.476126592641651,0.30851756575592,"completed","completed",FALSE,FALSE
"s1_anchor","atx_fc0a9b777dcd","Bald Eagle","checklist_reporting","active_minus_pre14",0.0402408996766001,0.0624689092285384,0.0222280095519383,0.0239716857756079,0.0238759678499797,1.04106153537422,1.0644613634784,0.203374973279404,0.030467751749705,"completed","completed",FALSE,TRUE
"s1_anchor","atx_fc0a9b777dcd","Bald Eagle","conditional_positive_numeric_count","active_minus_pre14",0.0607002860305954,0.0755312455124571,0.0148309594818617,0.00828090570019805,0.00826892578588056,1.06258039626907,1.07845692413088,1.76252229644815e-12,1.00896543186771e-18,"completed","completed",FALSE,FALSE
"s1_anchor","atx_v2_000002","Black Oystercatcher","checklist_reporting","active_minus_pre14",-0.0394852625153214,-0.0468217566878283,-0.00733649417250685,0.0421724808224419,0.0424642385754599,0.961284120796209,0.954257472445121,0.523693341358451,0.418364716034358,"completed","completed",FALSE,FALSE
"s1_anchor","atx_v2_000002","Black Oystercatcher","conditional_positive_numeric_count","active_minus_pre14",-0.00730913121653948,-0.00458082177342897,0.00272830944311051,0.0215337765310852,0.0217840895331059,0.992717515522004,0.995429654188355,0.804220814194581,0.871330820407924,"completed","completed",FALSE,FALSE
"s1_anchor","atx_v2_000003","Dunlin","checklist_reporting","active_minus_pre14",-0.0386944219854713,0.00754337751411038,0.0462377994995817,0.0561466710451594,0.0567770529810398,0.962044643926255,1.00757190046095,0.670604342596355,0.913332157946295,"completed","completed",TRUE,FALSE
"s1_anchor","atx_v2_000003","Dunlin","conditional_positive_numeric_count","active_minus_pre14",0.0152898168886663,-0.00547820848519507,-0.0207680253738614,0.0730800649512383,0.0737490892690382,1.01540730416149,0.99453676953552,0.872198095614585,0.961692590538087,"completed","completed",TRUE,FALSE
"s1_anchor","atx_v2_000006","Black-bellied Plover","checklist_reporting","active_minus_pre14",-0.0589773456905242,-0.026697782617565,0.0322795630729592,0.0647571375470927,0.065770947963627,0.942728125769902,0.973655452666535,0.527169282059606,0.90805059398875,"completed","completed",FALSE,FALSE
"s1_anchor","atx_v2_000006","Black-bellied Plover","conditional_positive_numeric_count","active_minus_pre14",-0.0376714992806947,-0.0304707343727337,0.00720076490796099,0.0562199606415391,0.0569736226800147,0.963029244734942,0.969988818983057,0.680273720586879,0.681689064882933,"completed","completed",FALSE,FALSE
"s1_anchor","atx_v2_000007","Common Raven","checklist_reporting","active_minus_pre14",-0.0591362405604375,-0.0687182107527538,-0.0095819701923163,0.02425881282042,0.0242724743351201,0.942578343007165,0.933589718559783,0.0506747575618012,0.0185543093992096,"completed","completed",FALSE,TRUE
"s1_anchor","atx_v2_000007","Common Raven","conditional_positive_numeric_count","active_minus_pre14",-0.000525266187925862,-8.20330701242327e-05,0.000443233117801629,0.00919430310065841,0.00918960191631975,0.999474871740208,0.999917970294496,0.954442015622478,0.992877596717624,"completed","completed",FALSE,FALSE
"s1_anchor","atx_v2_000011","Glaucous Gull","checklist_reporting","active_minus_pre14",,,,,,,,,,"failed_numerical_fit_no_fallback","failed_numerical_fit_no_fallback",,
"s1_anchor","atx_v2_000011","Glaucous Gull","conditional_positive_numeric_count","active_minus_pre14",,,,,,,,,,"failed_insufficient_support","failed_insufficient_support",,
