"file","sha256"
"outputs/post_stage4a_distance_band_sensitivity_v2/bald_eagle_distance_band_effects_v2.csv","0701669ad889b677317c77fed89a0147c4b0ca53f65da37ebb61d3ac0a6d8e83"
"outputs/post_stage4a_distance_band_sensitivity_v2/model_diagnostics_v2.csv","0e8e571e5f4730c6e9908d8de6296e3346e3f3a5dde9f1de942de3f32acc92d0"
"outputs/post_stage4a_distance_band_sensitivity_v2/model_term_support_v2.csv","155a3c524a14734451d13348e9ee2cc8f74e2586492efdd600d49d7fdc3267f0"
"outputs/post_stage4a_distance_band_sensitivity_v2/joint_exposure_support_v2.csv","337fdb36bdd8d7858526de9d872be082d7921d8c4f081a309e8d6ea1b6dd4635"
"outputs/post_stage4a_distance_band_sensitivity_v2/fixed_effects_v2.csv","378b273b7c78bcb6af7a435205e306f9c9289320799e5d14f22a81b12806d26a"
"outputs/post_stage4a_distance_band_sensitivity_v2/exposure_covariance_v2.csv","96f62cb0b7c2485042a390b95be9094326b1cf8ded04af8f4ba3ac004c8afc23"
"outputs/post_stage4a_distance_band_sensitivity_v2/distance_heterogeneity_tests_v2.csv","2562aecbe23fbac1c9845d1864f792b20ace87df4c25d3982f9a00e7f435eb3b"
"outputs/post_stage4a_distance_band_sensitivity_v2/bald_eagle_distance_band_panel_v2.png","6c699c426ee62bf0988acc510530b843cfd04e83b1dedbda4003f2fd09f2d8ac"
"outputs/post_stage4a_distance_band_sensitivity_v2/execution_record_v2.yml","9cfb65c13a592b97529564bb40b9594b44e6d78c76e911e032bb77466b7f2a19"
