"analysis_version","stage","analysis_taxon_id","species","analysis_role","outcome","engine","n","converged","singular_fit","rank_deficient","convergence_message","maximum_absolute_gradient","event_block_variance","observer_variance","location_variance","residual_variance","status","analysis_variant"
"post_stage4a_staged_refit_v1_s1_anchor","s1_anchor","atx_04afbeb21fb0","Hooded Merganser","core_species","checklist_reporting","lme4_glmer_nAGQ0",217200,TRUE,FALSE,FALSE,"",,0.230462949749232,0.213587913677954,4.94908160559587,,"completed","long_span_event_excluded"
"post_stage4a_staged_refit_v1_s1_anchor","s1_anchor","atx_04afbeb21fb0","Hooded Merganser","core_species","conditional_positive_numeric_count","lme4_lmer_REML",20340,TRUE,FALSE,FALSE,"",0.0102624835562892,0.0409334199195092,0.0175900526316029,0.0680540065248424,0.435630805870284,"completed","long_span_event_excluded"
"post_stage4a_staged_refit_v1_s1_anchor","s1_anchor","atx_04cf65098f13","Red-throated Loon","core_species","checklist_reporting","lme4_glmer_nAGQ0",217200,TRUE,FALSE,FALSE,"",,0.395887517475021,1.2105205513131,7.73179701394471,,"completed","long_span_event_excluded"
"post_stage4a_staged_refit_v1_s1_anchor","s1_anchor","atx_04cf65098f13","Red-throated Loon","core_species","conditional_positive_numeric_count","lme4_lmer_REML",1488,TRUE,FALSE,FALSE,"",0.0116030764729658,0.0160879696508159,0.0412675056351899,0.03505073431169,0.431167340321828,"completed","long_span_event_excluded"
"post_stage4a_staged_refit_v1_s1_anchor","s1_anchor","atx_08bb40b40c0a","Ring-billed Gull","core_species","checklist_reporting","lme4_glmer_nAGQ0",217200,TRUE,FALSE,FALSE,"",,1.99563081891287,0.853840393063982,4.10191106414931,,"completed","long_span_event_excluded"
"post_stage4a_staged_refit_v1_s1_anchor","s1_anchor","atx_08bb40b40c0a","Ring-billed Gull","core_species","conditional_positive_numeric_count","lme4_lmer_REML",4549,TRUE,FALSE,FALSE,"",0.0402739351557102,0.0760807715268476,0.102983006281264,0.164419225099753,0.900481825998022,"completed","long_span_event_excluded"
"post_stage4a_staged_refit_v1_s1_anchor","s1_anchor","atx_1328b44be502","Black Scoter","core_species","checklist_reporting","lme4_glmer_nAGQ0",217178,TRUE,FALSE,FALSE,"",,2.08832733025056,0.459715021829525,9.31527149335466,,"completed","long_span_event_excluded"
"post_stage4a_staged_refit_v1_s1_anchor","s1_anchor","atx_1328b44be502","Black Scoter","core_species","conditional_positive_numeric_count","lme4_lmer_REML",1684,TRUE,FALSE,FALSE,"",0.00632781848253217,0.306795395591443,0.0941307291508347,0.298943886664306,1.37347171405258,"completed","long_span_event_excluded"
"post_stage4a_staged_refit_v1_s1_anchor","s1_anchor","atx_136b0e66254b","Common Murre","core_species","checklist_reporting","lme4_glmer_nAGQ0",217200,TRUE,FALSE,FALSE,"",,1.17717669313775,1.46956862210241,12.9411746046059,,"completed","long_span_event_excluded"
"post_stage4a_staged_refit_v1_s1_anchor","s1_anchor","atx_136b0e66254b","Common Murre","core_species","conditional_positive_numeric_count","lme4_lmer_REML",2023,TRUE,FALSE,FALSE,"",0.0204940715775592,0.148095127201799,0.140402577333917,0.291856698019062,1.946766398429,"completed","long_span_event_excluded"
"post_stage4a_staged_refit_v1_s1_anchor","s1_anchor","atx_15dd5efcd8d6","Black Turnstone","core_species","checklist_reporting","lme4_glmer_nAGQ0",217200,TRUE,FALSE,FALSE,"",,2.76726556135897,0.364614393140587,12.5710936463335,,"completed","long_span_event_excluded"
"post_stage4a_staged_refit_v1_s1_anchor","s1_anchor","atx_15dd5efcd8d6","Black Turnstone","core_species","conditional_positive_numeric_count","lme4_lmer_REML",4421,TRUE,FALSE,FALSE,"",0.00228214958042372,0.0968268230239025,0.0226466464753214,0.284347480081659,1.08603289813435,"completed","long_span_event_excluded"
"post_stage4a_staged_refit_v1_s1_anchor","s1_anchor","atx_1812dd827ede","Surfbird","core_species","checklist_reporting","lme4_glmer_nAGQ0",217200,TRUE,FALSE,FALSE,"",,0.405070632913806,0.309776104787802,17.355929679333,,"completed","long_span_event_excluded"
"post_stage4a_staged_refit_v1_s1_anchor","s1_anchor","atx_1812dd827ede","Surfbird","core_species","conditional_positive_numeric_count","lme4_lmer_REML",1063,FALSE,,,"failed_insufficient_support",,,,,,"failed_insufficient_support","long_span_event_excluded"
"post_stage4a_staged_refit_v1_s1_anchor","s1_anchor","atx_1930f23cc4f8","Surf Scoter","core_species","checklist_reporting","lme4_glmer_nAGQ0",217183,TRUE,FALSE,FALSE,"",,0.994630696611024,0.790962266613654,11.5901466967926,,"completed","long_span_event_excluded"
"post_stage4a_staged_refit_v1_s1_anchor","s1_anchor","atx_1930f23cc4f8","Surf Scoter","core_species","conditional_positive_numeric_count","lme4_lmer_REML",16632,TRUE,FALSE,FALSE,"",0.0101216937764548,0.25939127242378,0.134776808881941,0.614606849460609,2.08369607545985,"completed","long_span_event_excluded"
"post_stage4a_staged_refit_v1_s1_anchor","s1_anchor","atx_3083477933a8","White-winged Scoter","core_species","checklist_reporting","lme4_glmer_nAGQ0",217199,TRUE,FALSE,FALSE,"",,0.884948500470475,0.854871076413144,10.025170678545,,"completed","long_span_event_excluded"
"post_stage4a_staged_refit_v1_s1_anchor","s1_anchor","atx_3083477933a8","White-winged Scoter","core_species","conditional_positive_numeric_count","lme4_lmer_REML",4706,TRUE,FALSE,FALSE,"",0.00221141817746684,0.0953966704929846,0.209654095581957,0.532951669553251,1.61720524802654,"completed","long_span_event_excluded"
"post_stage4a_staged_refit_v1_s1_anchor","s1_anchor","atx_35518e24dfdd","Common Merganser","core_species","checklist_reporting","lme4_glmer_nAGQ0",217093,TRUE,FALSE,FALSE,"",,0.144781873696806,0.245171974151183,3.97294024710652,,"completed","long_span_event_excluded"
"post_stage4a_staged_refit_v1_s1_anchor","s1_anchor","atx_35518e24dfdd","Common Merganser","core_species","conditional_positive_numeric_count","lme4_lmer_REML",27776,TRUE,FALSE,FALSE,"",0.0119800824904814,0.048419303287668,0.0260386949769448,0.153191043255349,0.799800685766103,"completed","long_span_event_excluded"
"post_stage4a_staged_refit_v1_s1_anchor","s1_anchor","atx_35707a9578d5","Pelagic Cormorant","core_species","checklist_reporting","lme4_glmer_nAGQ0",217200,TRUE,FALSE,FALSE,"",,0.0831144805819298,0.984997115061401,11.8865291947319,,"completed","long_span_event_excluded"
"post_stage4a_staged_refit_v1_s1_anchor","s1_anchor","atx_35707a9578d5","Pelagic Cormorant","core_species","conditional_positive_numeric_count","lme4_lmer_REML",18881,TRUE,FALSE,FALSE,"",0.00149553670780733,0.0218798548464125,0.0997353267564959,0.256513683409886,0.595081706746998,"completed","long_span_event_excluded"
"post_stage4a_staged_refit_v1_s1_anchor","s1_anchor","atx_40f730f5ad72","Long-tailed Duck","core_species","checklist_reporting","lme4_glmer_nAGQ0",217200,TRUE,FALSE,FALSE,"",,1.6277357125327,0.994152517295455,11.0152193031131,,"completed","long_span_event_excluded"
"post_stage4a_staged_refit_v1_s1_anchor","s1_anchor","atx_40f730f5ad72","Long-tailed Duck","core_species","conditional_positive_numeric_count","lme4_lmer_REML",2946,TRUE,FALSE,FALSE,"",0.00073613591666799,0.170902633898942,0.13436503433776,0.499682939283307,1.31940897509605,"completed","long_span_event_excluded"
"post_stage4a_staged_refit_v1_s1_anchor","s1_anchor","atx_4ae57d328ec6","Greater Scaup","core_species","checklist_reporting","lme4_glmer_nAGQ0",216227,TRUE,FALSE,FALSE,"",,0.347478489084446,0.728396128572686,6.50270577204631,,"completed","long_span_event_excluded"
"post_stage4a_staged_refit_v1_s1_anchor","s1_anchor","atx_4ae57d328ec6","Greater Scaup","core_species","conditional_positive_numeric_count","lme4_lmer_REML",4514,TRUE,FALSE,FALSE,"",0.00194920175999869,0.162756044183317,0.196678625730046,0.901699447978651,1.58364262171567,"completed","long_span_event_excluded"
"post_stage4a_staged_refit_v1_s1_anchor","s1_anchor","atx_59441ff7abde","Brant","core_species","checklist_reporting","lme4_glmer_nAGQ0",217200,TRUE,FALSE,FALSE,"",,2.26984399241947,0.357750637705507,10.5281062974157,,"completed","long_span_event_excluded"
"post_stage4a_staged_refit_v1_s1_anchor","s1_anchor","atx_59441ff7abde","Brant","core_species","conditional_positive_numeric_count","lme4_lmer_REML",3796,TRUE,FALSE,FALSE,"",0.0089207424025517,0.21146353496622,0.123732948042311,0.639076393766387,1.77203208094609,"completed","long_span_event_excluded"
"post_stage4a_staged_refit_v1_s1_anchor","s1_anchor","atx_5a9a3495d0ea","Western Gull","core_species","checklist_reporting","lme4_glmer_nAGQ0",216824,TRUE,FALSE,FALSE,"",,1.38529131469776,1.21281520505824,8.01067676619131,,"completed","long_span_event_excluded"
"post_stage4a_staged_refit_v1_s1_anchor","s1_anchor","atx_5a9a3495d0ea","Western Gull","core_species","conditional_positive_numeric_count","lme4_lmer_REML",712,TRUE,TRUE,FALSE,"boundary (singular) fit: see help('isSingular')",7.38327798899263e-05,0,0.0618226555844383,0.0016367372740295,0.0749124566745295,"completed_with_singular_warning","long_span_event_excluded"
"post_stage4a_staged_refit_v1_s1_anchor","s1_anchor","atx_6b4cfd1ab927","Horned Grebe","core_species","checklist_reporting","lme4_glmer_nAGQ0",217142,TRUE,FALSE,FALSE,"",,2.95646888838393,0.898599237439843,10.4353427922036,,"completed","long_span_event_excluded"
"post_stage4a_staged_refit_v1_s1_anchor","s1_anchor","atx_6b4cfd1ab927","Horned Grebe","core_species","conditional_positive_numeric_count","lme4_lmer_REML",13054,TRUE,FALSE,FALSE,"",0.00247548086917959,0.0163532908809313,0.117760627255046,0.19373120504847,0.593766225543762,"completed","long_span_event_excluded"
"post_stage4a_staged_refit_v1_s1_anchor","s1_anchor","atx_6cbe5bbd310c","Rhinoceros Auklet","core_species","checklist_reporting","lme4_glmer_nAGQ0",217200,TRUE,FALSE,FALSE,"",,1.96685120338063,1.19811701742749,14.7405938541579,,"completed","long_span_event_excluded"
"post_stage4a_staged_refit_v1_s1_anchor","s1_anchor","atx_6cbe5bbd310c","Rhinoceros Auklet","core_species","conditional_positive_numeric_count","lme4_lmer_REML",1816,FALSE,,,"failed_insufficient_support",,,,,,"failed_insufficient_support","long_span_event_excluded"
"post_stage4a_staged_refit_v1_s1_anchor","s1_anchor","atx_725074cbfcb6","Glaucous-winged Gull","core_species","checklist_reporting","lme4_glmer_nAGQ0",217037,TRUE,FALSE,FALSE,"",,0.282788944856739,2.07314927423625,4.87474929181108,,"completed","long_span_event_excluded"
"post_stage4a_staged_refit_v1_s1_anchor","s1_anchor","atx_725074cbfcb6","Glaucous-winged Gull","core_species","conditional_positive_numeric_count","lme4_lmer_REML",85053,TRUE,FALSE,FALSE,"",0.041500898078084,0.0273659482257236,0.281494172512034,0.5519106282321,0.939425696638857,"completed","long_span_event_excluded"
"post_stage4a_staged_refit_v1_s1_anchor","s1_anchor","atx_7571c026ae99","American Herring Gull","core_species","checklist_reporting","lme4_glmer_nAGQ0",217179,TRUE,FALSE,FALSE,"",,0.30586062009772,2.30625762604528,3.69399667093944,,"completed","long_span_event_excluded"
"post_stage4a_staged_refit_v1_s1_anchor","s1_anchor","atx_7571c026ae99","American Herring Gull","core_species","conditional_positive_numeric_count","lme4_lmer_REML",1851,TRUE,FALSE,FALSE,"",0.00575992544327164,0.0133899003340032,0.103972828973395,0.0131477258017918,0.513649981330841,"completed","long_span_event_excluded"
"post_stage4a_staged_refit_v1_s1_anchor","s1_anchor","atx_7b80ddaff058","Great Blue Heron","core_species","checklist_reporting","lme4_glmer_nAGQ0",217200,TRUE,FALSE,FALSE,"",,0.0304924098287673,0.210307173522946,2.96341420733026,,"completed","long_span_event_excluded"
"post_stage4a_staged_refit_v1_s1_anchor","s1_anchor","atx_7b80ddaff058","Great Blue Heron","core_species","conditional_positive_numeric_count","lme4_lmer_REML",50285,TRUE,FALSE,FALSE,"",0.0149804691318423,0.0169289744101909,0.0342228903821308,0.124403640895732,0.443456807548478,"completed","long_span_event_excluded"
"post_stage4a_staged_refit_v1_s1_anchor","s1_anchor","atx_7d980a7c8c37","Northern Pintail","core_species","checklist_reporting","lme4_glmer_nAGQ0",217200,TRUE,FALSE,FALSE,"",,0.191499623767774,0.367715656571027,10.7253424533399,,"completed","long_span_event_excluded"
"post_stage4a_staged_refit_v1_s1_anchor","s1_anchor","atx_7d980a7c8c37","Northern Pintail","core_species","conditional_positive_numeric_count","lme4_lmer_REML",14278,TRUE,FALSE,FALSE,"",0.00594267476117238,0.0534665950132175,0.161199932959569,0.560831097731933,1.32206741364844,"completed","long_span_event_excluded"
"post_stage4a_staged_refit_v1_s1_anchor","s1_anchor","atx_815c98107028","Mallard","core_species","checklist_reporting","lme4_glmer_nAGQ0",217200,TRUE,FALSE,FALSE,"",,0.0882400715150228,0.530691201213234,4.86850801648282,,"completed","long_span_event_excluded"
"post_stage4a_staged_refit_v1_s1_anchor","s1_anchor","atx_815c98107028","Mallard","core_species","conditional_positive_numeric_count","lme4_lmer_REML",81526,TRUE,FALSE,FALSE,"",0.00579428160563111,0.989149022380627,0.145076995665097,0.786213069340895,1.04417680298184,"completed","long_span_event_excluded"
"post_stage4a_staged_refit_v1_s1_anchor","s1_anchor","atx_82312e6f2848","Common Goldeneye","core_species","checklist_reporting","lme4_glmer_nAGQ0",216892,TRUE,FALSE,FALSE,"",,0.990241720631792,0.609980490300332,6.77216109923889,,"completed","long_span_event_excluded"
"post_stage4a_staged_refit_v1_s1_anchor","s1_anchor","atx_82312e6f2848","Common Goldeneye","core_species","conditional_positive_numeric_count","lme4_lmer_REML",21195,TRUE,FALSE,FALSE,"",0.0151314088725485,0.0558249846600544,0.100074547628562,0.291655122018261,0.776997293563064,"completed","long_span_event_excluded"
"post_stage4a_staged_refit_v1_s1_anchor","s1_anchor","atx_8608f2ed61cf","Pigeon Guillemot","core_species","checklist_reporting","lme4_glmer_nAGQ0",217200,TRUE,FALSE,FALSE,"",,0.834486692994561,0.857742003178704,11.4957803638703,,"completed","long_span_event_excluded"
"post_stage4a_staged_refit_v1_s1_anchor","s1_anchor","atx_8608f2ed61cf","Pigeon Guillemot","core_species","conditional_positive_numeric_count","lme4_lmer_REML",6342,TRUE,FALSE,FALSE,"",0.0498935150972102,0.0305698549789359,0.064583149279148,0.158226549206928,0.532791497591847,"completed","long_span_event_excluded"
"post_stage4a_staged_refit_v1_s1_anchor","s1_anchor","atx_86eda7ed9025","Red-necked Grebe","core_species","checklist_reporting","lme4_glmer_nAGQ0",217200,TRUE,FALSE,FALSE,"",,1.16495208254071,1.24621912558391,9.70885099772736,,"completed","long_span_event_excluded"
"post_stage4a_staged_refit_v1_s1_anchor","s1_anchor","atx_86eda7ed9025","Red-necked Grebe","core_species","conditional_positive_numeric_count","lme4_lmer_REML",8109,TRUE,FALSE,FALSE,"",0.0116920273285359,0.0206763496603469,0.139075874204378,0.134433080200945,0.708607612793588,"completed","long_span_event_excluded"
"post_stage4a_staged_refit_v1_s1_anchor","s1_anchor","atx_87b306550dba","Harlequin Duck","core_species","checklist_reporting","lme4_glmer_nAGQ0",217200,TRUE,FALSE,FALSE,"",,1.34983143510564,0.523109343865899,13.9364728232496,,"completed","long_span_event_excluded"
"post_stage4a_staged_refit_v1_s1_anchor","s1_anchor","atx_87b306550dba","Harlequin Duck","core_species","conditional_positive_numeric_count","lme4_lmer_REML",12030,TRUE,FALSE,FALSE,"",0.00551166522200219,0.0799817130205464,0.04014274358897,0.286474427234154,0.570655419566606,"completed","long_span_event_excluded"
"post_stage4a_staged_refit_v1_s1_anchor","s1_anchor","atx_98ca0000b734","Brandt's Cormorant","core_species","checklist_reporting","lme4_glmer_nAGQ0",217200,TRUE,FALSE,FALSE,"",,0.190518291850526,1.39965380744071,10.7343664545385,,"completed","long_span_event_excluded"
"post_stage4a_staged_refit_v1_s1_anchor","s1_anchor","atx_98ca0000b734","Brandt's Cormorant","core_species","conditional_positive_numeric_count","lme4_lmer_REML",2573,TRUE,FALSE,FALSE,"",0.00295494373858673,0.0441636740795346,0.156471499143717,0.327589245278097,0.955133417913461,"completed","long_span_event_excluded"
"post_stage4a_staged_refit_v1_s1_anchor","s1_anchor","atx_99238953638b","Bufflehead","core_species","checklist_reporting","lme4_glmer_nAGQ0",217200,TRUE,FALSE,FALSE,"",,3.88566564146899,0.546822774854171,7.07994787095011,,"completed","long_span_event_excluded"
"post_stage4a_staged_refit_v1_s1_anchor","s1_anchor","atx_99238953638b","Bufflehead","core_species","conditional_positive_numeric_count","lme4_lmer_REML",50039,TRUE,FALSE,FALSE,"",0.0120660115499049,0.103764350591127,0.0884374285798115,0.475031179790019,0.704031244232654,"completed","long_span_event_excluded"
"post_stage4a_staged_refit_v1_s1_anchor","s1_anchor","atx_9ae1aa9b7fdf","Common Loon","core_species","checklist_reporting","lme4_glmer_nAGQ0",217199,TRUE,FALSE,FALSE,"",,1.42498637658561,0.700079400958035,7.75698838286341,,"completed","long_span_event_excluded"
"post_stage4a_staged_refit_v1_s1_anchor","s1_anchor","atx_9ae1aa9b7fdf","Common Loon","core_species","conditional_positive_numeric_count","lme4_lmer_REML",15359,TRUE,FALSE,FALSE,"",0.00461948729935102,0.0361067359821602,0.0808192620545477,0.094184963023279,0.395961197049962,"completed","long_span_event_excluded"
"post_stage4a_staged_refit_v1_s1_anchor","s1_anchor","atx_a113baee5693","American Wigeon","core_species","checklist_reporting","lme4_glmer_nAGQ0",217190,TRUE,FALSE,FALSE,"",,0.164370710047517,0.404674278257749,7.15854714998709,,"completed","long_span_event_excluded"
"post_stage4a_staged_refit_v1_s1_anchor","s1_anchor","atx_a113baee5693","American Wigeon","core_species","conditional_positive_numeric_count","lme4_lmer_REML",34665,TRUE,FALSE,FALSE,"",0.00529384124092758,0.0453732958990467,0.128854929558594,0.64752833226253,1.33487870986687,"completed","long_span_event_excluded"
"post_stage4a_staged_refit_v1_s1_anchor","s1_anchor","atx_a444854c6b66","Double-crested Cormorant","core_species","checklist_reporting","lme4_glmer_nAGQ0",217200,TRUE,FALSE,FALSE,"",,0.132152440235145,0.598211849926843,6.25957340485089,,"completed","long_span_event_excluded"
"post_stage4a_staged_refit_v1_s1_anchor","s1_anchor","atx_a444854c6b66","Double-crested Cormorant","core_species","conditional_positive_numeric_count","lme4_lmer_REML",29011,TRUE,FALSE,FALSE,"",0.0372155045624822,0.01002899941272,0.0806263398177702,0.20393495209819,0.724086745592772,"completed","long_span_event_excluded"
"post_stage4a_staged_refit_v1_s1_anchor","s1_anchor","atx_aa5353f6d6d2","Iceland Gull","core_species","checklist_reporting","lme4_glmer_nAGQ0",217184,TRUE,FALSE,FALSE,"",,0.636835585005951,1.75988989805952,4.64767895750352,,"completed","long_span_event_excluded"
"post_stage4a_staged_refit_v1_s1_anchor","s1_anchor","atx_aa5353f6d6d2","Iceland Gull","core_species","conditional_positive_numeric_count","lme4_lmer_REML",4317,TRUE,FALSE,FALSE,"",0.00426137376052793,0.19916834409507,0.32611182369892,0.53699533369627,1.683026566494,"completed","long_span_event_excluded"
"post_stage4a_staged_refit_v1_s1_anchor","s1_anchor","atx_acf526bb8010","Marbled Murrelet","core_species","checklist_reporting","lme4_glmer_nAGQ0",217200,TRUE,FALSE,FALSE,"",,0.394636345412465,0.977722307815846,10.9966418054987,,"completed","long_span_event_excluded"
"post_stage4a_staged_refit_v1_s1_anchor","s1_anchor","atx_acf526bb8010","Marbled Murrelet","core_species","conditional_positive_numeric_count","lme4_lmer_REML",3103,TRUE,FALSE,FALSE,"",0.000367217580787838,0.0105343860937849,0.0490739942628088,0.0603904796724809,0.557196984706972,"completed","long_span_event_excluded"
"post_stage4a_staged_refit_v1_s1_anchor","s1_anchor","atx_b3d3ea90f9cb","Canada Goose","core_species","checklist_reporting","lme4_glmer_nAGQ0",217083,TRUE,FALSE,FALSE,"",,0.836695430100516,0.336751152569194,3.1852193903491,,"completed","long_span_event_excluded"
"post_stage4a_staged_refit_v1_s1_anchor","s1_anchor","atx_b3d3ea90f9cb","Canada Goose","core_species","conditional_positive_numeric_count","lme4_lmer_REML",68271,TRUE,FALSE,FALSE,"",0.103160418802872,0.0442389699867406,0.0784403739493284,0.487579440566842,1.159955704242,"completed","long_span_event_excluded"
"post_stage4a_staged_refit_v1_s1_anchor","s1_anchor","atx_c12b832d2b03","California Gull","core_species","checklist_reporting","lme4_glmer_nAGQ0",217200,TRUE,FALSE,FALSE,"",,0.121892694980273,1.16303366917322,4.54590885109464,,"completed","long_span_event_excluded"
"post_stage4a_staged_refit_v1_s1_anchor","s1_anchor","atx_c12b832d2b03","California Gull","core_species","conditional_positive_numeric_count","lme4_lmer_REML",6644,TRUE,FALSE,FALSE,"",0.00341447957907803,0.0538298299527778,0.2087405918119,0.326897718713301,1.60646609649249,"completed","long_span_event_excluded"
"post_stage4a_staged_refit_v1_s1_anchor","s1_anchor","atx_c2d1fbbaf6d3","Red-breasted Merganser","core_species","checklist_reporting","lme4_glmer_nAGQ0",217092,TRUE,FALSE,FALSE,"",,0.809397002185973,0.781019984763139,8.17539574599017,,"completed","long_span_event_excluded"
"post_stage4a_staged_refit_v1_s1_anchor","s1_anchor","atx_c2d1fbbaf6d3","Red-breasted Merganser","core_species","conditional_positive_numeric_count","lme4_lmer_REML",13364,TRUE,FALSE,FALSE,"",0.00355816155206412,0.028198818905916,0.109915771338317,0.172396313863727,0.859385217839459,"completed","long_span_event_excluded"
"post_stage4a_staged_refit_v1_s1_anchor","s1_anchor","atx_c34f23342a55","Pacific Loon","core_species","checklist_reporting","lme4_glmer_nAGQ0",217200,TRUE,FALSE,FALSE,"",,1.51124408339335,1.06725402978939,9.78977817202995,,"completed","long_span_event_excluded"
"post_stage4a_staged_refit_v1_s1_anchor","s1_anchor","atx_c34f23342a55","Pacific Loon","core_species","conditional_positive_numeric_count","lme4_lmer_REML",6049,TRUE,FALSE,FALSE,"",0.0135142545332201,0.197944847839526,0.356275970952228,0.218495443452036,1.79833187292087,"completed","long_span_event_excluded"
"post_stage4a_staged_refit_v1_s1_anchor","s1_anchor","atx_c9db024faf12","American Crow","core_species","checklist_reporting","lme4_glmer_nAGQ0",217200,TRUE,FALSE,FALSE,"",,1.1603813668576,0.891850119109447,2.39372773627207,,"completed","long_span_event_excluded"
"post_stage4a_staged_refit_v1_s1_anchor","s1_anchor","atx_c9db024faf12","American Crow","core_species","conditional_positive_numeric_count","lme4_lmer_REML",112180,TRUE,FALSE,FALSE,"",0.0518042361363769,0.0671749970135942,0.119382064609463,0.234923160727748,0.724117202102957,"completed","long_span_event_excluded"
"post_stage4a_staged_refit_v1_s1_anchor","s1_anchor","atx_d002764a39e8","Lesser Scaup","core_species","checklist_reporting","lme4_glmer_nAGQ0",216290,TRUE,FALSE,FALSE,"",,0.338243629168317,0.457526689779586,9.73992494539695,,"completed","long_span_event_excluded"
"post_stage4a_staged_refit_v1_s1_anchor","s1_anchor","atx_d002764a39e8","Lesser Scaup","core_species","conditional_positive_numeric_count","lme4_lmer_REML",9378,TRUE,FALSE,FALSE,"",0.00242744135903195,0.230043910764495,0.0980846148864453,0.579826005941883,1.09025335958341,"completed","long_span_event_excluded"
"post_stage4a_staged_refit_v1_s1_anchor","s1_anchor","atx_d7dd9536145c","Barrow's Goldeneye","core_species","checklist_reporting","lme4_glmer_nAGQ0",216814,TRUE,FALSE,FALSE,"",,0.504453011836133,0.678992583755826,9.25112333378576,,"completed","long_span_event_excluded"
"post_stage4a_staged_refit_v1_s1_anchor","s1_anchor","atx_d7dd9536145c","Barrow's Goldeneye","core_species","conditional_positive_numeric_count","lme4_lmer_REML",10960,TRUE,FALSE,FALSE,"",0.0055571217671968,0.0975553291742049,0.121333298517862,0.312736352482289,1.2398367132769,"completed","long_span_event_excluded"
"post_stage4a_staged_refit_v1_s1_anchor","s1_anchor","atx_e0e678a61ad7","Short-billed Gull","core_species","checklist_reporting","lme4_glmer_nAGQ0",217200,TRUE,FALSE,FALSE,"",,0.484010782386471,1.37509924616584,6.84173650563409,,"completed","long_span_event_excluded"
"post_stage4a_staged_refit_v1_s1_anchor","s1_anchor","atx_e0e678a61ad7","Short-billed Gull","core_species","conditional_positive_numeric_count","lme4_lmer_REML",22003,TRUE,FALSE,FALSE,"",0.0660790101392195,0.0470333505256239,0.284720518686701,0.483949952153719,1.57701577367602,"completed","long_span_event_excluded"
"post_stage4a_staged_refit_v1_s1_anchor","s1_anchor","atx_ebf17f77fb66","Western Grebe","core_species","checklist_reporting","lme4_glmer_nAGQ0",217186,TRUE,FALSE,FALSE,"",,0.145360488659889,0.724980774083502,7.76226027292025,,"completed","long_span_event_excluded"
"post_stage4a_staged_refit_v1_s1_anchor","s1_anchor","atx_ebf17f77fb66","Western Grebe","core_species","conditional_positive_numeric_count","lme4_lmer_REML",1346,TRUE,FALSE,FALSE,"",0.000961226760409772,0.0217740380739215,0.349676365508184,0.435507149338838,1.60197998978521,"completed","long_span_event_excluded"
"post_stage4a_staged_refit_v1_s1_anchor","s1_anchor","atx_fadb8da1a816","Bonaparte's Gull","core_species","checklist_reporting","lme4_glmer_nAGQ0",217200,TRUE,FALSE,FALSE,"",,0.694598864884271,0.423526204419551,8.1304800580096,,"completed","long_span_event_excluded"
"post_stage4a_staged_refit_v1_s1_anchor","s1_anchor","atx_fadb8da1a816","Bonaparte's Gull","core_species","conditional_positive_numeric_count","lme4_lmer_REML",4025,TRUE,FALSE,FALSE,"",0.0165314031619346,0.130884016260508,0.0876640658919832,0.477357945692963,2.09359625484187,"completed","long_span_event_excluded"
"post_stage4a_staged_refit_v1_s1_anchor","s1_anchor","atx_fc0a9b777dcd","Bald Eagle","core_species","checklist_reporting","lme4_glmer_nAGQ0",217199,TRUE,FALSE,FALSE,"",,0.39058013938474,0.358990984652555,1.27406143450061,,"completed","long_span_event_excluded"
"post_stage4a_staged_refit_v1_s1_anchor","s1_anchor","atx_fc0a9b777dcd","Bald Eagle","core_species","conditional_positive_numeric_count","lme4_lmer_REML",83359,TRUE,FALSE,FALSE,"",0.0552277197130024,0.0233517119075146,0.0412189863778424,0.105905124311033,0.347615104064929,"completed","long_span_event_excluded"
"post_stage4a_staged_refit_v1_s1_anchor","s1_anchor","atx_v2_000002","Black Oystercatcher","core_species","checklist_reporting","lme4_glmer_nAGQ0",217200,TRUE,FALSE,FALSE,"",,1.22302226875586,0.229639542666247,11.1099172360055,,"completed","long_span_event_excluded"
"post_stage4a_staged_refit_v1_s1_anchor","s1_anchor","atx_v2_000002","Black Oystercatcher","core_species","conditional_positive_numeric_count","lme4_lmer_REML",13626,TRUE,FALSE,FALSE,"",0.0725916106603108,0.0248167768592796,0.0196328901350995,0.117014145759901,0.457106658114539,"completed","long_span_event_excluded"
"post_stage4a_staged_refit_v1_s1_anchor","s1_anchor","atx_v2_000003","Dunlin","core_species","checklist_reporting","lme4_glmer_nAGQ0",217200,TRUE,FALSE,FALSE,"",,0.764679217270106,0.36293037786959,11.5832329702381,,"completed","long_span_event_excluded"
"post_stage4a_staged_refit_v1_s1_anchor","s1_anchor","atx_v2_000003","Dunlin","core_species","conditional_positive_numeric_count","lme4_lmer_REML",5908,TRUE,FALSE,FALSE,"",0.00134088622871786,0.545052451267811,0.0892631517024671,0.615153545956217,2.19633748312232,"completed","long_span_event_excluded"
"post_stage4a_staged_refit_v1_s1_anchor","s1_anchor","atx_v2_000006","Black-bellied Plover","core_species","checklist_reporting","lme4_glmer_nAGQ0",217200,TRUE,FALSE,FALSE,"",,0.889195720644247,0.423650809233105,13.4036204653529,,"completed","long_span_event_excluded"
"post_stage4a_staged_refit_v1_s1_anchor","s1_anchor","atx_v2_000006","Black-bellied Plover","core_species","conditional_positive_numeric_count","lme4_lmer_REML",3973,TRUE,FALSE,FALSE,"",0.00640265170659404,0.252865853906027,0.0263449965072823,0.202315347419095,1.00482370519223,"completed","long_span_event_excluded"
"post_stage4a_staged_refit_v1_s1_anchor","s1_anchor","atx_v2_000007","Common Raven","core_species","checklist_reporting","lme4_glmer_nAGQ0",217200,TRUE,FALSE,FALSE,"",,0.551657227297628,0.597239251969118,1.38376562752045,,"completed","long_span_event_excluded"
"post_stage4a_staged_refit_v1_s1_anchor","s1_anchor","atx_v2_000007","Common Raven","core_species","conditional_positive_numeric_count","lme4_lmer_REML",60940,TRUE,FALSE,FALSE,"",0.00885585905052722,0.0141208284444839,0.037818310875196,0.093358126274081,0.286985123080038,"completed","long_span_event_excluded"
"post_stage4a_staged_refit_v1_s1_anchor","s1_anchor","atx_v2_000011","Glaucous Gull","core_species","checklist_reporting","lme4_glmer_nAGQ0",217200,FALSE,,,"Error : Downdated VtV is not positive definite ",,,,,,"failed_numerical_fit_no_fallback","long_span_event_excluded"
"post_stage4a_staged_refit_v1_s1_anchor","s1_anchor","atx_v2_000011","Glaucous Gull","core_species","conditional_positive_numeric_count","lme4_lmer_REML",185,FALSE,,,"failed_insufficient_support",,,,,,"failed_insufficient_support","long_span_event_excluded"
