"model_version_id","analysis_taxon_id","unit_label","region","outcome","band","band_label","contrast","contrast_type","period","minimum_day","maximum_day","estimate","standard_error","conf_low","conf_high","ratio","ratio_conf_low","ratio_conf_high","p_value","n","status","bh_family_id","bh_family_size","p_value_bh_13","significant_nominal_0_05","significant_bh_0_05"
"SOG_BALD_EAGLE_DISTANCE_BAND_v2","atx_fc0a9b777dcd","Bald Eagle","SoG","detection","band_0_2","0–<2 km","within_band_0_2_early_pre_minus_baseline","within_band_period_minus_baseline","early_pre",-14,-8,-0.0301466027351376,0.0610765808574492,-0.149854501514587,0.0895612960443113,0.970303274007062,0.860833217242965,1.09369437039637,0.621597925081174,217199,"completed","bald_eagle__detection__early_pre__13_bands",13,0.673397752171272,FALSE,FALSE
"SOG_BALD_EAGLE_DISTANCE_BAND_v2","atx_fc0a9b777dcd","Bald Eagle","SoG","detection","band_0_2","0–<2 km","within_band_0_2_immediate_pre_minus_baseline","within_band_period_minus_baseline","immediate_pre",-7,-1,0.0619198094207093,0.0615607999413587,-0.0587371413238292,0.182576760165248,1.0638770283921,0.942954600381324,1.20030628312613,0.314496493675259,217199,"completed","bald_eagle__detection__immediate_pre__13_bands",13,0.86009277314987,FALSE,FALSE
"SOG_BALD_EAGLE_DISTANCE_BAND_v2","atx_fc0a9b777dcd","Bald Eagle","SoG","detection","band_0_2","0–<2 km","within_band_0_2_spawn_start_minus_baseline","within_band_period_minus_baseline","spawn_start",0,3,0.270265136907546,0.0713117441453374,0.130496686707949,0.410033587107142,1.31031181670444,1.13939416474168,1.50686839561317,0.000150701497237248,217199,"completed","bald_eagle__detection__spawn_start__13_bands",13,0.00195911946408422,TRUE,TRUE
"SOG_BALD_EAGLE_DISTANCE_BAND_v2","atx_fc0a9b777dcd","Bald Eagle","SoG","detection","band_0_2","0–<2 km","within_band_0_2_early_egg_minus_baseline","within_band_period_minus_baseline","early_egg",4,14,0.0101827000308146,0.0504706209154775,-0.0887378992408953,0.109103299302525,1.01023472013923,0.91508538671998,1.11527755178445,0.840108264251338,217199,"completed","bald_eagle__detection__early_egg__13_bands",13,0.952253406076857,FALSE,FALSE
"SOG_BALD_EAGLE_DISTANCE_BAND_v2","atx_fc0a9b777dcd","Bald Eagle","SoG","detection","band_0_2","0–<2 km","within_band_0_2_late_egg_minus_baseline","within_band_period_minus_baseline","late_egg",15,28,-0.0172190622892558,0.0484880728369198,-0.112253938729374,0.0778158141508619,0.982928338516654,0.893817253861332,1.08092354951228,0.72250003605547,217199,"completed","bald_eagle__detection__late_egg__13_bands",13,0.853863678974646,FALSE,FALSE
"SOG_BALD_EAGLE_DISTANCE_BAND_v2","atx_fc0a9b777dcd","Bald Eagle","SoG","detection","band_0_2","0–<2 km","within_band_0_2_active_0_14_minus_baseline","within_band_duration_weighted_active_minus_baseline","active_0_14",0,14,0.0795380165312763,0.0467808115999657,-0.0121506893722101,0.171226722434763,1.0827867225423,0.987922832173471,1.18675978359009,0.0890881648666717,217199,"completed","bald_eagle__detection__active_0_14__13_bands",13,0.289536535816683,FALSE,FALSE
"SOG_BALD_EAGLE_DISTANCE_BAND_v2","atx_fc0a9b777dcd","Bald Eagle","SoG","detection","band_2_4","2–<4 km","within_band_2_4_early_pre_minus_baseline","within_band_period_minus_baseline","early_pre",-14,-8,0.0303101620922286,0.0477340735773038,-0.0632469029546718,0.123867227139129,1.03077419145797,0.938711674388353,1.13186557999094,0.525441731638597,217199,"completed","bald_eagle__detection__early_pre__13_bands",13,0.673397752171272,FALSE,FALSE
"SOG_BALD_EAGLE_DISTANCE_BAND_v2","atx_fc0a9b777dcd","Bald Eagle","SoG","detection","band_2_4","2–<4 km","within_band_2_4_immediate_pre_minus_baseline","within_band_period_minus_baseline","immediate_pre",-7,-1,0.148259801012346,0.049438609426727,0.0513619070902189,0.245157694934474,1.15981417812224,1.05270380532271,1.27782280350074,0.00270985811314231,217199,"completed","bald_eagle__detection__immediate_pre__13_bands",13,0.017614077735425,TRUE,TRUE
"SOG_BALD_EAGLE_DISTANCE_BAND_v2","atx_fc0a9b777dcd","Bald Eagle","SoG","detection","band_2_4","2–<4 km","within_band_2_4_spawn_start_minus_baseline","within_band_period_minus_baseline","spawn_start",0,3,0.181132475473939,0.0570240187287928,0.0693674525117671,0.29289749843611,1.19857395042846,1.07182998341684,1.34030539999084,0.00149102727340138,217199,"completed","bald_eagle__detection__spawn_start__13_bands",13,0.00969167727710897,TRUE,TRUE
"SOG_BALD_EAGLE_DISTANCE_BAND_v2","atx_fc0a9b777dcd","Bald Eagle","SoG","detection","band_2_4","2–<4 km","within_band_2_4_early_egg_minus_baseline","within_band_period_minus_baseline","early_egg",4,14,0.0857102831304988,0.0393943880540298,0.00849870135160548,0.162921864909392,1.08949063875983,1.00853491783894,1.17694472541293,0.0295778653734048,217199,"completed","bald_eagle__detection__early_egg__13_bands",13,0.128170749951421,TRUE,FALSE
"SOG_BALD_EAGLE_DISTANCE_BAND_v2","atx_fc0a9b777dcd","Bald Eagle","SoG","detection","band_2_4","2–<4 km","within_band_2_4_late_egg_minus_baseline","within_band_period_minus_baseline","late_egg",15,28,0.060718486879673,0.0363957484150534,-0.0106158692042124,0.132052842963558,1.06259973631049,0.989440280267802,1.1411686204058,0.0952591329089404,217199,"completed","bald_eagle__detection__late_egg__13_bands",13,0.392841343709204,FALSE,FALSE
"SOG_BALD_EAGLE_DISTANCE_BAND_v2","atx_fc0a9b777dcd","Bald Eagle","SoG","detection","band_2_4","2–<4 km","within_band_2_4_active_0_14_minus_baseline","within_band_duration_weighted_active_minus_baseline","active_0_14",0,14,0.111156201088749,0.0365700226733436,0.0394802737351827,0.182832128442316,1.11756945878772,1.04026997804149,1.2006128424147,0.00236936415827926,217199,"completed","bald_eagle__detection__active_0_14__13_bands",13,0.0154008670288152,TRUE,TRUE
"SOG_BALD_EAGLE_DISTANCE_BAND_v2","atx_fc0a9b777dcd","Bald Eagle","SoG","detection","band_4_6","4–<6 km","within_band_4_6_early_pre_minus_baseline","within_band_period_minus_baseline","early_pre",-14,-8,0.0219069156227796,0.0393465147329393,-0.055210836170956,0.0990246674165153,1.02214863397297,0.946285615684072,1.10409353435806,0.577685336852586,217199,"completed","bald_eagle__detection__early_pre__13_bands",13,0.673397752171272,FALSE,FALSE
"SOG_BALD_EAGLE_DISTANCE_BAND_v2","atx_fc0a9b777dcd","Bald Eagle","SoG","detection","band_4_6","4–<6 km","within_band_4_6_immediate_pre_minus_baseline","within_band_period_minus_baseline","immediate_pre",-7,-1,-0.0394751550278705,0.0409536919566555,-0.119742916296863,0.040792606241122,0.961293837012499,0.887148478819115,1.04163605432573,0.335097394078089,217199,"completed","bald_eagle__detection__immediate_pre__13_bands",13,0.86009277314987,FALSE,FALSE
"SOG_BALD_EAGLE_DISTANCE_BAND_v2","atx_fc0a9b777dcd","Bald Eagle","SoG","detection","band_4_6","4–<6 km","within_band_4_6_spawn_start_minus_baseline","within_band_period_minus_baseline","spawn_start",0,3,0.0611001963126716,0.0489732350730887,-0.034885580636996,0.157085973262339,1.0630054180747,0.965715906535201,1.17009620656484,0.212168688806366,217199,"completed","bald_eagle__detection__spawn_start__13_bands",13,0.448735043750333,FALSE,FALSE
"SOG_BALD_EAGLE_DISTANCE_BAND_v2","atx_fc0a9b777dcd","Bald Eagle","SoG","detection","band_4_6","4–<6 km","within_band_4_6_early_egg_minus_baseline","within_band_period_minus_baseline","early_egg",4,14,-0.0260031077759737,0.0345880289218106,-0.0937943987589523,0.041788183207005,0.974332061598273,0.910469936747384,1.04267359958063,0.452174339371161,217199,"completed","bald_eagle__detection__early_egg__13_bands",13,0.952253406076857,FALSE,FALSE
"SOG_BALD_EAGLE_DISTANCE_BAND_v2","atx_fc0a9b777dcd","Bald Eagle","SoG","detection","band_4_6","4–<6 km","within_band_4_6_late_egg_minus_baseline","within_band_period_minus_baseline","late_egg",15,28,-0.0624866948950515,0.0316402494794141,-0.124500444336565,-0.000472945453537654,0.939425561886017,0.882937869044721,0.999527166367534,0.0482781837390908,217199,"completed","bald_eagle__detection__late_egg__13_bands",13,0.31380819430409,TRUE,FALSE
"SOG_BALD_EAGLE_DISTANCE_BAND_v2","atx_fc0a9b777dcd","Bald Eagle","SoG","detection","band_4_6","4–<6 km","within_band_4_6_active_0_14_minus_baseline","within_band_duration_weighted_active_minus_baseline","active_0_14",0,14,-0.0027755600190016,0.0318337339740233,-0.0651685321015164,0.0596174120635132,0.997228288286484,0.936909550735586,1.0614303783946,0.930521068364735,217199,"completed","bald_eagle__detection__active_0_14__13_bands",13,0.991441161687117,FALSE,FALSE
"SOG_BALD_EAGLE_DISTANCE_BAND_v2","atx_fc0a9b777dcd","Bald Eagle","SoG","detection","band_6_8","6–<8 km","within_band_6_8_early_pre_minus_baseline","within_band_period_minus_baseline","early_pre",-14,-8,0.0247197836740509,0.036182751975656,-0.0461971070597802,0.0956366744078821,1.02502785073914,0.954853735228621,1.10035920269959,0.494485230507374,217199,"completed","bald_eagle__detection__early_pre__13_bands",13,0.673397752171272,FALSE,FALSE
"SOG_BALD_EAGLE_DISTANCE_BAND_v2","atx_fc0a9b777dcd","Bald Eagle","SoG","detection","band_6_8","6–<8 km","within_band_6_8_immediate_pre_minus_baseline","within_band_period_minus_baseline","immediate_pre",-7,-1,0.0262401975441614,0.0372707683307699,-0.0468091660602837,0.0992895611486065,1.02658750265841,0.954269487221175,1.10438604055477,0.48140642995878,217199,"completed","bald_eagle__detection__immediate_pre__13_bands",13,0.894040512780592,FALSE,FALSE
"SOG_BALD_EAGLE_DISTANCE_BAND_v2","atx_fc0a9b777dcd","Bald Eagle","SoG","detection","band_6_8","6–<8 km","within_band_6_8_spawn_start_minus_baseline","within_band_period_minus_baseline","spawn_start",0,3,-0.0434416004723176,0.0451412837825459,-0.13191689090201,0.0450336899573743,0.95748846933261,0.876413830015587,1.04606310113636,0.335875088604561,217199,"completed","bald_eagle__detection__spawn_start__13_bands",13,0.485152905762144,FALSE,FALSE
"SOG_BALD_EAGLE_DISTANCE_BAND_v2","atx_fc0a9b777dcd","Bald Eagle","SoG","detection","band_6_8","6–<8 km","within_band_6_8_early_egg_minus_baseline","within_band_period_minus_baseline","early_egg",4,14,0.015367742401428,0.0319393114191688,-0.0472321576711517,0.0779676424740078,1.01548643337938,0.953865924591394,1.08108767678152,0.630406718606302,217199,"completed","bald_eagle__detection__early_egg__13_bands",13,0.952253406076857,FALSE,FALSE
"SOG_BALD_EAGLE_DISTANCE_BAND_v2","atx_fc0a9b777dcd","Bald Eagle","SoG","detection","band_6_8","6–<8 km","within_band_6_8_late_egg_minus_baseline","within_band_period_minus_baseline","late_egg",15,28,0.0129987504108917,0.0293280070200948,-0.0444830870868319,0.0704805879086154,1.01308360142078,0.956491777019192,1.07302373959365,0.657606832523316,217199,"completed","bald_eagle__detection__late_egg__13_bands",13,0.853863678974646,FALSE,FALSE
"SOG_BALD_EAGLE_DISTANCE_BAND_v2","atx_fc0a9b777dcd","Bald Eagle","SoG","detection","band_6_8","6–<8 km","within_band_6_8_active_0_14_minus_baseline","within_band_duration_weighted_active_minus_baseline","active_0_14",0,14,-0.000314749031570804,0.029341432488344,-0.0578228999635385,0.0571934019003969,0.999685300496709,0.943817082676288,1.05886057624151,0.991441161687117,217199,"completed","bald_eagle__detection__active_0_14__13_bands",13,0.991441161687117,FALSE,FALSE
"SOG_BALD_EAGLE_DISTANCE_BAND_v2","atx_fc0a9b777dcd","Bald Eagle","SoG","detection","band_8_10","8–<10 km","within_band_8_10_early_pre_minus_baseline","within_band_period_minus_baseline","early_pre",-14,-8,-0.0868743449354914,0.0350114851330609,-0.15549559484155,-0.0182530950294324,0.916792287989838,0.855990847695939,0.981912483737446,0.0130900509332007,217199,"completed","bald_eagle__detection__early_pre__13_bands",13,0.170170662131609,TRUE,FALSE
"SOG_BALD_EAGLE_DISTANCE_BAND_v2","atx_fc0a9b777dcd","Bald Eagle","SoG","detection","band_8_10","8–<10 km","within_band_8_10_immediate_pre_minus_baseline","within_band_period_minus_baseline","immediate_pre",-7,-1,-0.119016434987384,0.0358190304750124,-0.189220444679551,-0.0488124252952176,0.887793209771846,0.827604045675548,0.952359751544754,0.000891458974812269,217199,"completed","bald_eagle__detection__immediate_pre__13_bands",13,0.0115889666725595,TRUE,TRUE
"SOG_BALD_EAGLE_DISTANCE_BAND_v2","atx_fc0a9b777dcd","Bald Eagle","SoG","detection","band_8_10","8–<10 km","within_band_8_10_spawn_start_minus_baseline","within_band_period_minus_baseline","spawn_start",0,3,-0.130605764715552,0.0439417282689043,-0.21672996954105,-0.0444815598900545,0.877563672768046,0.805147354262994,0.956493237771467,0.0029562667139371,217199,"completed","bald_eagle__detection__spawn_start__13_bands",13,0.0128104890937274,TRUE,TRUE
"SOG_BALD_EAGLE_DISTANCE_BAND_v2","atx_fc0a9b777dcd","Bald Eagle","SoG","detection","band_8_10","8–<10 km","within_band_8_10_early_egg_minus_baseline","within_band_period_minus_baseline","early_egg",4,14,-0.0900833332132066,0.0302026678959657,-0.149279474526324,-0.0308871919000896,0.913855027622185,0.861328361922406,0.969584943942178,0.0028578480114197,217199,"completed","bald_eagle__detection__early_egg__13_bands",13,0.0371520241484561,TRUE,TRUE
"SOG_BALD_EAGLE_DISTANCE_BAND_v2","atx_fc0a9b777dcd","Bald Eagle","SoG","detection","band_8_10","8–<10 km","within_band_8_10_late_egg_minus_baseline","within_band_period_minus_baseline","late_egg",15,28,-0.0430734456852272,0.0277905747202692,-0.0975419712466241,0.0113950798761697,0.957841038192153,0.907064270138669,1.01146025110741,0.121158316370094,217199,"completed","bald_eagle__detection__late_egg__13_bands",13,0.392841343709204,FALSE,FALSE
"SOG_BALD_EAGLE_DISTANCE_BAND_v2","atx_fc0a9b777dcd","Bald Eagle","SoG","detection","band_8_10","8–<10 km","within_band_8_10_active_0_14_minus_baseline","within_band_duration_weighted_active_minus_baseline","active_0_14",0,14,-0.100889314947165,0.0278230191275838,-0.155421430378399,-0.0463571995159321,0.904033090298696,0.856054334151812,0.954700882584487,0.000287723347056659,217199,"completed","bald_eagle__detection__active_0_14__13_bands",13,0.00374040351173657,TRUE,TRUE
"SOG_BALD_EAGLE_DISTANCE_BAND_v2","atx_fc0a9b777dcd","Bald Eagle","SoG","detection","band_10_12","10–<12 km","within_band_10_12_early_pre_minus_baseline","within_band_period_minus_baseline","early_pre",-14,-8,0.0113684300571643,0.0341859797689157,-0.0556348590661254,0.0783717191804541,1.01143329623396,0.945884453974537,1.08152460740013,0.739476586425011,217199,"completed","bald_eagle__detection__early_pre__13_bands",13,0.739476586425011,FALSE,FALSE
"SOG_BALD_EAGLE_DISTANCE_BAND_v2","atx_fc0a9b777dcd","Bald Eagle","SoG","detection","band_10_12","10–<12 km","within_band_10_12_immediate_pre_minus_baseline","within_band_period_minus_baseline","immediate_pre",-7,-1,0.0137273851864119,0.0345785500595642,-0.0540453275679494,0.0815000979407731,1.01382203835603,0.94738916268189,1.08491332384124,0.691373841077595,217199,"completed","bald_eagle__detection__immediate_pre__13_bands",13,0.971334956134119,FALSE,FALSE
"SOG_BALD_EAGLE_DISTANCE_BAND_v2","atx_fc0a9b777dcd","Bald Eagle","SoG","detection","band_10_12","10–<12 km","within_band_10_12_spawn_start_minus_baseline","within_band_period_minus_baseline","spawn_start",0,3,0.0585384258408805,0.0426724382285688,-0.0250980162196245,0.142174867901386,1.06028572728247,0.975214320522629,1.15277821481994,0.170122970264276,217199,"completed","bald_eagle__detection__spawn_start__13_bands",13,0.442319722687118,FALSE,FALSE
"SOG_BALD_EAGLE_DISTANCE_BAND_v2","atx_fc0a9b777dcd","Bald Eagle","SoG","detection","band_10_12","10–<12 km","within_band_10_12_early_egg_minus_baseline","within_band_period_minus_baseline","early_egg",4,14,0.0713851498707852,0.0289044320071131,0.0147335041432566,0.128036795598314,1.07399479517675,1.01484257723336,1.13659482361422,0.013522804982252,217199,"completed","bald_eagle__detection__early_egg__13_bands",13,0.087898232384638,TRUE,FALSE
"SOG_BALD_EAGLE_DISTANCE_BAND_v2","atx_fc0a9b777dcd","Bald Eagle","SoG","detection","band_10_12","10–<12 km","within_band_10_12_late_egg_minus_baseline","within_band_period_minus_baseline","late_egg",15,28,0.016434340363062,0.026320134664539,-0.0351521756476787,0.0680208563738027,1.01657012696924,0.965458485807847,1.07038763265055,0.53236372075196,217199,"completed","bald_eagle__detection__late_egg__13_bands",13,0.853863678974646,FALSE,FALSE
"SOG_BALD_EAGLE_DISTANCE_BAND_v2","atx_fc0a9b777dcd","Bald Eagle","SoG","detection","band_10_12","10–<12 km","within_band_10_12_active_0_14_minus_baseline","within_band_duration_weighted_active_minus_baseline","active_0_14",0,14,0.0679593567961439,0.0270615488935165,0.0149196955989819,0.120999017993306,1.07032180628738,1.01503154984214,1.12862380405067,0.0120291340300238,217199,"completed","bald_eagle__detection__active_0_14__13_bands",13,0.0521262474634365,TRUE,FALSE
"SOG_BALD_EAGLE_DISTANCE_BAND_v2","atx_fc0a9b777dcd","Bald Eagle","SoG","detection","band_12_14","12–<14 km","within_band_12_14_early_pre_minus_baseline","within_band_period_minus_baseline","early_pre",-14,-8,-0.0220515224483363,0.0443614683175386,-0.108998402652027,0.0648953577553541,0.978189835017617,0.896731849889894,1.06704736031098,0.619127491038503,217199,"completed","bald_eagle__detection__early_pre__13_bands",13,0.673397752171272,FALSE,FALSE
"SOG_BALD_EAGLE_DISTANCE_BAND_v2","atx_fc0a9b777dcd","Bald Eagle","SoG","detection","band_12_14","12–<14 km","within_band_12_14_immediate_pre_minus_baseline","within_band_period_minus_baseline","immediate_pre",-7,-1,-0.0244436749987561,0.0429022708215514,-0.10853058066398,0.0596432306664683,0.97585265227234,0.897151458910164,1.06145778339788,0.568845593187951,217199,"completed","bald_eagle__detection__immediate_pre__13_bands",13,0.92437408893042,FALSE,FALSE
"SOG_BALD_EAGLE_DISTANCE_BAND_v2","atx_fc0a9b777dcd","Bald Eagle","SoG","detection","band_12_14","12–<14 km","within_band_12_14_spawn_start_minus_baseline","within_band_period_minus_baseline","spawn_start",0,3,0.0194302095987816,0.0500114106999418,-0.0785903541891455,0.117450773386709,1.01962020467429,0.924418531071213,1.12462626703874,0.697634565651793,217199,"completed","bald_eagle__detection__spawn_start__13_bands",13,0.755770779456109,FALSE,FALSE
"SOG_BALD_EAGLE_DISTANCE_BAND_v2","atx_fc0a9b777dcd","Bald Eagle","SoG","detection","band_12_14","12–<14 km","within_band_12_14_early_egg_minus_baseline","within_band_period_minus_baseline","early_egg",4,14,-0.042064873044325,0.0361454051352248,-0.112908565315975,0.0287788192273247,0.958807577788371,0.893232328798028,1.02919693072626,0.244517962816492,217199,"completed","bald_eagle__detection__early_egg__13_bands",13,0.794683379153599,FALSE,FALSE
"SOG_BALD_EAGLE_DISTANCE_BAND_v2","atx_fc0a9b777dcd","Bald Eagle","SoG","detection","band_12_14","12–<14 km","within_band_12_14_late_egg_minus_baseline","within_band_period_minus_baseline","late_egg",15,28,-0.0164009766265265,0.0336343828211213,-0.082323155598157,0.049521202345104,0.983732787106948,0.920974292604293,1.05076787072166,0.625815258849963,217199,"completed","bald_eagle__detection__late_egg__13_bands",13,0.853863678974646,FALSE,FALSE
"SOG_BALD_EAGLE_DISTANCE_BAND_v2","atx_fc0a9b777dcd","Bald Eagle","SoG","detection","band_12_14","12–<14 km","within_band_12_14_active_0_14_minus_baseline","within_band_duration_weighted_active_minus_baseline","active_0_14",0,14,-0.0256661843394966,0.0332753897166605,-0.0908847497556857,0.0395523810766925,0.97466039221277,0.913122942477376,1.04034499184855,0.440513527528285,217199,"completed","bald_eagle__detection__active_0_14__13_bands",13,0.715834482233463,FALSE,FALSE
"SOG_BALD_EAGLE_DISTANCE_BAND_v2","atx_fc0a9b777dcd","Bald Eagle","SoG","detection","band_14_16","14–<16 km","within_band_14_16_early_pre_minus_baseline","within_band_period_minus_baseline","early_pre",-14,-8,0.0747868313497404,0.0398082371255023,-0.00323587970427441,0.152809542403755,1.07765440426331,0.996769350111916,1.16510305508262,0.0602885694903754,217199,"completed","bald_eagle__detection__early_pre__13_bands",13,0.261250467791627,FALSE,FALSE
"SOG_BALD_EAGLE_DISTANCE_BAND_v2","atx_fc0a9b777dcd","Bald Eagle","SoG","detection","band_14_16","14–<16 km","within_band_14_16_immediate_pre_minus_baseline","within_band_period_minus_baseline","immediate_pre",-7,-1,0.0327553965919338,0.0386698570515245,-0.0430361305163665,0.108546923700234,1.03329776017357,0.957876780859102,1.11465721115206,0.39696589529994,217199,"completed","bald_eagle__detection__immediate_pre__13_bands",13,0.86009277314987,FALSE,FALSE
"SOG_BALD_EAGLE_DISTANCE_BAND_v2","atx_fc0a9b777dcd","Bald Eagle","SoG","detection","band_14_16","14–<16 km","within_band_14_16_spawn_start_minus_baseline","within_band_period_minus_baseline","spawn_start",0,3,0.048158158169266,0.045255963902822,-0.0405419011659099,0.136858217504442,1.04933660335724,0.960268927280785,1.14666555988991,0.287270519808865,217199,"completed","bald_eagle__detection__spawn_start__13_bands",13,0.466814594689406,FALSE,FALSE
"SOG_BALD_EAGLE_DISTANCE_BAND_v2","atx_fc0a9b777dcd","Bald Eagle","SoG","detection","band_14_16","14–<16 km","within_band_14_16_early_egg_minus_baseline","within_band_period_minus_baseline","early_egg",4,14,0.021256367403619,0.0323112503201336,-0.0420725195193012,0.0845852543265392,1.02148389324582,0.958800246318251,1.08826561962969,0.510626340106164,217199,"completed","bald_eagle__detection__early_egg__13_bands",13,0.952253406076857,FALSE,FALSE
"SOG_BALD_EAGLE_DISTANCE_BAND_v2","atx_fc0a9b777dcd","Bald Eagle","SoG","detection","band_14_16","14–<16 km","within_band_14_16_late_egg_minus_baseline","within_band_period_minus_baseline","late_egg",15,28,0.00350618451109989,0.0307975170998542,-0.0568558398178707,0.0638682088400705,1.00351233836609,0.944730252035425,1.06595190646571,0.909359605724567,217199,"completed","bald_eagle__detection__late_egg__13_bands",13,0.923180153774044,FALSE,FALSE
"SOG_BALD_EAGLE_DISTANCE_BAND_v2","atx_fc0a9b777dcd","Bald Eagle","SoG","detection","band_14_16","14–<16 km","within_band_14_16_active_0_14_minus_baseline","within_band_duration_weighted_active_minus_baseline","active_0_14",0,14,0.0284301782744582,0.0299371505974163,-0.0302455586962295,0.0871059152451459,1.02883817307009,0.970207261464617,1.09101222842662,0.342283956813561,217199,"completed","bald_eagle__detection__active_0_14__13_bands",13,0.715834482233463,FALSE,FALSE
"SOG_BALD_EAGLE_DISTANCE_BAND_v2","atx_fc0a9b777dcd","Bald Eagle","SoG","detection","band_16_18","16–<18 km","within_band_16_18_early_pre_minus_baseline","within_band_period_minus_baseline","early_pre",-14,-8,0.0676680561484513,0.0344367543223529,0.00017325793218563,0.135162854364717,1.07001006625921,1.00017327294221,1.14472319234049,0.0494147957864034,217199,"completed","bald_eagle__detection__early_pre__13_bands",13,0.261250467791627,TRUE,FALSE
"SOG_BALD_EAGLE_DISTANCE_BAND_v2","atx_fc0a9b777dcd","Bald Eagle","SoG","detection","band_16_18","16–<18 km","within_band_16_18_immediate_pre_minus_baseline","within_band_period_minus_baseline","immediate_pre",-7,-1,0.00849760581548311,0.034223471740238,-0.0585791662213076,0.0755743778522739,1.00853381295311,0.943103575497863,1.0785034415046,0.803904157636511,217199,"completed","bald_eagle__detection__immediate_pre__13_bands",13,0.971334956134119,FALSE,FALSE
"SOG_BALD_EAGLE_DISTANCE_BAND_v2","atx_fc0a9b777dcd","Bald Eagle","SoG","detection","band_16_18","16–<18 km","within_band_16_18_spawn_start_minus_baseline","within_band_period_minus_baseline","spawn_start",0,3,0.0498052227875653,0.0425347248873096,-0.033561306083881,0.133171751659012,1.05106635266271,0.966995626699167,1.14244619851148,0.24162656201941,217199,"completed","bald_eagle__detection__spawn_start__13_bands",13,0.448735043750333,FALSE,FALSE
"SOG_BALD_EAGLE_DISTANCE_BAND_v2","atx_fc0a9b777dcd","Bald Eagle","SoG","detection","band_16_18","16–<18 km","within_band_16_18_early_egg_minus_baseline","within_band_period_minus_baseline","early_egg",4,14,0.010873899248813,0.0288631435826278,-0.0456968226537459,0.067444621151372,1.01093323496643,0.955331553174868,1.06977101527035,0.70636687138535,217199,"completed","bald_eagle__detection__early_egg__13_bands",13,0.952253406076857,FALSE,FALSE
"SOG_BALD_EAGLE_DISTANCE_BAND_v2","atx_fc0a9b777dcd","Bald Eagle","SoG","detection","band_16_18","16–<18 km","within_band_16_18_late_egg_minus_baseline","within_band_period_minus_baseline","late_egg",15,28,0.00263241073621061,0.0272990574194087,-0.0508727586177215,0.0561375800901427,1.00263587857161,0.950399592997023,1.05774319813099,0.923180153774044,217199,"completed","bald_eagle__detection__late_egg__13_bands",13,0.923180153774044,FALSE,FALSE
"SOG_BALD_EAGLE_DISTANCE_BAND_v2","atx_fc0a9b777dcd","Bald Eagle","SoG","detection","band_16_18","16–<18 km","within_band_16_18_active_0_14_minus_baseline","within_band_duration_weighted_active_minus_baseline","active_0_14",0,14,0.0212555855258136,0.0268150245540737,-0.031300896844728,0.0738120678963552,1.02148309457055,0.969183904818276,1.07660445794244,0.427967505108888,217199,"completed","bald_eagle__detection__active_0_14__13_bands",13,0.715834482233463,FALSE,FALSE
"SOG_BALD_EAGLE_DISTANCE_BAND_v2","atx_fc0a9b777dcd","Bald Eagle","SoG","detection","band_18_20","18–<20 km","within_band_18_20_early_pre_minus_baseline","within_band_period_minus_baseline","early_pre",-14,-8,0.0320897854189848,0.039718975962174,-0.0457579769696883,0.109937547807658,1.03261021448385,0.955273132313597,1.11620835862296,0.419136197061693,217199,"completed","bald_eagle__detection__early_pre__13_bands",13,0.673397752171272,FALSE,FALSE
"SOG_BALD_EAGLE_DISTANCE_BAND_v2","atx_fc0a9b777dcd","Bald Eagle","SoG","detection","band_18_20","18–<20 km","within_band_18_20_immediate_pre_minus_baseline","within_band_period_minus_baseline","immediate_pre",-7,-1,0.00249674413944967,0.0396636951616635,-0.0752426698711864,0.0802361581500858,1.00249986360072,0.92751837825081,1.08354292495507,0.949808035473648,217199,"completed","bald_eagle__detection__immediate_pre__13_bands",13,0.971334956134119,FALSE,FALSE
"SOG_BALD_EAGLE_DISTANCE_BAND_v2","atx_fc0a9b777dcd","Bald Eagle","SoG","detection","band_18_20","18–<20 km","within_band_18_20_spawn_start_minus_baseline","within_band_period_minus_baseline","spawn_start",0,3,-0.0991326116362695,0.047327543241337,-0.191892891866052,-0.00637233140648685,0.905622603964772,0.825395270304493,0.993647928839447,0.0362059268974969,217199,"completed","bald_eagle__detection__spawn_start__13_bands",13,0.117669262416865,TRUE,FALSE
"SOG_BALD_EAGLE_DISTANCE_BAND_v2","atx_fc0a9b777dcd","Bald Eagle","SoG","detection","band_18_20","18–<20 km","within_band_18_20_early_egg_minus_baseline","within_band_period_minus_baseline","early_egg",4,14,-0.01648813600045,0.0329330438926003,-0.0810357159312234,0.0480594439303235,0.983647049309597,0.922160755026331,1.0492330240055,0.616613030268716,217199,"completed","bald_eagle__detection__early_egg__13_bands",13,0.952253406076857,FALSE,FALSE
"SOG_BALD_EAGLE_DISTANCE_BAND_v2","atx_fc0a9b777dcd","Bald Eagle","SoG","detection","band_18_20","18–<20 km","within_band_18_20_late_egg_minus_baseline","within_band_period_minus_baseline","late_egg",15,28,-0.0667838790950057,0.0310391146727938,-0.12761942596569,-0.00594833222432121,0.935397338412273,0.880188292220314,0.99406932407794,0.0314285674696342,217199,"completed","bald_eagle__detection__late_egg__13_bands",13,0.31380819430409,TRUE,FALSE
"SOG_BALD_EAGLE_DISTANCE_BAND_v2","atx_fc0a9b777dcd","Bald Eagle","SoG","detection","band_18_20","18–<20 km","within_band_18_20_active_0_14_minus_baseline","within_band_duration_weighted_active_minus_baseline","active_0_14",0,14,-0.0385266628366685,0.0303842269400539,-0.0980786533372658,0.0210253276639288,0.962206049255062,0.906577595596261,1.021247917134,0.204804261219382,217199,"completed","bald_eagle__detection__active_0_14__13_bands",13,0.532491079170393,FALSE,FALSE
"SOG_BALD_EAGLE_DISTANCE_BAND_v2","atx_fc0a9b777dcd","Bald Eagle","SoG","detection","band_20_22","20–<22 km","within_band_20_22_early_pre_minus_baseline","within_band_period_minus_baseline","early_pre",-14,-8,-0.0194394841959492,0.0368843093766774,-0.0917314021688699,0.0528524337769715,0.98074824416144,0.912350171914786,1.05427405839913,0.598166229641858,217199,"completed","bald_eagle__detection__early_pre__13_bands",13,0.673397752171272,FALSE,FALSE
"SOG_BALD_EAGLE_DISTANCE_BAND_v2","atx_fc0a9b777dcd","Bald Eagle","SoG","detection","band_20_22","20–<22 km","within_band_20_22_immediate_pre_minus_baseline","within_band_period_minus_baseline","immediate_pre",-7,-1,-0.0013191396706744,0.0367100330758509,-0.0732694823706164,0.0706312030292676,0.998681730011608,0.929350352741512,1.07318536536499,0.971334956134119,217199,"completed","bald_eagle__detection__immediate_pre__13_bands",13,0.971334956134119,FALSE,FALSE
"SOG_BALD_EAGLE_DISTANCE_BAND_v2","atx_fc0a9b777dcd","Bald Eagle","SoG","detection","band_20_22","20–<22 km","within_band_20_22_spawn_start_minus_baseline","within_band_period_minus_baseline","spawn_start",0,3,0.0233620067428132,0.043561200954062,-0.0620163782504602,0.108740391736087,1.02363703599129,0.939867493279826,1.11487288255543,0.591749094327171,217199,"completed","bald_eagle__detection__spawn_start__13_bands",13,0.699339838750293,FALSE,FALSE
"SOG_BALD_EAGLE_DISTANCE_BAND_v2","atx_fc0a9b777dcd","Bald Eagle","SoG","detection","band_20_22","20–<22 km","within_band_20_22_early_egg_minus_baseline","within_band_period_minus_baseline","early_egg",4,14,0.00185015718584857,0.0308991720695975,-0.0587111072226685,0.0624114215943657,1.00185186978268,0.942979149676339,1.06440017187184,0.952253406076857,217199,"completed","bald_eagle__detection__early_egg__13_bands",13,0.952253406076857,FALSE,FALSE
"SOG_BALD_EAGLE_DISTANCE_BAND_v2","atx_fc0a9b777dcd","Bald Eagle","SoG","detection","band_20_22","20–<22 km","within_band_20_22_late_egg_minus_baseline","within_band_period_minus_baseline","late_egg",15,28,-0.0414159703283983,0.0288475914583364,-0.0979562106274629,0.0151242699706664,0.959429952538143,0.906688606209794,1.01523922052502,0.15109282450354,217199,"completed","bald_eagle__detection__late_egg__13_bands",13,0.392841343709204,FALSE,FALSE
"SOG_BALD_EAGLE_DISTANCE_BAND_v2","atx_fc0a9b777dcd","Bald Eagle","SoG","detection","band_20_22","20–<22 km","within_band_20_22_active_0_14_minus_baseline","within_band_duration_weighted_active_minus_baseline","active_0_14",0,14,0.00758665040103913,0.0285022363434966,-0.0482767063110627,0.063450007113141,1.00761550194924,0.952870085428971,1.0655062167382,0.790102608168818,217199,"completed","bald_eagle__detection__active_0_14__13_bands",13,0.991441161687117,FALSE,FALSE
"SOG_BALD_EAGLE_DISTANCE_BAND_v2","atx_fc0a9b777dcd","Bald Eagle","SoG","detection","band_22_24","22–<24 km","within_band_22_24_early_pre_minus_baseline","within_band_period_minus_baseline","early_pre",-14,-8,0.0216964873264439,0.0363477142927174,-0.049543723607634,0.0929366982605218,1.02193356760614,0.951663547063244,1.09739226623001,0.550564289101056,217199,"completed","bald_eagle__detection__early_pre__13_bands",13,0.673397752171272,FALSE,FALSE
"SOG_BALD_EAGLE_DISTANCE_BAND_v2","atx_fc0a9b777dcd","Bald Eagle","SoG","detection","band_22_24","22–<24 km","within_band_22_24_immediate_pre_minus_baseline","within_band_period_minus_baseline","immediate_pre",-7,-1,-0.00405593311271015,0.0352113362501045,-0.0730688840104446,0.0649570177850243,0.995952281074846,0.929536797597938,1.06711315651135,0.908295891342557,217199,"completed","bald_eagle__detection__immediate_pre__13_bands",13,0.971334956134119,FALSE,FALSE
"SOG_BALD_EAGLE_DISTANCE_BAND_v2","atx_fc0a9b777dcd","Bald Eagle","SoG","detection","band_22_24","22–<24 km","within_band_22_24_spawn_start_minus_baseline","within_band_period_minus_baseline","spawn_start",0,3,0.0088561881518769,0.0429859995019843,-0.075394822711469,0.0931071990152228,1.00889552021113,0.927377264430852,1.09757938839138,0.836771426551504,217199,"completed","bald_eagle__detection__spawn_start__13_bands",13,0.836771426551504,FALSE,FALSE
"SOG_BALD_EAGLE_DISTANCE_BAND_v2","atx_fc0a9b777dcd","Bald Eagle","SoG","detection","band_22_24","22–<24 km","within_band_22_24_early_egg_minus_baseline","within_band_period_minus_baseline","early_egg",4,14,-0.00233694012972905,0.0294833579242116,-0.0601232598044874,0.0554493795450293,0.99766578838898,0.941648459025777,1.05701550911215,0.93682341568813,217199,"completed","bald_eagle__detection__early_egg__13_bands",13,0.952253406076857,FALSE,FALSE
"SOG_BALD_EAGLE_DISTANCE_BAND_v2","atx_fc0a9b777dcd","Bald Eagle","SoG","detection","band_22_24","22–<24 km","within_band_22_24_late_egg_minus_baseline","within_band_period_minus_baseline","late_egg",15,28,0.0175842856055387,0.0281364062098818,-0.0375620572202188,0.0727306284312962,1.01773979935109,0.963134646407368,1.07544080471703,0.531993644755111,217199,"completed","bald_eagle__detection__late_egg__13_bands",13,0.853863678974646,FALSE,FALSE
"SOG_BALD_EAGLE_DISTANCE_BAND_v2","atx_fc0a9b777dcd","Bald Eagle","SoG","detection","band_22_24","22–<24 km","within_band_22_24_active_0_14_minus_baseline","within_band_duration_weighted_active_minus_baseline","active_0_14",0,14,0.000647894078699206,0.0276991309415225,-0.0536414049697439,0.0549371931271423,1.0006481040074,0.947771911869312,1.05647425874727,0.98133885320551,217199,"completed","bald_eagle__detection__active_0_14__13_bands",13,0.991441161687117,FALSE,FALSE
"SOG_BALD_EAGLE_DISTANCE_BAND_v2","atx_fc0a9b777dcd","Bald Eagle","SoG","detection","band_24_26","24–26 km","within_band_24_26_early_pre_minus_baseline","within_band_period_minus_baseline","early_pre",-14,-8,-0.0369590359275859,0.0398983740497467,-0.115158412106797,0.0412403402516251,0.963715612256608,0.891224951901604,1.04210253463557,0.354274834184058,217199,"completed","bald_eagle__detection__early_pre__13_bands",13,0.673397752171272,FALSE,FALSE
"SOG_BALD_EAGLE_DISTANCE_BAND_v2","atx_fc0a9b777dcd","Bald Eagle","SoG","detection","band_24_26","24–26 km","within_band_24_26_immediate_pre_minus_baseline","within_band_period_minus_baseline","immediate_pre",-7,-1,0.0483935598524956,0.0391629117487449,-0.028364336704765,0.125151456409756,1.04958364803617,0.972034154558114,1.13332008866058,0.216570574160573,217199,"completed","bald_eagle__detection__immediate_pre__13_bands",13,0.86009277314987,FALSE,FALSE
"SOG_BALD_EAGLE_DISTANCE_BAND_v2","atx_fc0a9b777dcd","Bald Eagle","SoG","detection","band_24_26","24–26 km","within_band_24_26_spawn_start_minus_baseline","within_band_period_minus_baseline","spawn_start",0,3,0.0357088959385634,0.0473090137348133,-0.0570150671257814,0.128432859002908,1.03635411568336,0.944579837156087,1.13704507638814,0.450368329572112,217199,"completed","bald_eagle__detection__spawn_start__13_bands",13,0.585478828443746,FALSE,FALSE
"SOG_BALD_EAGLE_DISTANCE_BAND_v2","atx_fc0a9b777dcd","Bald Eagle","SoG","detection","band_24_26","24–26 km","within_band_24_26_early_egg_minus_baseline","within_band_period_minus_baseline","early_egg",4,14,-0.00289833837112939,0.0331173296228393,-0.0678071116960359,0.0620104349537771,0.997105857756616,0.93444069887654,1.06397344718385,0.930260356396845,217199,"completed","bald_eagle__detection__early_egg__13_bands",13,0.952253406076857,FALSE,FALSE
"SOG_BALD_EAGLE_DISTANCE_BAND_v2","atx_fc0a9b777dcd","Bald Eagle","SoG","detection","band_24_26","24–26 km","within_band_24_26_late_egg_minus_baseline","within_band_period_minus_baseline","late_egg",15,28,0.0313133690486139,0.0308937221580713,-0.029237213729593,0.0918639518268208,1.03180879016885,0.971186058472894,1.09621567379554,0.310781503050241,217199,"completed","bald_eagle__detection__late_egg__13_bands",13,0.673359923275522,FALSE,FALSE
"SOG_BALD_EAGLE_DISTANCE_BAND_v2","atx_fc0a9b777dcd","Bald Eagle","SoG","detection","band_24_26","24–26 km","within_band_24_26_active_0_14_minus_baseline","within_band_duration_weighted_active_minus_baseline","active_0_14",0,14,0.00739692411145537,0.0308098232832664,-0.0529892198937904,0.0677830681167012,1.00742434893268,0.948390236174666,1.07013313730016,0.810265678681591,217199,"completed","bald_eagle__detection__active_0_14__13_bands",13,0.991441161687117,FALSE,FALSE
"SOG_BALD_EAGLE_DISTANCE_BAND_v2","atx_fc0a9b777dcd","Bald Eagle","SoG","positive_numeric_count_given_detection","band_0_2","0–<2 km","within_band_0_2_early_pre_minus_baseline","within_band_period_minus_baseline","early_pre",-14,-8,-0.0305901762471022,0.0204158688906229,-0.0706045439858147,0.00942419149161035,0.969872968619231,0.931830317177968,1.00946873901574,0.134041588116466,83359,"completed","bald_eagle__positive_numeric_count_given_detection__early_pre__13_bands",13,0.348508129102812,FALSE,FALSE
"SOG_BALD_EAGLE_DISTANCE_BAND_v2","atx_fc0a9b777dcd","Bald Eagle","SoG","positive_numeric_count_given_detection","band_0_2","0–<2 km","within_band_0_2_immediate_pre_minus_baseline","within_band_period_minus_baseline","immediate_pre",-7,-1,0.0145971141863888,0.0201004557988326,-0.0247990552521625,0.05399328362494,1.01470417233675,0.975505915124906,1.05547751314843,0.46771119577865,83359,"completed","bald_eagle__positive_numeric_count_given_detection__immediate_pre__13_bands",13,0.760030693140306,FALSE,FALSE
"SOG_BALD_EAGLE_DISTANCE_BAND_v2","atx_fc0a9b777dcd","Bald Eagle","SoG","positive_numeric_count_given_detection","band_0_2","0–<2 km","within_band_0_2_spawn_start_minus_baseline","within_band_period_minus_baseline","spawn_start",0,3,0.213458405769914,0.0200271799877469,0.174205854282029,0.252710957257799,1.23795200553664,1.19030056907106,1.28751107731404,1.59253824003393e-26,83359,"completed","bald_eagle__positive_numeric_count_given_detection__spawn_start__13_bands",13,2.07029971204411e-25,TRUE,TRUE
"SOG_BALD_EAGLE_DISTANCE_BAND_v2","atx_fc0a9b777dcd","Bald Eagle","SoG","positive_numeric_count_given_detection","band_0_2","0–<2 km","within_band_0_2_early_egg_minus_baseline","within_band_period_minus_baseline","early_egg",4,14,0.0201557015000614,0.0168953285564029,-0.0129585339774594,0.0532699369775822,1.02036019927275,0.987125066321903,1.05471431309031,0.232879235661713,83359,"completed","bald_eagle__positive_numeric_count_given_detection__early_egg__13_bands",13,0.378428757950284,FALSE,FALSE
"SOG_BALD_EAGLE_DISTANCE_BAND_v2","atx_fc0a9b777dcd","Bald Eagle","SoG","positive_numeric_count_given_detection","band_0_2","0–<2 km","within_band_0_2_late_egg_minus_baseline","within_band_period_minus_baseline","late_egg",15,28,-0.037294760666723,0.01680359420902,-0.0702292001272279,-0.00436032120621799,0.963392123388727,0.93218013961251,0.995649171192645,0.0264560302074581,83359,"completed","bald_eagle__positive_numeric_count_given_detection__late_egg__13_bands",13,0.110232084123763,TRUE,FALSE
"SOG_BALD_EAGLE_DISTANCE_BAND_v2","atx_fc0a9b777dcd","Bald Eagle","SoG","positive_numeric_count_given_detection","band_0_2","0–<2 km","within_band_0_2_active_0_14_minus_baseline","within_band_duration_weighted_active_minus_baseline","active_0_14",0,14,0.0717030893053554,0.0153903699439646,0.041538518506437,0.101867660104274,1.07433631476305,1.0424133132821,1.1072369304116,3.17813818430311e-06,83359,"completed","bald_eagle__positive_numeric_count_given_detection__active_0_14__13_bands",13,4.13157963959404e-05,TRUE,TRUE
"SOG_BALD_EAGLE_DISTANCE_BAND_v2","atx_fc0a9b777dcd","Bald Eagle","SoG","positive_numeric_count_given_detection","band_2_4","2–<4 km","within_band_2_4_early_pre_minus_baseline","within_band_period_minus_baseline","early_pre",-14,-8,-0.00238219471733882,0.0180266638295836,-0.0377138065847335,0.0329494171500559,0.997620640456738,0.962988502425742,1.03349826063168,0.894866916758731,83359,"completed","bald_eagle__positive_numeric_count_given_detection__early_pre__13_bands",13,0.933611102053652,FALSE,FALSE
"SOG_BALD_EAGLE_DISTANCE_BAND_v2","atx_fc0a9b777dcd","Bald Eagle","SoG","positive_numeric_count_given_detection","band_2_4","2–<4 km","within_band_2_4_immediate_pre_minus_baseline","within_band_period_minus_baseline","immediate_pre",-7,-1,-0.00657871289185609,0.0176396342301007,-0.0411517606833135,0.0279943348996013,0.993442879463884,0.959683476675673,1.02838985847313,0.709185180611136,83359,"completed","bald_eagle__positive_numeric_count_given_detection__immediate_pre__13_bands",13,0.787123157275256,FALSE,FALSE
"SOG_BALD_EAGLE_DISTANCE_BAND_v2","atx_fc0a9b777dcd","Bald Eagle","SoG","positive_numeric_count_given_detection","band_2_4","2–<4 km","within_band_2_4_spawn_start_minus_baseline","within_band_period_minus_baseline","spawn_start",0,3,0.11799623091621,0.0190969582139668,0.0805668806025689,0.155425581229851,1.125239870236,1.08390133619264,1.16815500017401,6.45918246000244e-10,83359,"completed","bald_eagle__positive_numeric_count_given_detection__spawn_start__13_bands",13,4.19846859900159e-09,TRUE,TRUE
"SOG_BALD_EAGLE_DISTANCE_BAND_v2","atx_fc0a9b777dcd","Bald Eagle","SoG","positive_numeric_count_given_detection","band_2_4","2–<4 km","within_band_2_4_early_egg_minus_baseline","within_band_period_minus_baseline","early_egg",4,14,0.00877308617158712,0.0146989892415427,-0.0200364033509784,0.0375825756941526,1.00881168247909,0.980162991439896,1.03829773169791,0.550607784563813,83359,"completed","bald_eagle__positive_numeric_count_given_detection__early_egg__13_bands",13,0.715790119932957,FALSE,FALSE
"SOG_BALD_EAGLE_DISTANCE_BAND_v2","atx_fc0a9b777dcd","Bald Eagle","SoG","positive_numeric_count_given_detection","band_2_4","2–<4 km","within_band_2_4_late_egg_minus_baseline","within_band_period_minus_baseline","late_egg",15,28,-0.0106077025610534,0.0138670130242321,-0.0377865486616962,0.0165711435395894,0.989448360706493,0.962918455189706,1.01670920650481,0.444295695401845,83359,"completed","bald_eagle__positive_numeric_count_given_detection__late_egg__13_bands",13,0.721980505027998,FALSE,FALSE
"SOG_BALD_EAGLE_DISTANCE_BAND_v2","atx_fc0a9b777dcd","Bald Eagle","SoG","positive_numeric_count_given_detection","band_2_4","2–<4 km","within_band_2_4_active_0_14_minus_baseline","within_band_duration_weighted_active_minus_baseline","active_0_14",0,14,0.0378992581034866,0.0135327996533255,0.0113754581729724,0.0644230580340007,1.03862659439496,1.01144040472928,1.06654351313284,0.00510158835783767,83359,"completed","bald_eagle__positive_numeric_count_given_detection__active_0_14__13_bands",13,0.0165801621629724,TRUE,TRUE
"SOG_BALD_EAGLE_DISTANCE_BAND_v2","atx_fc0a9b777dcd","Bald Eagle","SoG","positive_numeric_count_given_detection","band_4_6","4–<6 km","within_band_4_6_early_pre_minus_baseline","within_band_period_minus_baseline","early_pre",-14,-8,-0.00667116539932366,0.0145249842555878,-0.0351396114162871,0.0217972806176397,0.99335103742423,0.965470616127866,1.02203657684504,0.646026650585375,83359,"completed","bald_eagle__positive_numeric_count_given_detection__early_pre__13_bands",13,0.839834645760988,FALSE,FALSE
"SOG_BALD_EAGLE_DISTANCE_BAND_v2","atx_fc0a9b777dcd","Bald Eagle","SoG","positive_numeric_count_given_detection","band_4_6","4–<6 km","within_band_4_6_immediate_pre_minus_baseline","within_band_period_minus_baseline","immediate_pre",-7,-1,0.0390187096511605,0.0151277140501388,0.00936893494446794,0.068668484357853,1.03978993757518,1.00941296079984,1.07108107015577,0.00990046176109648,83359,"completed","bald_eagle__positive_numeric_count_given_detection__immediate_pre__13_bands",13,0.0433832589573685,TRUE,TRUE
"SOG_BALD_EAGLE_DISTANCE_BAND_v2","atx_fc0a9b777dcd","Bald Eagle","SoG","positive_numeric_count_given_detection","band_4_6","4–<6 km","within_band_4_6_spawn_start_minus_baseline","within_band_period_minus_baseline","spawn_start",0,3,0.080597415936634,0.0170557614668416,0.0471687377327185,0.11402609414055,1.08393443398736,1.04829888173321,1.12078137032919,2.29522339917471e-06,83359,"completed","bald_eagle__positive_numeric_count_given_detection__spawn_start__13_bands",13,9.94596806309041e-06,TRUE,TRUE
"SOG_BALD_EAGLE_DISTANCE_BAND_v2","atx_fc0a9b777dcd","Bald Eagle","SoG","positive_numeric_count_given_detection","band_4_6","4–<6 km","within_band_4_6_early_egg_minus_baseline","within_band_period_minus_baseline","early_egg",4,14,0.0231840427610807,0.0128002439888904,-0.00190397445046971,0.0482720599726312,1.02345488167745,0.998097836959076,1.0494561314958,0.0701069867089341,83359,"completed","bald_eagle__positive_numeric_count_given_detection__early_egg__13_bands",13,0.227847706804036,FALSE,FALSE
"SOG_BALD_EAGLE_DISTANCE_BAND_v2","atx_fc0a9b777dcd","Bald Eagle","SoG","positive_numeric_count_given_detection","band_4_6","4–<6 km","within_band_4_6_late_egg_minus_baseline","within_band_period_minus_baseline","late_egg",15,28,-0.00688996322163227,0.0120442341904634,-0.0304962284563064,0.0167163020130419,0.993133718155812,0.96996409032226,1.01685680117322,0.567284779848728,83359,"completed","bald_eagle__positive_numeric_count_given_detection__late_egg__13_bands",13,0.819411348670385,FALSE,FALSE
"SOG_BALD_EAGLE_DISTANCE_BAND_v2","atx_fc0a9b777dcd","Bald Eagle","SoG","positive_numeric_count_given_detection","band_4_6","4–<6 km","within_band_4_6_active_0_14_minus_baseline","within_band_duration_weighted_active_minus_baseline","active_0_14",0,14,0.0384942756078949,0.0117090117670944,0.0155450342498342,0.0614435169659557,1.03924477929635,1.01566648680671,1.06337043244418,0.00101053616564286,83359,"completed","bald_eagle__positive_numeric_count_given_detection__active_0_14__13_bands",13,0.00437899005111906,TRUE,TRUE
"SOG_BALD_EAGLE_DISTANCE_BAND_v2","atx_fc0a9b777dcd","Bald Eagle","SoG","positive_numeric_count_given_detection","band_6_8","6–<8 km","within_band_6_8_early_pre_minus_baseline","within_band_period_minus_baseline","early_pre",-14,-8,0.0125869167373462,0.0134211201251609,-0.0137179953401548,0.0388918288148472,1.01266646538083,0.986375667579598,1.03965801652762,0.348324594827744,83359,"completed","bald_eagle__positive_numeric_count_given_detection__early_pre__13_bands",13,0.754703288793445,FALSE,FALSE
"SOG_BALD_EAGLE_DISTANCE_BAND_v2","atx_fc0a9b777dcd","Bald Eagle","SoG","positive_numeric_count_given_detection","band_6_8","6–<8 km","within_band_6_8_immediate_pre_minus_baseline","within_band_period_minus_baseline","immediate_pre",-7,-1,0.00617121099272421,0.0133163003665438,-0.0199282581330191,0.0322706801184676,1.00619029214636,0.980268997112141,1.03279702509429,0.643054138754057,83359,"completed","bald_eagle__positive_numeric_count_given_detection__immediate_pre__13_bands",13,0.787123157275256,FALSE,FALSE
"SOG_BALD_EAGLE_DISTANCE_BAND_v2","atx_fc0a9b777dcd","Bald Eagle","SoG","positive_numeric_count_given_detection","band_6_8","6–<8 km","within_band_6_8_spawn_start_minus_baseline","within_band_period_minus_baseline","spawn_start",0,3,-0.0311147006852939,0.0158931353239492,-0.0622646735216557,3.52721510679423e-05,0.969364379940505,0.939634157594966,1.00003527277314,0.0502599828959451,83359,"completed","bald_eagle__positive_numeric_count_given_detection__spawn_start__13_bands",13,0.130675955529457,FALSE,FALSE
"SOG_BALD_EAGLE_DISTANCE_BAND_v2","atx_fc0a9b777dcd","Bald Eagle","SoG","positive_numeric_count_given_detection","band_6_8","6–<8 km","within_band_6_8_early_egg_minus_baseline","within_band_period_minus_baseline","early_egg",4,14,-0.0247577796390838,0.0117168927641235,-0.0477224674674838,-0.00179309181068383,0.975546180560599,0.95339834942189,0.998208514818016,0.0346008757858827,83359,"completed","bald_eagle__positive_numeric_count_given_detection__early_egg__13_bands",13,0.149937128405492,TRUE,FALSE
"SOG_BALD_EAGLE_DISTANCE_BAND_v2","atx_fc0a9b777dcd","Bald Eagle","SoG","positive_numeric_count_given_detection","band_6_8","6–<8 km","within_band_6_8_late_egg_minus_baseline","within_band_period_minus_baseline","late_egg",15,28,-0.0198638485773806,0.0111764742836144,-0.0417693356474029,0.00204163849264161,0.980332137836062,0.95909098316044,1.00204372405559,0.0755203527538302,83359,"completed","bald_eagle__positive_numeric_count_given_detection__late_egg__13_bands",13,0.196352917159959,FALSE,FALSE
"SOG_BALD_EAGLE_DISTANCE_BAND_v2","atx_fc0a9b777dcd","Bald Eagle","SoG","positive_numeric_count_given_detection","band_6_8","6–<8 km","within_band_6_8_active_0_14_minus_baseline","within_band_duration_weighted_active_minus_baseline","active_0_14",0,14,-0.0264529585847398,0.0107841639788452,-0.0475895315866505,-0.00531638558282916,0.973893856103294,0.953525098695832,0.994697721384573,0.0141692093588971,83359,"completed","bald_eagle__positive_numeric_count_given_detection__active_0_14__13_bands",13,0.0368399443331325,TRUE,TRUE
"SOG_BALD_EAGLE_DISTANCE_BAND_v2","atx_fc0a9b777dcd","Bald Eagle","SoG","positive_numeric_count_given_detection","band_8_10","8–<10 km","within_band_8_10_early_pre_minus_baseline","within_band_period_minus_baseline","early_pre",-14,-8,-0.0385158643938852,0.0130462109184629,-0.0640859679287858,-0.0129457608589846,0.962216439638131,0.937924364649786,0.987137675067851,0.00315452666802331,83359,"completed","bald_eagle__positive_numeric_count_given_detection__early_pre__13_bands",13,0.041008846684303,TRUE,TRUE
"SOG_BALD_EAGLE_DISTANCE_BAND_v2","atx_fc0a9b777dcd","Bald Eagle","SoG","positive_numeric_count_given_detection","band_8_10","8–<10 km","within_band_8_10_immediate_pre_minus_baseline","within_band_period_minus_baseline","immediate_pre",-7,-1,-0.0342604691195455,0.013334103292522,-0.0603948313390255,-0.00812610690006549,0.966319775393986,0.941392768829424,0.9919068206553,0.0101878668069938,83359,"completed","bald_eagle__positive_numeric_count_given_detection__immediate_pre__13_bands",13,0.0433832589573685,TRUE,TRUE
"SOG_BALD_EAGLE_DISTANCE_BAND_v2","atx_fc0a9b777dcd","Bald Eagle","SoG","positive_numeric_count_given_detection","band_8_10","8–<10 km","within_band_8_10_spawn_start_minus_baseline","within_band_period_minus_baseline","spawn_start",0,3,-0.0502646905026081,0.016196453922292,-0.0820091568675629,-0.0185202241376533,0.950977676425379,0.921263522769657,0.981650221361831,0.00191286312556451,83359,"completed","bald_eagle__positive_numeric_count_given_detection__spawn_start__13_bands",13,0.00621680515808466,TRUE,TRUE
"SOG_BALD_EAGLE_DISTANCE_BAND_v2","atx_fc0a9b777dcd","Bald Eagle","SoG","positive_numeric_count_given_detection","band_8_10","8–<10 km","within_band_8_10_early_egg_minus_baseline","within_band_period_minus_baseline","early_egg",4,14,-0.0343170448097082,0.0112899798194279,-0.0564449986419708,-0.0121890909774456,0.966265106732249,0.945118465864732,0.987884895079294,0.00236891000999384,83359,"completed","bald_eagle__positive_numeric_count_given_detection__early_egg__13_bands",13,0.0307958301299199,TRUE,TRUE
"SOG_BALD_EAGLE_DISTANCE_BAND_v2","atx_fc0a9b777dcd","Bald Eagle","SoG","positive_numeric_count_given_detection","band_8_10","8–<10 km","within_band_8_10_late_egg_minus_baseline","within_band_period_minus_baseline","late_egg",15,28,-0.0462291430726075,0.0104283200307161,-0.0666682747520686,-0.0257900113931463,0.954823146012092,0.935505480657701,0.974539710360086,9.29143125293825e-06,83359,"completed","bald_eagle__positive_numeric_count_given_detection__late_egg__13_bands",13,0.000120788606288197,TRUE,TRUE
"SOG_BALD_EAGLE_DISTANCE_BAND_v2","atx_fc0a9b777dcd","Bald Eagle","SoG","positive_numeric_count_given_detection","band_8_10","8–<10 km","within_band_8_10_active_0_14_minus_baseline","within_band_duration_weighted_active_minus_baseline","active_0_14",0,14,-0.0385697503278148,0.0104204062568495,-0.0589933712955156,-0.018146129360114,0.962164591103604,0.942713018102399,0.982017520281033,0.000214440848761919,83359,"completed","bald_eagle__positive_numeric_count_given_detection__active_0_14__13_bands",13,0.00139386551695247,TRUE,TRUE
"SOG_BALD_EAGLE_DISTANCE_BAND_v2","atx_fc0a9b777dcd","Bald Eagle","SoG","positive_numeric_count_given_detection","band_10_12","10–<12 km","within_band_10_12_early_pre_minus_baseline","within_band_period_minus_baseline","early_pre",-14,-8,0.0189187247825227,0.0123557508806383,-0.00529810194547736,0.0431355515105227,1.01909881777336,0.994715908243245,1.04407941180035,0.125727988912362,83359,"completed","bald_eagle__positive_numeric_count_given_detection__early_pre__13_bands",13,0.348508129102812,FALSE,FALSE
"SOG_BALD_EAGLE_DISTANCE_BAND_v2","atx_fc0a9b777dcd","Bald Eagle","SoG","positive_numeric_count_given_detection","band_10_12","10–<12 km","within_band_10_12_immediate_pre_minus_baseline","within_band_period_minus_baseline","immediate_pre",-7,-1,0.00633626730207183,0.0124199293410335,-0.0180063468968862,0.0306788815010298,1.00635638390936,0.982154798703285,1.031154327986,0.609932821756202,83359,"completed","bald_eagle__positive_numeric_count_given_detection__immediate_pre__13_bands",13,0.787123157275256,FALSE,FALSE
"SOG_BALD_EAGLE_DISTANCE_BAND_v2","atx_fc0a9b777dcd","Bald Eagle","SoG","positive_numeric_count_given_detection","band_10_12","10–<12 km","within_band_10_12_spawn_start_minus_baseline","within_band_period_minus_baseline","spawn_start",0,3,0.0171848990885567,0.0147188904169882,-0.011663596021132,0.0460333941982454,1.01733340895626,0.988404160032685,1.04710937775124,0.24299220626492,83359,"completed","bald_eagle__positive_numeric_count_given_detection__spawn_start__13_bands",13,0.394862335180495,FALSE,FALSE
"SOG_BALD_EAGLE_DISTANCE_BAND_v2","atx_fc0a9b777dcd","Bald Eagle","SoG","positive_numeric_count_given_detection","band_10_12","10–<12 km","within_band_10_12_early_egg_minus_baseline","within_band_period_minus_baseline","early_egg",4,14,0.0244019419986492,0.0103432235148418,0.00412959642551149,0.044674287571787,1.0247021059401,1.00413813495835,1.04568721111427,0.0183133846420984,83359,"completed","bald_eagle__positive_numeric_count_given_detection__early_egg__13_bands",13,0.11903700017364,TRUE,FALSE
"SOG_BALD_EAGLE_DISTANCE_BAND_v2","atx_fc0a9b777dcd","Bald Eagle","SoG","positive_numeric_count_given_detection","band_10_12","10–<12 km","within_band_10_12_late_egg_minus_baseline","within_band_period_minus_baseline","late_egg",15,28,0.0203308438118886,0.00958527159826834,0.00154405669724795,0.0391176309265292,1.02053892316755,1.00154524936656,1.03989280000948,0.0339175643457731,83359,"completed","bald_eagle__positive_numeric_count_given_detection__late_egg__13_bands",13,0.110232084123763,TRUE,FALSE
"SOG_BALD_EAGLE_DISTANCE_BAND_v2","atx_fc0a9b777dcd","Bald Eagle","SoG","positive_numeric_count_given_detection","band_10_12","10–<12 km","within_band_10_12_active_0_14_minus_baseline","within_band_duration_weighted_active_minus_baseline","active_0_14",0,14,0.0224773972226246,0.00966767350413247,0.00352910534023278,0.0414256891050163,1.02273191732135,1.00353533996454,1.04229570504689,0.0200716486677513,83359,"completed","bald_eagle__positive_numeric_count_given_detection__active_0_14__13_bands",13,0.0434885721134611,TRUE,TRUE
"SOG_BALD_EAGLE_DISTANCE_BAND_v2","atx_fc0a9b777dcd","Bald Eagle","SoG","positive_numeric_count_given_detection","band_12_14","12–<14 km","within_band_12_14_early_pre_minus_baseline","within_band_period_minus_baseline","early_pre",-14,-8,-0.00133234307700634,0.0159940563432601,-0.0326801174765006,0.0300154313224879,0.99866854409798,0.967848107771944,1.03047043535243,0.933611102053652,83359,"completed","bald_eagle__positive_numeric_count_given_detection__early_pre__13_bands",13,0.933611102053652,FALSE,FALSE
"SOG_BALD_EAGLE_DISTANCE_BAND_v2","atx_fc0a9b777dcd","Bald Eagle","SoG","positive_numeric_count_given_detection","band_12_14","12–<14 km","within_band_12_14_immediate_pre_minus_baseline","within_band_period_minus_baseline","immediate_pre",-7,-1,-0.0543649265963242,0.0158129089158696,-0.0853576585622409,-0.0233721946304075,0.947086426405691,0.918183829359298,0.976898819605441,0.000586007752148677,83359,"completed","bald_eagle__positive_numeric_count_given_detection__immediate_pre__13_bands",13,0.0076181007779328,TRUE,TRUE
"SOG_BALD_EAGLE_DISTANCE_BAND_v2","atx_fc0a9b777dcd","Bald Eagle","SoG","positive_numeric_count_given_detection","band_12_14","12–<14 km","within_band_12_14_spawn_start_minus_baseline","within_band_period_minus_baseline","spawn_start",0,3,-0.0264604758995303,0.017843214705254,-0.0614325340902435,0.00851158229118294,0.973886535064122,0.940416389646532,1.00854790879994,0.138089472857639,83359,"completed","bald_eagle__positive_numeric_count_given_detection__spawn_start__13_bands",13,0.299193857858218,FALSE,FALSE
"SOG_BALD_EAGLE_DISTANCE_BAND_v2","atx_fc0a9b777dcd","Bald Eagle","SoG","positive_numeric_count_given_detection","band_12_14","12–<14 km","within_band_12_14_early_egg_minus_baseline","within_band_period_minus_baseline","early_egg",4,14,-0.0213567974129564,0.0131344876797481,-0.0470999202206478,0.00438632539473505,0.978869644098209,0.953992069729756,1.00439595940078,0.103947704597386,83359,"completed","bald_eagle__positive_numeric_count_given_detection__early_egg__13_bands",13,0.229090536429057,FALSE,FALSE
"SOG_BALD_EAGLE_DISTANCE_BAND_v2","atx_fc0a9b777dcd","Bald Eagle","SoG","positive_numeric_count_given_detection","band_12_14","12–<14 km","within_band_12_14_late_egg_minus_baseline","within_band_period_minus_baseline","late_egg",15,28,0.0005528209282602,0.0123743079953301,-0.0237003770761927,0.0248060189327131,1.00055297376191,0.976578271163601,1.02511624809241,0.964366443449868,83359,"completed","bald_eagle__positive_numeric_count_given_detection__late_egg__13_bands",13,0.969801188124601,FALSE,FALSE
"SOG_BALD_EAGLE_DISTANCE_BAND_v2","atx_fc0a9b777dcd","Bald Eagle","SoG","positive_numeric_count_given_detection","band_12_14","12–<14 km","within_band_12_14_active_0_14_minus_baseline","within_band_duration_weighted_active_minus_baseline","active_0_14",0,14,-0.0227177783427094,0.0120931762013384,-0.0464199681560295,0.000984411470610704,0.977538327333738,0.954640959189062,1.00098489616261,0.0603043569930027,83359,"completed","bald_eagle__positive_numeric_count_given_detection__active_0_14__13_bands",13,0.111993805844148,FALSE,FALSE
"SOG_BALD_EAGLE_DISTANCE_BAND_v2","atx_fc0a9b777dcd","Bald Eagle","SoG","positive_numeric_count_given_detection","band_14_16","14–<16 km","within_band_14_16_early_pre_minus_baseline","within_band_period_minus_baseline","early_pre",-14,-8,-0.0108075633900578,0.0147866354702635,-0.0397888363642968,0.0181737095841811,0.989250628496985,0.960992344365787,1.01833985641948,0.464839759911387,83359,"completed","bald_eagle__positive_numeric_count_given_detection__early_pre__13_bands",13,0.839834645760988,FALSE,FALSE
"SOG_BALD_EAGLE_DISTANCE_BAND_v2","atx_fc0a9b777dcd","Bald Eagle","SoG","positive_numeric_count_given_detection","band_14_16","14–<16 km","within_band_14_16_immediate_pre_minus_baseline","within_band_period_minus_baseline","immediate_pre",-7,-1,0.0165631779478405,0.0143682598574759,-0.0115980938933248,0.0447244497890058,1.0167011078466,0.988468904728735,1.04573966641893,0.24900825759893,83359,"completed","bald_eagle__positive_numeric_count_given_detection__immediate_pre__13_bands",13,0.507838703313205,FALSE,FALSE
"SOG_BALD_EAGLE_DISTANCE_BAND_v2","atx_fc0a9b777dcd","Bald Eagle","SoG","positive_numeric_count_given_detection","band_14_16","14–<16 km","within_band_14_16_spawn_start_minus_baseline","within_band_period_minus_baseline","spawn_start",0,3,0.00518956248760373,0.0162201261613349,-0.0266013006133087,0.0369804255885161,1.0052030515911,0.97374939742798,1.03767270880677,0.749009359546763,83359,"completed","bald_eagle__positive_numeric_count_given_detection__spawn_start__13_bands",13,0.81142680617566,FALSE,FALSE
"SOG_BALD_EAGLE_DISTANCE_BAND_v2","atx_fc0a9b777dcd","Bald Eagle","SoG","positive_numeric_count_given_detection","band_14_16","14–<16 km","within_band_14_16_early_egg_minus_baseline","within_band_period_minus_baseline","early_egg",4,14,-0.0200483384001023,0.0123933552849055,-0.0443388684061263,0.0042421916059217,0.980151293216253,0.956629730948907,1.00425120243812,0.105734093736488,83359,"completed","bald_eagle__positive_numeric_count_given_detection__early_egg__13_bands",13,0.229090536429057,FALSE,FALSE
"SOG_BALD_EAGLE_DISTANCE_BAND_v2","atx_fc0a9b777dcd","Bald Eagle","SoG","positive_numeric_count_given_detection","band_14_16","14–<16 km","within_band_14_16_late_egg_minus_baseline","within_band_period_minus_baseline","late_egg",15,28,0.0014077462553963,0.011924486462108,-0.0219638177444709,0.0247793102552635,1.00140873759529,0.978275630629706,1.02508886895882,0.90602401197792,83359,"completed","bald_eagle__positive_numeric_count_given_detection__late_egg__13_bands",13,0.969801188124601,FALSE,FALSE
"SOG_BALD_EAGLE_DISTANCE_BAND_v2","atx_fc0a9b777dcd","Bald Eagle","SoG","positive_numeric_count_given_detection","band_14_16","14–<16 km","within_band_14_16_active_0_14_minus_baseline","within_band_duration_weighted_active_minus_baseline","active_0_14",0,14,-0.013318231496714,0.0113707311629149,-0.0356044550539145,0.00896799206048649,0.986770063734956,0.965021927547738,1.00900832497956,0.241489021908051,83359,"completed","bald_eagle__positive_numeric_count_given_detection__active_0_14__13_bands",13,0.348817476089407,FALSE,FALSE
"SOG_BALD_EAGLE_DISTANCE_BAND_v2","atx_fc0a9b777dcd","Bald Eagle","SoG","positive_numeric_count_given_detection","band_16_18","16–<18 km","within_band_16_18_early_pre_minus_baseline","within_band_period_minus_baseline","early_pre",-14,-8,0.035729950006456,0.0134811983644193,0.00930728674375382,0.0621526132691582,1.03637593538297,1.00935073422513,1.06412473189063,0.00804074364686422,83359,"completed","bald_eagle__positive_numeric_count_given_detection__early_pre__13_bands",13,0.0522648337046174,TRUE,FALSE
"SOG_BALD_EAGLE_DISTANCE_BAND_v2","atx_fc0a9b777dcd","Bald Eagle","SoG","positive_numeric_count_given_detection","band_16_18","16–<18 km","within_band_16_18_immediate_pre_minus_baseline","within_band_period_minus_baseline","immediate_pre",-7,-1,0.0144571372213688,0.0132010754704305,-0.0114164952578702,0.0403307697006078,1.01456214706668,0.988648425632905,1.04115509980366,0.273451609476341,83359,"completed","bald_eagle__positive_numeric_count_given_detection__immediate_pre__13_bands",13,0.507838703313205,FALSE,FALSE
"SOG_BALD_EAGLE_DISTANCE_BAND_v2","atx_fc0a9b777dcd","Bald Eagle","SoG","positive_numeric_count_given_detection","band_16_18","16–<18 km","within_band_16_18_spawn_start_minus_baseline","within_band_period_minus_baseline","spawn_start",0,3,-0.00227126361722119,0.0159413143626218,-0.0335156656341909,0.0289731383997485,0.997731313750325,0.967039761821584,1.02939694285457,0.886703593634137,83359,"completed","bald_eagle__positive_numeric_count_given_detection__spawn_start__13_bands",13,0.886703593634137,FALSE,FALSE
"SOG_BALD_EAGLE_DISTANCE_BAND_v2","atx_fc0a9b777dcd","Bald Eagle","SoG","positive_numeric_count_given_detection","band_16_18","16–<18 km","within_band_16_18_early_egg_minus_baseline","within_band_period_minus_baseline","early_egg",4,14,0.000398773440170137,0.011345895520193,-0.0218387731517624,0.0226363200321027,1.00039885296087,0.978397966356045,1.02289446566697,0.971962576651075,83359,"completed","bald_eagle__positive_numeric_count_given_detection__early_egg__13_bands",13,0.971962576651075,FALSE,FALSE
"SOG_BALD_EAGLE_DISTANCE_BAND_v2","atx_fc0a9b777dcd","Bald Eagle","SoG","positive_numeric_count_given_detection","band_16_18","16–<18 km","within_band_16_18_late_egg_minus_baseline","within_band_period_minus_baseline","late_egg",15,28,-0.000413829200800829,0.0109311941644556,-0.0218385760711483,0.0210109176695466,0.999586256414692,0.978398159179337,1.02123320106328,0.969801188124601,83359,"completed","bald_eagle__positive_numeric_count_given_detection__late_egg__13_bands",13,0.969801188124601,FALSE,FALSE
"SOG_BALD_EAGLE_DISTANCE_BAND_v2","atx_fc0a9b777dcd","Bald Eagle","SoG","positive_numeric_count_given_detection","band_16_18","16–<18 km","within_band_16_18_active_0_14_minus_baseline","within_band_duration_weighted_active_minus_baseline","active_0_14",0,14,-0.000313236441800884,0.0104760158899392,-0.020845850287551,0.0202193774039492,0.999686812611611,0.979369922526036,1.02042517369936,0.976146534322167,83359,"completed","bald_eagle__positive_numeric_count_given_detection__active_0_14__13_bands",13,0.976146534322167,FALSE,FALSE
"SOG_BALD_EAGLE_DISTANCE_BAND_v2","atx_fc0a9b777dcd","Bald Eagle","SoG","positive_numeric_count_given_detection","band_18_20","18–<20 km","within_band_18_20_early_pre_minus_baseline","within_band_period_minus_baseline","early_pre",-14,-8,-0.0081477670515569,0.0139078915006811,-0.0354067334937827,0.0191111993906689,0.99188533603598,0.965212752053252,1.01929498729719,0.557984592112216,83359,"completed","bald_eagle__positive_numeric_count_given_detection__early_pre__13_bands",13,0.839834645760988,FALSE,FALSE
"SOG_BALD_EAGLE_DISTANCE_BAND_v2","atx_fc0a9b777dcd","Bald Eagle","SoG","positive_numeric_count_given_detection","band_18_20","18–<20 km","within_band_18_20_immediate_pre_minus_baseline","within_band_period_minus_baseline","immediate_pre",-7,-1,0.00254595760740981,0.0138707395625305,-0.0246401923740848,0.0297321075889044,1.00254920130967,0.975660899112439,1.03017851997657,0.854367431918926,83359,"completed","bald_eagle__positive_numeric_count_given_detection__immediate_pre__13_bands",13,0.854367431918926,FALSE,FALSE
"SOG_BALD_EAGLE_DISTANCE_BAND_v2","atx_fc0a9b777dcd","Bald Eagle","SoG","positive_numeric_count_given_detection","band_18_20","18–<20 km","within_band_18_20_spawn_start_minus_baseline","within_band_period_minus_baseline","spawn_start",0,3,-0.013950592794075,0.0166180095960588,-0.0465212930970913,0.0186201075089412,0.986146265790881,0.954544235150499,1.01879454269605,0.401196426469073,83359,"completed","bald_eagle__positive_numeric_count_given_detection__spawn_start__13_bands",13,0.545930528137683,FALSE,FALSE
"SOG_BALD_EAGLE_DISTANCE_BAND_v2","atx_fc0a9b777dcd","Bald Eagle","SoG","positive_numeric_count_given_detection","band_18_20","18–<20 km","within_band_18_20_early_egg_minus_baseline","within_band_period_minus_baseline","early_egg",4,14,-0.0101052177038124,0.0114666543033183,-0.0325794471614874,0.0123690117538626,0.989945668459113,0.967945546250337,1.01244582435168,0.378171734199588,83359,"completed","bald_eagle__positive_numeric_count_given_detection__early_egg__13_bands",13,0.546248060510516,FALSE,FALSE
"SOG_BALD_EAGLE_DISTANCE_BAND_v2","atx_fc0a9b777dcd","Bald Eagle","SoG","positive_numeric_count_given_detection","band_18_20","18–<20 km","within_band_18_20_late_egg_minus_baseline","within_band_period_minus_baseline","late_egg",15,28,-0.0345518103931969,0.011368368465568,-0.0568334031486911,-0.0122702176377028,0.966038287566371,0.944751448873346,0.98780475452785,0.00237133569098241,83359,"completed","bald_eagle__positive_numeric_count_given_detection__late_egg__13_bands",13,0.0154136819913857,TRUE,TRUE
"SOG_BALD_EAGLE_DISTANCE_BAND_v2","atx_fc0a9b777dcd","Bald Eagle","SoG","positive_numeric_count_given_detection","band_18_20","18–<20 km","within_band_18_20_active_0_14_minus_baseline","within_band_duration_weighted_active_minus_baseline","active_0_14",0,14,-0.0111306510612158,0.010610953974632,-0.0319277386931067,0.00966643657067517,0.988931065441454,0.968576570159238,1.00971330747179,0.294188513644262,83359,"completed","bald_eagle__positive_numeric_count_given_detection__active_0_14__13_bands",13,0.382445067737541,FALSE,FALSE
"SOG_BALD_EAGLE_DISTANCE_BAND_v2","atx_fc0a9b777dcd","Bald Eagle","SoG","positive_numeric_count_given_detection","band_20_22","20–<22 km","within_band_20_22_early_pre_minus_baseline","within_band_period_minus_baseline","early_pre",-14,-8,0.00629369116758539,0.0134628345916851,-0.0200929797619375,0.0326803620971083,1.00631353805673,0.980107538904353,1.03322023010688,0.640151968363924,83359,"completed","bald_eagle__positive_numeric_count_given_detection__early_pre__13_bands",13,0.839834645760988,FALSE,FALSE
"SOG_BALD_EAGLE_DISTANCE_BAND_v2","atx_fc0a9b777dcd","Bald Eagle","SoG","positive_numeric_count_given_detection","band_20_22","20–<22 km","within_band_20_22_immediate_pre_minus_baseline","within_band_period_minus_baseline","immediate_pre",-7,-1,0.0290487711085339,0.0131010844405539,0.00337111744663009,0.0547264247704377,1.02947480187808,1.00337680605357,1.05625161086824,0.0266039710164401,83359,"completed","bald_eagle__positive_numeric_count_given_detection__immediate_pre__13_bands",13,0.0691703246427443,TRUE,FALSE
"SOG_BALD_EAGLE_DISTANCE_BAND_v2","atx_fc0a9b777dcd","Bald Eagle","SoG","positive_numeric_count_given_detection","band_20_22","20–<22 km","within_band_20_22_spawn_start_minus_baseline","within_band_period_minus_baseline","spawn_start",0,3,0.012847490196278,0.0159296562504652,-0.018374062340737,0.0440690427332931,1.01293037376673,0.981793711608269,1.04505450581719,0.41994656010591,83359,"completed","bald_eagle__positive_numeric_count_given_detection__spawn_start__13_bands",13,0.545930528137683,FALSE,FALSE
"SOG_BALD_EAGLE_DISTANCE_BAND_v2","atx_fc0a9b777dcd","Bald Eagle","SoG","positive_numeric_count_given_detection","band_20_22","20–<22 km","within_band_20_22_early_egg_minus_baseline","within_band_period_minus_baseline","early_egg",4,14,0.0164856596332122,0.0112166698335032,-0.00549860926693096,0.0384699285333555,1.01662229794489,0.994516480414914,1.03921947703426,0.141630462290604,83359,"completed","bald_eagle__positive_numeric_count_given_detection__early_egg__13_bands",13,0.263028001396836,FALSE,FALSE
"SOG_BALD_EAGLE_DISTANCE_BAND_v2","atx_fc0a9b777dcd","Bald Eagle","SoG","positive_numeric_count_given_detection","band_20_22","20–<22 km","within_band_20_22_late_egg_minus_baseline","within_band_period_minus_baseline","late_egg",15,28,0.00483138708338148,0.0108747955559412,-0.0164828205454996,0.0261455947122625,1.00484307705263,0.98365227785507,1.02649038916714,0.656844618741481,83359,"completed","bald_eagle__positive_numeric_count_given_detection__late_egg__13_bands",13,0.853898004363925,FALSE,FALSE
"SOG_BALD_EAGLE_DISTANCE_BAND_v2","atx_fc0a9b777dcd","Bald Eagle","SoG","positive_numeric_count_given_detection","band_20_22","20–<22 km","within_band_20_22_active_0_14_minus_baseline","within_band_duration_weighted_active_minus_baseline","active_0_14",0,14,0.0155154811166965,0.0104524736833293,-0.00497099085198166,0.0360019530853746,1.01563647112334,0.995041344075642,1.03665787117027,0.137707167788443,83359,"completed","bald_eagle__positive_numeric_count_given_detection__active_0_14__13_bands",13,0.22377414765622,FALSE,FALSE
"SOG_BALD_EAGLE_DISTANCE_BAND_v2","atx_fc0a9b777dcd","Bald Eagle","SoG","positive_numeric_count_given_detection","band_22_24","22–<24 km","within_band_22_24_early_pre_minus_baseline","within_band_period_minus_baseline","early_pre",-14,-8,-0.00333274261404584,0.0135302922981375,-0.029851628218695,0.0231861429906034,0.996672804808199,0.970589530963292,1.02345703116986,0.805436759301484,83359,"completed","bald_eagle__positive_numeric_count_given_detection__early_pre__13_bands",13,0.933611102053652,FALSE,FALSE
"SOG_BALD_EAGLE_DISTANCE_BAND_v2","atx_fc0a9b777dcd","Bald Eagle","SoG","positive_numeric_count_given_detection","band_22_24","22–<24 km","within_band_22_24_immediate_pre_minus_baseline","within_band_period_minus_baseline","immediate_pre",-7,-1,-0.00455187512573183,0.0130170783234969,-0.0300648798237228,0.0209611295722591,0.995458468956906,0.970382573255807,1.02118235707104,0.726575222100236,83359,"completed","bald_eagle__positive_numeric_count_given_detection__immediate_pre__13_bands",13,0.787123157275256,FALSE,FALSE
"SOG_BALD_EAGLE_DISTANCE_BAND_v2","atx_fc0a9b777dcd","Bald Eagle","SoG","positive_numeric_count_given_detection","band_22_24","22–<24 km","within_band_22_24_spawn_start_minus_baseline","within_band_period_minus_baseline","spawn_start",0,3,-0.00939313973139197,0.0156497798202064,-0.0400661445449782,0.0212798650821942,0.990650838001569,0.96072589027378,1.02150789602802,0.548366912267805,83359,"completed","bald_eagle__positive_numeric_count_given_detection__spawn_start__13_bands",13,0.648069987225588,FALSE,FALSE
"SOG_BALD_EAGLE_DISTANCE_BAND_v2","atx_fc0a9b777dcd","Bald Eagle","SoG","positive_numeric_count_given_detection","band_22_24","22–<24 km","within_band_22_24_early_egg_minus_baseline","within_band_period_minus_baseline","early_egg",4,14,-0.00108473544297951,0.0110172746771859,-0.0226781970180489,0.0205087261320899,0.998915852669843,0.977577020361396,1.02072047514603,0.921568865126086,83359,"completed","bald_eagle__positive_numeric_count_given_detection__early_egg__13_bands",13,0.971962576651075,FALSE,FALSE
"SOG_BALD_EAGLE_DISTANCE_BAND_v2","atx_fc0a9b777dcd","Bald Eagle","SoG","positive_numeric_count_given_detection","band_22_24","22–<24 km","within_band_22_24_late_egg_minus_baseline","within_band_period_minus_baseline","late_egg",15,28,-0.0124175230947987,0.0107377409463133,-0.0334631086248939,0.00862806243529637,0.987659256213573,0.967090587874958,1.00866539144777,0.247502372150307,83359,"completed","bald_eagle__positive_numeric_count_given_detection__late_egg__13_bands",13,0.459647262564856,FALSE,FALSE
"SOG_BALD_EAGLE_DISTANCE_BAND_v2","atx_fc0a9b777dcd","Bald Eagle","SoG","positive_numeric_count_given_detection","band_22_24","22–<24 km","within_band_22_24_active_0_14_minus_baseline","within_band_duration_weighted_active_minus_baseline","active_0_14",0,14,-0.0033003099198895,0.0103542051845118,-0.0235941791700706,0.0169935593302916,0.996705130116646,0.976681987238281,1.01713877124927,0.749922906418585,83359,"completed","bald_eagle__positive_numeric_count_given_detection__active_0_14__13_bands",13,0.812416481953467,FALSE,FALSE
"SOG_BALD_EAGLE_DISTANCE_BAND_v2","atx_fc0a9b777dcd","Bald Eagle","SoG","positive_numeric_count_given_detection","band_24_26","24–26 km","within_band_24_26_early_pre_minus_baseline","within_band_period_minus_baseline","early_pre",-14,-8,0.02246651860705,0.0144364453449199,-0.00582839433377385,0.0507614315478739,1.02272079147451,0.994188557805906,1.05207187218346,0.119651940160518,83359,"completed","bald_eagle__positive_numeric_count_given_detection__early_pre__13_bands",13,0.348508129102812,FALSE,FALSE
"SOG_BALD_EAGLE_DISTANCE_BAND_v2","atx_fc0a9b777dcd","Bald Eagle","SoG","positive_numeric_count_given_detection","band_24_26","24–26 km","within_band_24_26_immediate_pre_minus_baseline","within_band_period_minus_baseline","immediate_pre",-7,-1,0.0342349832365018,0.0138360712261867,0.00711678194564495,0.0613531845273586,1.03482774533307,1.00714216642114,1.06327437993828,0.0133486950638057,83359,"completed","bald_eagle__positive_numeric_count_given_detection__immediate_pre__13_bands",13,0.0433832589573685,TRUE,TRUE
"SOG_BALD_EAGLE_DISTANCE_BAND_v2","atx_fc0a9b777dcd","Bald Eagle","SoG","positive_numeric_count_given_detection","band_24_26","24–26 km","within_band_24_26_spawn_start_minus_baseline","within_band_period_minus_baseline","spawn_start",0,3,0.0191797124705455,0.0163637062201375,-0.0128925623745181,0.0512519873156091,1.01936482472844,0.987190190692988,1.05258809871704,0.241161511973266,83359,"completed","bald_eagle__positive_numeric_count_given_detection__spawn_start__13_bands",13,0.394862335180495,FALSE,FALSE
"SOG_BALD_EAGLE_DISTANCE_BAND_v2","atx_fc0a9b777dcd","Bald Eagle","SoG","positive_numeric_count_given_detection","band_24_26","24–26 km","within_band_24_26_early_egg_minus_baseline","within_band_period_minus_baseline","early_egg",4,14,0.00251067128638657,0.0119104395464423,-0.0208333612646819,0.025854703837455,1.00251382566085,0.979382153975775,1.02619183590517,0.833046573185948,83359,"completed","bald_eagle__positive_numeric_count_given_detection__early_egg__13_bands",13,0.971962576651075,FALSE,FALSE
"SOG_BALD_EAGLE_DISTANCE_BAND_v2","atx_fc0a9b777dcd","Bald Eagle","SoG","positive_numeric_count_given_detection","band_24_26","24–26 km","within_band_24_26_late_egg_minus_baseline","within_band_period_minus_baseline","late_egg",15,28,0.0133252127920735,0.0114544080373326,-0.00912501442532452,0.0357754400094714,1.01341438909757,0.990916492173425,1.03642308119972,0.24469718601165,83359,"completed","bald_eagle__positive_numeric_count_given_detection__late_egg__13_bands",13,0.459647262564856,FALSE,FALSE
"SOG_BALD_EAGLE_DISTANCE_BAND_v2","atx_fc0a9b777dcd","Bald Eagle","SoG","positive_numeric_count_given_detection","band_24_26","24–26 km","within_band_24_26_active_0_14_minus_baseline","within_band_duration_weighted_active_minus_baseline","active_0_14",0,14,0.00695574893549561,0.0110858833421022,-0.0147721831518372,0.0286836810228284,1.00697999634415,0.985336390266081,1.02909901943583,0.530369536918125,83359,"completed","bald_eagle__positive_numeric_count_given_detection__active_0_14__13_bands",13,0.62680036181233,FALSE,FALSE
