"outcome","coefficient","estimate","model_version_id","analysis_taxon_id","unit_label"
"detection","(Intercept)",-3.46774722833819,"SOG_DISTANCE_BAND_CONTROL_AMERICAN_ROBIN_v1","ctl_c7322190c88f","American Robin"
"detection","db_band_0_2_baseline",-0.119703058053364,"SOG_DISTANCE_BAND_CONTROL_AMERICAN_ROBIN_v1","ctl_c7322190c88f","American Robin"
"detection","db_band_2_4_baseline",-0.162581843637839,"SOG_DISTANCE_BAND_CONTROL_AMERICAN_ROBIN_v1","ctl_c7322190c88f","American Robin"
"detection","db_band_4_6_baseline",-0.0989441937579149,"SOG_DISTANCE_BAND_CONTROL_AMERICAN_ROBIN_v1","ctl_c7322190c88f","American Robin"
"detection","db_band_6_8_baseline",0.0133683673085936,"SOG_DISTANCE_BAND_CONTROL_AMERICAN_ROBIN_v1","ctl_c7322190c88f","American Robin"
"detection","db_band_8_10_baseline",-0.143794062087447,"SOG_DISTANCE_BAND_CONTROL_AMERICAN_ROBIN_v1","ctl_c7322190c88f","American Robin"
"detection","db_band_10_12_baseline",-0.101452643197617,"SOG_DISTANCE_BAND_CONTROL_AMERICAN_ROBIN_v1","ctl_c7322190c88f","American Robin"
"detection","db_band_12_14_baseline",-0.169363555167845,"SOG_DISTANCE_BAND_CONTROL_AMERICAN_ROBIN_v1","ctl_c7322190c88f","American Robin"
"detection","db_band_14_16_baseline",-0.0892739935382563,"SOG_DISTANCE_BAND_CONTROL_AMERICAN_ROBIN_v1","ctl_c7322190c88f","American Robin"
"detection","db_band_16_18_baseline",-0.106081583909254,"SOG_DISTANCE_BAND_CONTROL_AMERICAN_ROBIN_v1","ctl_c7322190c88f","American Robin"
"detection","db_band_18_20_baseline",-0.0824901849609176,"SOG_DISTANCE_BAND_CONTROL_AMERICAN_ROBIN_v1","ctl_c7322190c88f","American Robin"
"detection","db_band_20_22_baseline",0.036338925549924,"SOG_DISTANCE_BAND_CONTROL_AMERICAN_ROBIN_v1","ctl_c7322190c88f","American Robin"
"detection","db_band_22_24_baseline",-0.0256679308410682,"SOG_DISTANCE_BAND_CONTROL_AMERICAN_ROBIN_v1","ctl_c7322190c88f","American Robin"
"detection","db_band_24_26_baseline",-0.0545187947686328,"SOG_DISTANCE_BAND_CONTROL_AMERICAN_ROBIN_v1","ctl_c7322190c88f","American Robin"
"detection","db_band_0_2_early_pre",-0.0396641817900626,"SOG_DISTANCE_BAND_CONTROL_AMERICAN_ROBIN_v1","ctl_c7322190c88f","American Robin"
"detection","db_band_2_4_early_pre",-0.147559126543455,"SOG_DISTANCE_BAND_CONTROL_AMERICAN_ROBIN_v1","ctl_c7322190c88f","American Robin"
"detection","db_band_4_6_early_pre",0.00579265045751561,"SOG_DISTANCE_BAND_CONTROL_AMERICAN_ROBIN_v1","ctl_c7322190c88f","American Robin"
"detection","db_band_6_8_early_pre",-0.0683462329628052,"SOG_DISTANCE_BAND_CONTROL_AMERICAN_ROBIN_v1","ctl_c7322190c88f","American Robin"
"detection","db_band_8_10_early_pre",-0.0638061365641837,"SOG_DISTANCE_BAND_CONTROL_AMERICAN_ROBIN_v1","ctl_c7322190c88f","American Robin"
"detection","db_band_10_12_early_pre",0.0129748173343865,"SOG_DISTANCE_BAND_CONTROL_AMERICAN_ROBIN_v1","ctl_c7322190c88f","American Robin"
"detection","db_band_12_14_early_pre",-0.0767228458636889,"SOG_DISTANCE_BAND_CONTROL_AMERICAN_ROBIN_v1","ctl_c7322190c88f","American Robin"
"detection","db_band_14_16_early_pre",-0.0875619507603061,"SOG_DISTANCE_BAND_CONTROL_AMERICAN_ROBIN_v1","ctl_c7322190c88f","American Robin"
"detection","db_band_16_18_early_pre",-0.0587210106935392,"SOG_DISTANCE_BAND_CONTROL_AMERICAN_ROBIN_v1","ctl_c7322190c88f","American Robin"
"detection","db_band_18_20_early_pre",-0.0655226288648882,"SOG_DISTANCE_BAND_CONTROL_AMERICAN_ROBIN_v1","ctl_c7322190c88f","American Robin"
"detection","db_band_20_22_early_pre",0.104280945929239,"SOG_DISTANCE_BAND_CONTROL_AMERICAN_ROBIN_v1","ctl_c7322190c88f","American Robin"
"detection","db_band_22_24_early_pre",0.0110630074539436,"SOG_DISTANCE_BAND_CONTROL_AMERICAN_ROBIN_v1","ctl_c7322190c88f","American Robin"
"detection","db_band_24_26_early_pre",0.026608281956742,"SOG_DISTANCE_BAND_CONTROL_AMERICAN_ROBIN_v1","ctl_c7322190c88f","American Robin"
"detection","db_band_0_2_immediate_pre",0.0194892675991477,"SOG_DISTANCE_BAND_CONTROL_AMERICAN_ROBIN_v1","ctl_c7322190c88f","American Robin"
"detection","db_band_2_4_immediate_pre",-0.0835674215802582,"SOG_DISTANCE_BAND_CONTROL_AMERICAN_ROBIN_v1","ctl_c7322190c88f","American Robin"
"detection","db_band_4_6_immediate_pre",-0.0497236105260043,"SOG_DISTANCE_BAND_CONTROL_AMERICAN_ROBIN_v1","ctl_c7322190c88f","American Robin"
"detection","db_band_6_8_immediate_pre",0.0383429231469195,"SOG_DISTANCE_BAND_CONTROL_AMERICAN_ROBIN_v1","ctl_c7322190c88f","American Robin"
"detection","db_band_8_10_immediate_pre",0.0265153106396257,"SOG_DISTANCE_BAND_CONTROL_AMERICAN_ROBIN_v1","ctl_c7322190c88f","American Robin"
"detection","db_band_10_12_immediate_pre",0.00367329800581939,"SOG_DISTANCE_BAND_CONTROL_AMERICAN_ROBIN_v1","ctl_c7322190c88f","American Robin"
"detection","db_band_12_14_immediate_pre",-0.0626484937494274,"SOG_DISTANCE_BAND_CONTROL_AMERICAN_ROBIN_v1","ctl_c7322190c88f","American Robin"
"detection","db_band_14_16_immediate_pre",0.0076129252394439,"SOG_DISTANCE_BAND_CONTROL_AMERICAN_ROBIN_v1","ctl_c7322190c88f","American Robin"
"detection","db_band_16_18_immediate_pre",0.020810101046014,"SOG_DISTANCE_BAND_CONTROL_AMERICAN_ROBIN_v1","ctl_c7322190c88f","American Robin"
"detection","db_band_18_20_immediate_pre",-0.0599759195340575,"SOG_DISTANCE_BAND_CONTROL_AMERICAN_ROBIN_v1","ctl_c7322190c88f","American Robin"
"detection","db_band_20_22_immediate_pre",0.0228419093552538,"SOG_DISTANCE_BAND_CONTROL_AMERICAN_ROBIN_v1","ctl_c7322190c88f","American Robin"
"detection","db_band_22_24_immediate_pre",0.0378125149758007,"SOG_DISTANCE_BAND_CONTROL_AMERICAN_ROBIN_v1","ctl_c7322190c88f","American Robin"
"detection","db_band_24_26_immediate_pre",0.0431540665708249,"SOG_DISTANCE_BAND_CONTROL_AMERICAN_ROBIN_v1","ctl_c7322190c88f","American Robin"
"detection","db_band_0_2_spawn_start",-0.123219913731234,"SOG_DISTANCE_BAND_CONTROL_AMERICAN_ROBIN_v1","ctl_c7322190c88f","American Robin"
"detection","db_band_2_4_spawn_start",-0.142088097117597,"SOG_DISTANCE_BAND_CONTROL_AMERICAN_ROBIN_v1","ctl_c7322190c88f","American Robin"
"detection","db_band_4_6_spawn_start",-0.0383831104794879,"SOG_DISTANCE_BAND_CONTROL_AMERICAN_ROBIN_v1","ctl_c7322190c88f","American Robin"
"detection","db_band_6_8_spawn_start",0.0374254309317902,"SOG_DISTANCE_BAND_CONTROL_AMERICAN_ROBIN_v1","ctl_c7322190c88f","American Robin"
"detection","db_band_8_10_spawn_start",0.0461320611272965,"SOG_DISTANCE_BAND_CONTROL_AMERICAN_ROBIN_v1","ctl_c7322190c88f","American Robin"
"detection","db_band_10_12_spawn_start",0.0512614792803762,"SOG_DISTANCE_BAND_CONTROL_AMERICAN_ROBIN_v1","ctl_c7322190c88f","American Robin"
"detection","db_band_12_14_spawn_start",-0.00358411265183371,"SOG_DISTANCE_BAND_CONTROL_AMERICAN_ROBIN_v1","ctl_c7322190c88f","American Robin"
"detection","db_band_14_16_spawn_start",-0.00397781382974946,"SOG_DISTANCE_BAND_CONTROL_AMERICAN_ROBIN_v1","ctl_c7322190c88f","American Robin"
"detection","db_band_16_18_spawn_start",0.00930502077360065,"SOG_DISTANCE_BAND_CONTROL_AMERICAN_ROBIN_v1","ctl_c7322190c88f","American Robin"
"detection","db_band_18_20_spawn_start",0.026570755405626,"SOG_DISTANCE_BAND_CONTROL_AMERICAN_ROBIN_v1","ctl_c7322190c88f","American Robin"
"detection","db_band_20_22_spawn_start",-0.0352180367198734,"SOG_DISTANCE_BAND_CONTROL_AMERICAN_ROBIN_v1","ctl_c7322190c88f","American Robin"
"detection","db_band_22_24_spawn_start",0.0822370827111543,"SOG_DISTANCE_BAND_CONTROL_AMERICAN_ROBIN_v1","ctl_c7322190c88f","American Robin"
"detection","db_band_24_26_spawn_start",0.0704761212114496,"SOG_DISTANCE_BAND_CONTROL_AMERICAN_ROBIN_v1","ctl_c7322190c88f","American Robin"
"detection","db_band_0_2_early_egg",-0.0520424064038355,"SOG_DISTANCE_BAND_CONTROL_AMERICAN_ROBIN_v1","ctl_c7322190c88f","American Robin"
"detection","db_band_2_4_early_egg",-0.108297393771337,"SOG_DISTANCE_BAND_CONTROL_AMERICAN_ROBIN_v1","ctl_c7322190c88f","American Robin"
"detection","db_band_4_6_early_egg",0.0136510033337629,"SOG_DISTANCE_BAND_CONTROL_AMERICAN_ROBIN_v1","ctl_c7322190c88f","American Robin"
"detection","db_band_6_8_early_egg",0.0587924319102773,"SOG_DISTANCE_BAND_CONTROL_AMERICAN_ROBIN_v1","ctl_c7322190c88f","American Robin"
"detection","db_band_8_10_early_egg",-0.00300072713707023,"SOG_DISTANCE_BAND_CONTROL_AMERICAN_ROBIN_v1","ctl_c7322190c88f","American Robin"
"detection","db_band_10_12_early_egg",0.0935145564865597,"SOG_DISTANCE_BAND_CONTROL_AMERICAN_ROBIN_v1","ctl_c7322190c88f","American Robin"
"detection","db_band_12_14_early_egg",0.0104917658156399,"SOG_DISTANCE_BAND_CONTROL_AMERICAN_ROBIN_v1","ctl_c7322190c88f","American Robin"
"detection","db_band_14_16_early_egg",-0.011800430523781,"SOG_DISTANCE_BAND_CONTROL_AMERICAN_ROBIN_v1","ctl_c7322190c88f","American Robin"
"detection","db_band_16_18_early_egg",0.0757659251045534,"SOG_DISTANCE_BAND_CONTROL_AMERICAN_ROBIN_v1","ctl_c7322190c88f","American Robin"
"detection","db_band_18_20_early_egg",0.0415093804706877,"SOG_DISTANCE_BAND_CONTROL_AMERICAN_ROBIN_v1","ctl_c7322190c88f","American Robin"
"detection","db_band_20_22_early_egg",0.0227400029517546,"SOG_DISTANCE_BAND_CONTROL_AMERICAN_ROBIN_v1","ctl_c7322190c88f","American Robin"
"detection","db_band_22_24_early_egg",0.0153804923760939,"SOG_DISTANCE_BAND_CONTROL_AMERICAN_ROBIN_v1","ctl_c7322190c88f","American Robin"
"detection","db_band_24_26_early_egg",0.118137449414426,"SOG_DISTANCE_BAND_CONTROL_AMERICAN_ROBIN_v1","ctl_c7322190c88f","American Robin"
"detection","db_band_0_2_late_egg",-0.0375590516942982,"SOG_DISTANCE_BAND_CONTROL_AMERICAN_ROBIN_v1","ctl_c7322190c88f","American Robin"
"detection","db_band_2_4_late_egg",-0.0179006954999654,"SOG_DISTANCE_BAND_CONTROL_AMERICAN_ROBIN_v1","ctl_c7322190c88f","American Robin"
"detection","db_band_4_6_late_egg",0.0292766524769207,"SOG_DISTANCE_BAND_CONTROL_AMERICAN_ROBIN_v1","ctl_c7322190c88f","American Robin"
"detection","db_band_6_8_late_egg",0.0588952350482702,"SOG_DISTANCE_BAND_CONTROL_AMERICAN_ROBIN_v1","ctl_c7322190c88f","American Robin"
"detection","db_band_8_10_late_egg",0.0490515425088073,"SOG_DISTANCE_BAND_CONTROL_AMERICAN_ROBIN_v1","ctl_c7322190c88f","American Robin"
"detection","db_band_10_12_late_egg",0.172657295356972,"SOG_DISTANCE_BAND_CONTROL_AMERICAN_ROBIN_v1","ctl_c7322190c88f","American Robin"
"detection","db_band_12_14_late_egg",0.0383290193603939,"SOG_DISTANCE_BAND_CONTROL_AMERICAN_ROBIN_v1","ctl_c7322190c88f","American Robin"
"detection","db_band_14_16_late_egg",0.0339001328075689,"SOG_DISTANCE_BAND_CONTROL_AMERICAN_ROBIN_v1","ctl_c7322190c88f","American Robin"
"detection","db_band_16_18_late_egg",0.0947932963930567,"SOG_DISTANCE_BAND_CONTROL_AMERICAN_ROBIN_v1","ctl_c7322190c88f","American Robin"
"detection","db_band_18_20_late_egg",0.0323022080796081,"SOG_DISTANCE_BAND_CONTROL_AMERICAN_ROBIN_v1","ctl_c7322190c88f","American Robin"
"detection","db_band_20_22_late_egg",0.0311147416634496,"SOG_DISTANCE_BAND_CONTROL_AMERICAN_ROBIN_v1","ctl_c7322190c88f","American Robin"
"detection","db_band_22_24_late_egg",0.0844701425195202,"SOG_DISTANCE_BAND_CONTROL_AMERICAN_ROBIN_v1","ctl_c7322190c88f","American Robin"
"detection","db_band_24_26_late_egg",0.0903606472539404,"SOG_DISTANCE_BAND_CONTROL_AMERICAN_ROBIN_v1","ctl_c7322190c88f","American Robin"
"detection","factor(checklist_year)2006",0.832691741135223,"SOG_DISTANCE_BAND_CONTROL_AMERICAN_ROBIN_v1","ctl_c7322190c88f","American Robin"
"detection","factor(checklist_year)2007",-0.319671575421407,"SOG_DISTANCE_BAND_CONTROL_AMERICAN_ROBIN_v1","ctl_c7322190c88f","American Robin"
"detection","factor(checklist_year)2008",2.78426876974732,"SOG_DISTANCE_BAND_CONTROL_AMERICAN_ROBIN_v1","ctl_c7322190c88f","American Robin"
"detection","factor(checklist_year)2009",0.974376169345174,"SOG_DISTANCE_BAND_CONTROL_AMERICAN_ROBIN_v1","ctl_c7322190c88f","American Robin"
"detection","factor(checklist_year)2010",4.19171143428142,"SOG_DISTANCE_BAND_CONTROL_AMERICAN_ROBIN_v1","ctl_c7322190c88f","American Robin"
"detection","factor(checklist_year)2011",-2.76027879580161,"SOG_DISTANCE_BAND_CONTROL_AMERICAN_ROBIN_v1","ctl_c7322190c88f","American Robin"
"detection","factor(checklist_year)2012",2.40505812865302,"SOG_DISTANCE_BAND_CONTROL_AMERICAN_ROBIN_v1","ctl_c7322190c88f","American Robin"
"detection","factor(checklist_year)2013",1.15140514104675,"SOG_DISTANCE_BAND_CONTROL_AMERICAN_ROBIN_v1","ctl_c7322190c88f","American Robin"
"detection","factor(checklist_year)2014",-9.11609937111687,"SOG_DISTANCE_BAND_CONTROL_AMERICAN_ROBIN_v1","ctl_c7322190c88f","American Robin"
"detection","factor(checklist_year)2015",-6.66369108525476,"SOG_DISTANCE_BAND_CONTROL_AMERICAN_ROBIN_v1","ctl_c7322190c88f","American Robin"
"detection","factor(checklist_year)2016",-5.35655069576671,"SOG_DISTANCE_BAND_CONTROL_AMERICAN_ROBIN_v1","ctl_c7322190c88f","American Robin"
"detection","factor(checklist_year)2017",-4.14328484593166,"SOG_DISTANCE_BAND_CONTROL_AMERICAN_ROBIN_v1","ctl_c7322190c88f","American Robin"
"detection","factor(checklist_year)2018",-2.9682599525542,"SOG_DISTANCE_BAND_CONTROL_AMERICAN_ROBIN_v1","ctl_c7322190c88f","American Robin"
"detection","factor(checklist_year)2019",-1.79675595081133,"SOG_DISTANCE_BAND_CONTROL_AMERICAN_ROBIN_v1","ctl_c7322190c88f","American Robin"
"detection","factor(checklist_year)2020",-0.166533103102012,"SOG_DISTANCE_BAND_CONTROL_AMERICAN_ROBIN_v1","ctl_c7322190c88f","American Robin"
"detection","factor(checklist_year)2021",2.12116824877371,"SOG_DISTANCE_BAND_CONTROL_AMERICAN_ROBIN_v1","ctl_c7322190c88f","American Robin"
"detection","factor(checklist_year)2022",3.91613688923301,"SOG_DISTANCE_BAND_CONTROL_AMERICAN_ROBIN_v1","ctl_c7322190c88f","American Robin"
"detection","factor(checklist_year)2023",4.4298311682628,"SOG_DISTANCE_BAND_CONTROL_AMERICAN_ROBIN_v1","ctl_c7322190c88f","American Robin"
"detection","factor(checklist_year)2024",7.03859041379453,"SOG_DISTANCE_BAND_CONTROL_AMERICAN_ROBIN_v1","ctl_c7322190c88f","American Robin"
"detection","factor(checklist_year)2025",9.03198188393981,"SOG_DISTANCE_BAND_CONTROL_AMERICAN_ROBIN_v1","ctl_c7322190c88f","American Robin"
"detection","protocoltraveling",0.456445035227093,"SOG_DISTANCE_BAND_CONTROL_AMERICAN_ROBIN_v1","ctl_c7322190c88f","American Robin"
"detection","log_duration",0.613605593802098,"SOG_DISTANCE_BAND_CONTROL_AMERICAN_ROBIN_v1","ctl_c7322190c88f","American Robin"
"detection","log_effort_distance",0.322607468520575,"SOG_DISTANCE_BAND_CONTROL_AMERICAN_ROBIN_v1","ctl_c7322190c88f","American Robin"
"detection","observer_count",0.0114795764039942,"SOG_DISTANCE_BAND_CONTROL_AMERICAN_ROBIN_v1","ctl_c7322190c88f","American Robin"
"positive_numeric_count_given_detection","(Intercept)",0.702974565025739,"SOG_DISTANCE_BAND_CONTROL_AMERICAN_ROBIN_v1","ctl_c7322190c88f","American Robin"
"positive_numeric_count_given_detection","db_band_0_2_baseline",0.00803658351908932,"SOG_DISTANCE_BAND_CONTROL_AMERICAN_ROBIN_v1","ctl_c7322190c88f","American Robin"
"positive_numeric_count_given_detection","db_band_2_4_baseline",0.0649995411099394,"SOG_DISTANCE_BAND_CONTROL_AMERICAN_ROBIN_v1","ctl_c7322190c88f","American Robin"
"positive_numeric_count_given_detection","db_band_4_6_baseline",-0.043756480692838,"SOG_DISTANCE_BAND_CONTROL_AMERICAN_ROBIN_v1","ctl_c7322190c88f","American Robin"
"positive_numeric_count_given_detection","db_band_6_8_baseline",0.0303650708836309,"SOG_DISTANCE_BAND_CONTROL_AMERICAN_ROBIN_v1","ctl_c7322190c88f","American Robin"
"positive_numeric_count_given_detection","db_band_8_10_baseline",-0.0311091520272567,"SOG_DISTANCE_BAND_CONTROL_AMERICAN_ROBIN_v1","ctl_c7322190c88f","American Robin"
"positive_numeric_count_given_detection","db_band_10_12_baseline",0.026386218657942,"SOG_DISTANCE_BAND_CONTROL_AMERICAN_ROBIN_v1","ctl_c7322190c88f","American Robin"
"positive_numeric_count_given_detection","db_band_12_14_baseline",0.00202467658852795,"SOG_DISTANCE_BAND_CONTROL_AMERICAN_ROBIN_v1","ctl_c7322190c88f","American Robin"
"positive_numeric_count_given_detection","db_band_14_16_baseline",0.0070032876593794,"SOG_DISTANCE_BAND_CONTROL_AMERICAN_ROBIN_v1","ctl_c7322190c88f","American Robin"
"positive_numeric_count_given_detection","db_band_16_18_baseline",0.0479804035281762,"SOG_DISTANCE_BAND_CONTROL_AMERICAN_ROBIN_v1","ctl_c7322190c88f","American Robin"
"positive_numeric_count_given_detection","db_band_18_20_baseline",0.0196926465418727,"SOG_DISTANCE_BAND_CONTROL_AMERICAN_ROBIN_v1","ctl_c7322190c88f","American Robin"
"positive_numeric_count_given_detection","db_band_20_22_baseline",-0.0177243049602931,"SOG_DISTANCE_BAND_CONTROL_AMERICAN_ROBIN_v1","ctl_c7322190c88f","American Robin"
"positive_numeric_count_given_detection","db_band_22_24_baseline",-0.00133034609032953,"SOG_DISTANCE_BAND_CONTROL_AMERICAN_ROBIN_v1","ctl_c7322190c88f","American Robin"
"positive_numeric_count_given_detection","db_band_24_26_baseline",-0.0146557881479005,"SOG_DISTANCE_BAND_CONTROL_AMERICAN_ROBIN_v1","ctl_c7322190c88f","American Robin"
"positive_numeric_count_given_detection","db_band_0_2_early_pre",0.0213670631373988,"SOG_DISTANCE_BAND_CONTROL_AMERICAN_ROBIN_v1","ctl_c7322190c88f","American Robin"
"positive_numeric_count_given_detection","db_band_2_4_early_pre",0.0466241343906736,"SOG_DISTANCE_BAND_CONTROL_AMERICAN_ROBIN_v1","ctl_c7322190c88f","American Robin"
"positive_numeric_count_given_detection","db_band_4_6_early_pre",-0.0227637590913279,"SOG_DISTANCE_BAND_CONTROL_AMERICAN_ROBIN_v1","ctl_c7322190c88f","American Robin"
"positive_numeric_count_given_detection","db_band_6_8_early_pre",-0.00586244787711017,"SOG_DISTANCE_BAND_CONTROL_AMERICAN_ROBIN_v1","ctl_c7322190c88f","American Robin"
"positive_numeric_count_given_detection","db_band_8_10_early_pre",-0.0392021128739509,"SOG_DISTANCE_BAND_CONTROL_AMERICAN_ROBIN_v1","ctl_c7322190c88f","American Robin"
"positive_numeric_count_given_detection","db_band_10_12_early_pre",0.060739996278347,"SOG_DISTANCE_BAND_CONTROL_AMERICAN_ROBIN_v1","ctl_c7322190c88f","American Robin"
"positive_numeric_count_given_detection","db_band_12_14_early_pre",-0.039343907110799,"SOG_DISTANCE_BAND_CONTROL_AMERICAN_ROBIN_v1","ctl_c7322190c88f","American Robin"
"positive_numeric_count_given_detection","db_band_14_16_early_pre",-0.0243976405650289,"SOG_DISTANCE_BAND_CONTROL_AMERICAN_ROBIN_v1","ctl_c7322190c88f","American Robin"
"positive_numeric_count_given_detection","db_band_16_18_early_pre",0.0226466032141887,"SOG_DISTANCE_BAND_CONTROL_AMERICAN_ROBIN_v1","ctl_c7322190c88f","American Robin"
"positive_numeric_count_given_detection","db_band_18_20_early_pre",0.00285508337709838,"SOG_DISTANCE_BAND_CONTROL_AMERICAN_ROBIN_v1","ctl_c7322190c88f","American Robin"
"positive_numeric_count_given_detection","db_band_20_22_early_pre",-0.00499678264278582,"SOG_DISTANCE_BAND_CONTROL_AMERICAN_ROBIN_v1","ctl_c7322190c88f","American Robin"
"positive_numeric_count_given_detection","db_band_22_24_early_pre",-0.0111242360320841,"SOG_DISTANCE_BAND_CONTROL_AMERICAN_ROBIN_v1","ctl_c7322190c88f","American Robin"
"positive_numeric_count_given_detection","db_band_24_26_early_pre",0.0208725392127652,"SOG_DISTANCE_BAND_CONTROL_AMERICAN_ROBIN_v1","ctl_c7322190c88f","American Robin"
"positive_numeric_count_given_detection","db_band_0_2_immediate_pre",-0.054742441935975,"SOG_DISTANCE_BAND_CONTROL_AMERICAN_ROBIN_v1","ctl_c7322190c88f","American Robin"
"positive_numeric_count_given_detection","db_band_2_4_immediate_pre",0.0868595868475373,"SOG_DISTANCE_BAND_CONTROL_AMERICAN_ROBIN_v1","ctl_c7322190c88f","American Robin"
"positive_numeric_count_given_detection","db_band_4_6_immediate_pre",0.022369579051945,"SOG_DISTANCE_BAND_CONTROL_AMERICAN_ROBIN_v1","ctl_c7322190c88f","American Robin"
"positive_numeric_count_given_detection","db_band_6_8_immediate_pre",-0.037028195528624,"SOG_DISTANCE_BAND_CONTROL_AMERICAN_ROBIN_v1","ctl_c7322190c88f","American Robin"
"positive_numeric_count_given_detection","db_band_8_10_immediate_pre",-0.00888028865786865,"SOG_DISTANCE_BAND_CONTROL_AMERICAN_ROBIN_v1","ctl_c7322190c88f","American Robin"
"positive_numeric_count_given_detection","db_band_10_12_immediate_pre",0.0557229665828848,"SOG_DISTANCE_BAND_CONTROL_AMERICAN_ROBIN_v1","ctl_c7322190c88f","American Robin"
"positive_numeric_count_given_detection","db_band_12_14_immediate_pre",-0.0243805836663418,"SOG_DISTANCE_BAND_CONTROL_AMERICAN_ROBIN_v1","ctl_c7322190c88f","American Robin"
"positive_numeric_count_given_detection","db_band_14_16_immediate_pre",-0.0179876333021981,"SOG_DISTANCE_BAND_CONTROL_AMERICAN_ROBIN_v1","ctl_c7322190c88f","American Robin"
"positive_numeric_count_given_detection","db_band_16_18_immediate_pre",0.0199787392284948,"SOG_DISTANCE_BAND_CONTROL_AMERICAN_ROBIN_v1","ctl_c7322190c88f","American Robin"
"positive_numeric_count_given_detection","db_band_18_20_immediate_pre",-0.036534410556917,"SOG_DISTANCE_BAND_CONTROL_AMERICAN_ROBIN_v1","ctl_c7322190c88f","American Robin"
"positive_numeric_count_given_detection","db_band_20_22_immediate_pre",0.0208941150747722,"SOG_DISTANCE_BAND_CONTROL_AMERICAN_ROBIN_v1","ctl_c7322190c88f","American Robin"
"positive_numeric_count_given_detection","db_band_22_24_immediate_pre",0.0094785597875593,"SOG_DISTANCE_BAND_CONTROL_AMERICAN_ROBIN_v1","ctl_c7322190c88f","American Robin"
"positive_numeric_count_given_detection","db_band_24_26_immediate_pre",-0.00617648142896087,"SOG_DISTANCE_BAND_CONTROL_AMERICAN_ROBIN_v1","ctl_c7322190c88f","American Robin"
"positive_numeric_count_given_detection","db_band_0_2_spawn_start",-0.0513658960565714,"SOG_DISTANCE_BAND_CONTROL_AMERICAN_ROBIN_v1","ctl_c7322190c88f","American Robin"
"positive_numeric_count_given_detection","db_band_2_4_spawn_start",0.0740759596676951,"SOG_DISTANCE_BAND_CONTROL_AMERICAN_ROBIN_v1","ctl_c7322190c88f","American Robin"
"positive_numeric_count_given_detection","db_band_4_6_spawn_start",0.0102622453254664,"SOG_DISTANCE_BAND_CONTROL_AMERICAN_ROBIN_v1","ctl_c7322190c88f","American Robin"
"positive_numeric_count_given_detection","db_band_6_8_spawn_start",0.014712715512593,"SOG_DISTANCE_BAND_CONTROL_AMERICAN_ROBIN_v1","ctl_c7322190c88f","American Robin"
"positive_numeric_count_given_detection","db_band_8_10_spawn_start",-0.0198164850706102,"SOG_DISTANCE_BAND_CONTROL_AMERICAN_ROBIN_v1","ctl_c7322190c88f","American Robin"
"positive_numeric_count_given_detection","db_band_10_12_spawn_start",0.0461126429479334,"SOG_DISTANCE_BAND_CONTROL_AMERICAN_ROBIN_v1","ctl_c7322190c88f","American Robin"
"positive_numeric_count_given_detection","db_band_12_14_spawn_start",-0.0144595483521111,"SOG_DISTANCE_BAND_CONTROL_AMERICAN_ROBIN_v1","ctl_c7322190c88f","American Robin"
"positive_numeric_count_given_detection","db_band_14_16_spawn_start",-0.0200345017605381,"SOG_DISTANCE_BAND_CONTROL_AMERICAN_ROBIN_v1","ctl_c7322190c88f","American Robin"
"positive_numeric_count_given_detection","db_band_16_18_spawn_start",0.0343953372398212,"SOG_DISTANCE_BAND_CONTROL_AMERICAN_ROBIN_v1","ctl_c7322190c88f","American Robin"
"positive_numeric_count_given_detection","db_band_18_20_spawn_start",-0.00325306625696728,"SOG_DISTANCE_BAND_CONTROL_AMERICAN_ROBIN_v1","ctl_c7322190c88f","American Robin"
"positive_numeric_count_given_detection","db_band_20_22_spawn_start",0.010910997923984,"SOG_DISTANCE_BAND_CONTROL_AMERICAN_ROBIN_v1","ctl_c7322190c88f","American Robin"
"positive_numeric_count_given_detection","db_band_22_24_spawn_start",-0.00679568812768754,"SOG_DISTANCE_BAND_CONTROL_AMERICAN_ROBIN_v1","ctl_c7322190c88f","American Robin"
"positive_numeric_count_given_detection","db_band_24_26_spawn_start",0.0252699506627303,"SOG_DISTANCE_BAND_CONTROL_AMERICAN_ROBIN_v1","ctl_c7322190c88f","American Robin"
"positive_numeric_count_given_detection","db_band_0_2_early_egg",-0.0366110690642882,"SOG_DISTANCE_BAND_CONTROL_AMERICAN_ROBIN_v1","ctl_c7322190c88f","American Robin"
"positive_numeric_count_given_detection","db_band_2_4_early_egg",0.00349162887399859,"SOG_DISTANCE_BAND_CONTROL_AMERICAN_ROBIN_v1","ctl_c7322190c88f","American Robin"
"positive_numeric_count_given_detection","db_band_4_6_early_egg",0.024016176712809,"SOG_DISTANCE_BAND_CONTROL_AMERICAN_ROBIN_v1","ctl_c7322190c88f","American Robin"
"positive_numeric_count_given_detection","db_band_6_8_early_egg",0.010820024212931,"SOG_DISTANCE_BAND_CONTROL_AMERICAN_ROBIN_v1","ctl_c7322190c88f","American Robin"
"positive_numeric_count_given_detection","db_band_8_10_early_egg",-0.00422774846359505,"SOG_DISTANCE_BAND_CONTROL_AMERICAN_ROBIN_v1","ctl_c7322190c88f","American Robin"
"positive_numeric_count_given_detection","db_band_10_12_early_egg",0.0475777122226638,"SOG_DISTANCE_BAND_CONTROL_AMERICAN_ROBIN_v1","ctl_c7322190c88f","American Robin"
"positive_numeric_count_given_detection","db_band_12_14_early_egg",0.00368757539545425,"SOG_DISTANCE_BAND_CONTROL_AMERICAN_ROBIN_v1","ctl_c7322190c88f","American Robin"
"positive_numeric_count_given_detection","db_band_14_16_early_egg",-0.0144007624541776,"SOG_DISTANCE_BAND_CONTROL_AMERICAN_ROBIN_v1","ctl_c7322190c88f","American Robin"
"positive_numeric_count_given_detection","db_band_16_18_early_egg",0.028143048021789,"SOG_DISTANCE_BAND_CONTROL_AMERICAN_ROBIN_v1","ctl_c7322190c88f","American Robin"
"positive_numeric_count_given_detection","db_band_18_20_early_egg",0.0116099060390904,"SOG_DISTANCE_BAND_CONTROL_AMERICAN_ROBIN_v1","ctl_c7322190c88f","American Robin"
"positive_numeric_count_given_detection","db_band_20_22_early_egg",-0.00646700780500091,"SOG_DISTANCE_BAND_CONTROL_AMERICAN_ROBIN_v1","ctl_c7322190c88f","American Robin"
"positive_numeric_count_given_detection","db_band_22_24_early_egg",0.0239684829011988,"SOG_DISTANCE_BAND_CONTROL_AMERICAN_ROBIN_v1","ctl_c7322190c88f","American Robin"
"positive_numeric_count_given_detection","db_band_24_26_early_egg",0.00686427123359385,"SOG_DISTANCE_BAND_CONTROL_AMERICAN_ROBIN_v1","ctl_c7322190c88f","American Robin"
"positive_numeric_count_given_detection","db_band_0_2_late_egg",0.0056122729192694,"SOG_DISTANCE_BAND_CONTROL_AMERICAN_ROBIN_v1","ctl_c7322190c88f","American Robin"
"positive_numeric_count_given_detection","db_band_2_4_late_egg",0.0287489880389387,"SOG_DISTANCE_BAND_CONTROL_AMERICAN_ROBIN_v1","ctl_c7322190c88f","American Robin"
"positive_numeric_count_given_detection","db_band_4_6_late_egg",0.0298227523456145,"SOG_DISTANCE_BAND_CONTROL_AMERICAN_ROBIN_v1","ctl_c7322190c88f","American Robin"
"positive_numeric_count_given_detection","db_band_6_8_late_egg",0.00337152613681371,"SOG_DISTANCE_BAND_CONTROL_AMERICAN_ROBIN_v1","ctl_c7322190c88f","American Robin"
"positive_numeric_count_given_detection","db_band_8_10_late_egg",-0.00198067392620757,"SOG_DISTANCE_BAND_CONTROL_AMERICAN_ROBIN_v1","ctl_c7322190c88f","American Robin"
"positive_numeric_count_given_detection","db_band_10_12_late_egg",0.0172941977404069,"SOG_DISTANCE_BAND_CONTROL_AMERICAN_ROBIN_v1","ctl_c7322190c88f","American Robin"
"positive_numeric_count_given_detection","db_band_12_14_late_egg",0.00291051692685271,"SOG_DISTANCE_BAND_CONTROL_AMERICAN_ROBIN_v1","ctl_c7322190c88f","American Robin"
"positive_numeric_count_given_detection","db_band_14_16_late_egg",-0.0156377786826386,"SOG_DISTANCE_BAND_CONTROL_AMERICAN_ROBIN_v1","ctl_c7322190c88f","American Robin"
"positive_numeric_count_given_detection","db_band_16_18_late_egg",0.0112182606860551,"SOG_DISTANCE_BAND_CONTROL_AMERICAN_ROBIN_v1","ctl_c7322190c88f","American Robin"
"positive_numeric_count_given_detection","db_band_18_20_late_egg",0.0039362952218624,"SOG_DISTANCE_BAND_CONTROL_AMERICAN_ROBIN_v1","ctl_c7322190c88f","American Robin"
"positive_numeric_count_given_detection","db_band_20_22_late_egg",0.00255143410631074,"SOG_DISTANCE_BAND_CONTROL_AMERICAN_ROBIN_v1","ctl_c7322190c88f","American Robin"
"positive_numeric_count_given_detection","db_band_22_24_late_egg",0.00915330719715721,"SOG_DISTANCE_BAND_CONTROL_AMERICAN_ROBIN_v1","ctl_c7322190c88f","American Robin"
"positive_numeric_count_given_detection","db_band_24_26_late_egg",0.00413289176657779,"SOG_DISTANCE_BAND_CONTROL_AMERICAN_ROBIN_v1","ctl_c7322190c88f","American Robin"
"positive_numeric_count_given_detection","factor(checklist_year)2006",-0.36228803447192,"SOG_DISTANCE_BAND_CONTROL_AMERICAN_ROBIN_v1","ctl_c7322190c88f","American Robin"
"positive_numeric_count_given_detection","factor(checklist_year)2007",-0.462549199646393,"SOG_DISTANCE_BAND_CONTROL_AMERICAN_ROBIN_v1","ctl_c7322190c88f","American Robin"
"positive_numeric_count_given_detection","factor(checklist_year)2008",-0.376386408477345,"SOG_DISTANCE_BAND_CONTROL_AMERICAN_ROBIN_v1","ctl_c7322190c88f","American Robin"
"positive_numeric_count_given_detection","factor(checklist_year)2009",-0.423528855113972,"SOG_DISTANCE_BAND_CONTROL_AMERICAN_ROBIN_v1","ctl_c7322190c88f","American Robin"
"positive_numeric_count_given_detection","factor(checklist_year)2010",-0.494017846623095,"SOG_DISTANCE_BAND_CONTROL_AMERICAN_ROBIN_v1","ctl_c7322190c88f","American Robin"
"positive_numeric_count_given_detection","factor(checklist_year)2011",-0.489454071905168,"SOG_DISTANCE_BAND_CONTROL_AMERICAN_ROBIN_v1","ctl_c7322190c88f","American Robin"
"positive_numeric_count_given_detection","factor(checklist_year)2012",-0.3465777052832,"SOG_DISTANCE_BAND_CONTROL_AMERICAN_ROBIN_v1","ctl_c7322190c88f","American Robin"
"positive_numeric_count_given_detection","factor(checklist_year)2013",-0.403718932598703,"SOG_DISTANCE_BAND_CONTROL_AMERICAN_ROBIN_v1","ctl_c7322190c88f","American Robin"
"positive_numeric_count_given_detection","factor(checklist_year)2014",-0.484348957283759,"SOG_DISTANCE_BAND_CONTROL_AMERICAN_ROBIN_v1","ctl_c7322190c88f","American Robin"
"positive_numeric_count_given_detection","factor(checklist_year)2015",-0.475316666787326,"SOG_DISTANCE_BAND_CONTROL_AMERICAN_ROBIN_v1","ctl_c7322190c88f","American Robin"
"positive_numeric_count_given_detection","factor(checklist_year)2016",-0.516950922282005,"SOG_DISTANCE_BAND_CONTROL_AMERICAN_ROBIN_v1","ctl_c7322190c88f","American Robin"
"positive_numeric_count_given_detection","factor(checklist_year)2017",-0.564832674880829,"SOG_DISTANCE_BAND_CONTROL_AMERICAN_ROBIN_v1","ctl_c7322190c88f","American Robin"
"positive_numeric_count_given_detection","factor(checklist_year)2018",-0.538831845263164,"SOG_DISTANCE_BAND_CONTROL_AMERICAN_ROBIN_v1","ctl_c7322190c88f","American Robin"
"positive_numeric_count_given_detection","factor(checklist_year)2019",-0.561210453869994,"SOG_DISTANCE_BAND_CONTROL_AMERICAN_ROBIN_v1","ctl_c7322190c88f","American Robin"
"positive_numeric_count_given_detection","factor(checklist_year)2020",-0.612813172210633,"SOG_DISTANCE_BAND_CONTROL_AMERICAN_ROBIN_v1","ctl_c7322190c88f","American Robin"
"positive_numeric_count_given_detection","factor(checklist_year)2021",-0.383756613787695,"SOG_DISTANCE_BAND_CONTROL_AMERICAN_ROBIN_v1","ctl_c7322190c88f","American Robin"
"positive_numeric_count_given_detection","factor(checklist_year)2022",-0.424388864497881,"SOG_DISTANCE_BAND_CONTROL_AMERICAN_ROBIN_v1","ctl_c7322190c88f","American Robin"
"positive_numeric_count_given_detection","factor(checklist_year)2023",-0.621199897547534,"SOG_DISTANCE_BAND_CONTROL_AMERICAN_ROBIN_v1","ctl_c7322190c88f","American Robin"
"positive_numeric_count_given_detection","factor(checklist_year)2024",-0.525068244910078,"SOG_DISTANCE_BAND_CONTROL_AMERICAN_ROBIN_v1","ctl_c7322190c88f","American Robin"
"positive_numeric_count_given_detection","factor(checklist_year)2025",-0.526838908314891,"SOG_DISTANCE_BAND_CONTROL_AMERICAN_ROBIN_v1","ctl_c7322190c88f","American Robin"
"positive_numeric_count_given_detection","protocoltraveling",0.0584066963711216,"SOG_DISTANCE_BAND_CONTROL_AMERICAN_ROBIN_v1","ctl_c7322190c88f","American Robin"
"positive_numeric_count_given_detection","log_duration",0.184468009609329,"SOG_DISTANCE_BAND_CONTROL_AMERICAN_ROBIN_v1","ctl_c7322190c88f","American Robin"
"positive_numeric_count_given_detection","log_effort_distance",0.348133439797592,"SOG_DISTANCE_BAND_CONTROL_AMERICAN_ROBIN_v1","ctl_c7322190c88f","American Robin"
"positive_numeric_count_given_detection","observer_count",-0.000428514046920387,"SOG_DISTANCE_BAND_CONTROL_AMERICAN_ROBIN_v1","ctl_c7322190c88f","American Robin"
"detection","(Intercept)",-3.97939607787225,"SOG_DISTANCE_BAND_CONTROL_CHESTNUT_BACKED_CHICKADEE_v1","ctl_c0ffb64cc4d8","Chestnut-backed Chickadee"
"detection","db_band_0_2_baseline",-0.0309274811258979,"SOG_DISTANCE_BAND_CONTROL_CHESTNUT_BACKED_CHICKADEE_v1","ctl_c0ffb64cc4d8","Chestnut-backed Chickadee"
"detection","db_band_2_4_baseline",0.0468261653142463,"SOG_DISTANCE_BAND_CONTROL_CHESTNUT_BACKED_CHICKADEE_v1","ctl_c0ffb64cc4d8","Chestnut-backed Chickadee"
"detection","db_band_4_6_baseline",0.0285550776163451,"SOG_DISTANCE_BAND_CONTROL_CHESTNUT_BACKED_CHICKADEE_v1","ctl_c0ffb64cc4d8","Chestnut-backed Chickadee"
"detection","db_band_6_8_baseline",0.0653850153163447,"SOG_DISTANCE_BAND_CONTROL_CHESTNUT_BACKED_CHICKADEE_v1","ctl_c0ffb64cc4d8","Chestnut-backed Chickadee"
"detection","db_band_8_10_baseline",-0.0171682745092357,"SOG_DISTANCE_BAND_CONTROL_CHESTNUT_BACKED_CHICKADEE_v1","ctl_c0ffb64cc4d8","Chestnut-backed Chickadee"
"detection","db_band_10_12_baseline",-0.0761956934378158,"SOG_DISTANCE_BAND_CONTROL_CHESTNUT_BACKED_CHICKADEE_v1","ctl_c0ffb64cc4d8","Chestnut-backed Chickadee"
"detection","db_band_12_14_baseline",-0.0600254035474163,"SOG_DISTANCE_BAND_CONTROL_CHESTNUT_BACKED_CHICKADEE_v1","ctl_c0ffb64cc4d8","Chestnut-backed Chickadee"
"detection","db_band_14_16_baseline",-0.0190869566633794,"SOG_DISTANCE_BAND_CONTROL_CHESTNUT_BACKED_CHICKADEE_v1","ctl_c0ffb64cc4d8","Chestnut-backed Chickadee"
"detection","db_band_16_18_baseline",0.0490336245787421,"SOG_DISTANCE_BAND_CONTROL_CHESTNUT_BACKED_CHICKADEE_v1","ctl_c0ffb64cc4d8","Chestnut-backed Chickadee"
"detection","db_band_18_20_baseline",-0.0314370630217204,"SOG_DISTANCE_BAND_CONTROL_CHESTNUT_BACKED_CHICKADEE_v1","ctl_c0ffb64cc4d8","Chestnut-backed Chickadee"
"detection","db_band_20_22_baseline",0.0133850325134316,"SOG_DISTANCE_BAND_CONTROL_CHESTNUT_BACKED_CHICKADEE_v1","ctl_c0ffb64cc4d8","Chestnut-backed Chickadee"
"detection","db_band_22_24_baseline",0.0177774623819419,"SOG_DISTANCE_BAND_CONTROL_CHESTNUT_BACKED_CHICKADEE_v1","ctl_c0ffb64cc4d8","Chestnut-backed Chickadee"
"detection","db_band_24_26_baseline",-0.0111508221683237,"SOG_DISTANCE_BAND_CONTROL_CHESTNUT_BACKED_CHICKADEE_v1","ctl_c0ffb64cc4d8","Chestnut-backed Chickadee"
"detection","db_band_0_2_early_pre",-0.0355314627173967,"SOG_DISTANCE_BAND_CONTROL_CHESTNUT_BACKED_CHICKADEE_v1","ctl_c0ffb64cc4d8","Chestnut-backed Chickadee"
"detection","db_band_2_4_early_pre",0.0368146861386879,"SOG_DISTANCE_BAND_CONTROL_CHESTNUT_BACKED_CHICKADEE_v1","ctl_c0ffb64cc4d8","Chestnut-backed Chickadee"
"detection","db_band_4_6_early_pre",-0.0146189824947553,"SOG_DISTANCE_BAND_CONTROL_CHESTNUT_BACKED_CHICKADEE_v1","ctl_c0ffb64cc4d8","Chestnut-backed Chickadee"
"detection","db_band_6_8_early_pre",0.0309393096538117,"SOG_DISTANCE_BAND_CONTROL_CHESTNUT_BACKED_CHICKADEE_v1","ctl_c0ffb64cc4d8","Chestnut-backed Chickadee"
"detection","db_band_8_10_early_pre",-0.0476401156027955,"SOG_DISTANCE_BAND_CONTROL_CHESTNUT_BACKED_CHICKADEE_v1","ctl_c0ffb64cc4d8","Chestnut-backed Chickadee"
"detection","db_band_10_12_early_pre",0.0139569712630491,"SOG_DISTANCE_BAND_CONTROL_CHESTNUT_BACKED_CHICKADEE_v1","ctl_c0ffb64cc4d8","Chestnut-backed Chickadee"
"detection","db_band_12_14_early_pre",-0.00407924432102887,"SOG_DISTANCE_BAND_CONTROL_CHESTNUT_BACKED_CHICKADEE_v1","ctl_c0ffb64cc4d8","Chestnut-backed Chickadee"
"detection","db_band_14_16_early_pre",-0.00310821574504714,"SOG_DISTANCE_BAND_CONTROL_CHESTNUT_BACKED_CHICKADEE_v1","ctl_c0ffb64cc4d8","Chestnut-backed Chickadee"
"detection","db_band_16_18_early_pre",0.0365769742214975,"SOG_DISTANCE_BAND_CONTROL_CHESTNUT_BACKED_CHICKADEE_v1","ctl_c0ffb64cc4d8","Chestnut-backed Chickadee"
"detection","db_band_18_20_early_pre",0.0167166979582361,"SOG_DISTANCE_BAND_CONTROL_CHESTNUT_BACKED_CHICKADEE_v1","ctl_c0ffb64cc4d8","Chestnut-backed Chickadee"
"detection","db_band_20_22_early_pre",-0.0496173508960191,"SOG_DISTANCE_BAND_CONTROL_CHESTNUT_BACKED_CHICKADEE_v1","ctl_c0ffb64cc4d8","Chestnut-backed Chickadee"
"detection","db_band_22_24_early_pre",0.0269259318621396,"SOG_DISTANCE_BAND_CONTROL_CHESTNUT_BACKED_CHICKADEE_v1","ctl_c0ffb64cc4d8","Chestnut-backed Chickadee"
"detection","db_band_24_26_early_pre",-0.0207669172443983,"SOG_DISTANCE_BAND_CONTROL_CHESTNUT_BACKED_CHICKADEE_v1","ctl_c0ffb64cc4d8","Chestnut-backed Chickadee"
"detection","db_band_0_2_immediate_pre",-0.0541944845906183,"SOG_DISTANCE_BAND_CONTROL_CHESTNUT_BACKED_CHICKADEE_v1","ctl_c0ffb64cc4d8","Chestnut-backed Chickadee"
"detection","db_band_2_4_immediate_pre",-0.010100294604411,"SOG_DISTANCE_BAND_CONTROL_CHESTNUT_BACKED_CHICKADEE_v1","ctl_c0ffb64cc4d8","Chestnut-backed Chickadee"
"detection","db_band_4_6_immediate_pre",0.00937971133676112,"SOG_DISTANCE_BAND_CONTROL_CHESTNUT_BACKED_CHICKADEE_v1","ctl_c0ffb64cc4d8","Chestnut-backed Chickadee"
"detection","db_band_6_8_immediate_pre",-0.0111252634388233,"SOG_DISTANCE_BAND_CONTROL_CHESTNUT_BACKED_CHICKADEE_v1","ctl_c0ffb64cc4d8","Chestnut-backed Chickadee"
"detection","db_band_8_10_immediate_pre",0.0714569636442335,"SOG_DISTANCE_BAND_CONTROL_CHESTNUT_BACKED_CHICKADEE_v1","ctl_c0ffb64cc4d8","Chestnut-backed Chickadee"
"detection","db_band_10_12_immediate_pre",-0.1018792115089,"SOG_DISTANCE_BAND_CONTROL_CHESTNUT_BACKED_CHICKADEE_v1","ctl_c0ffb64cc4d8","Chestnut-backed Chickadee"
"detection","db_band_12_14_immediate_pre",0.0196775682348484,"SOG_DISTANCE_BAND_CONTROL_CHESTNUT_BACKED_CHICKADEE_v1","ctl_c0ffb64cc4d8","Chestnut-backed Chickadee"
"detection","db_band_14_16_immediate_pre",0.00240636171393527,"SOG_DISTANCE_BAND_CONTROL_CHESTNUT_BACKED_CHICKADEE_v1","ctl_c0ffb64cc4d8","Chestnut-backed Chickadee"
"detection","db_band_16_18_immediate_pre",0.0450197791440336,"SOG_DISTANCE_BAND_CONTROL_CHESTNUT_BACKED_CHICKADEE_v1","ctl_c0ffb64cc4d8","Chestnut-backed Chickadee"
"detection","db_band_18_20_immediate_pre",0.00856570589705282,"SOG_DISTANCE_BAND_CONTROL_CHESTNUT_BACKED_CHICKADEE_v1","ctl_c0ffb64cc4d8","Chestnut-backed Chickadee"
"detection","db_band_20_22_immediate_pre",-0.0754235471068153,"SOG_DISTANCE_BAND_CONTROL_CHESTNUT_BACKED_CHICKADEE_v1","ctl_c0ffb64cc4d8","Chestnut-backed Chickadee"
"detection","db_band_22_24_immediate_pre",0.0192218707261084,"SOG_DISTANCE_BAND_CONTROL_CHESTNUT_BACKED_CHICKADEE_v1","ctl_c0ffb64cc4d8","Chestnut-backed Chickadee"
"detection","db_band_24_26_immediate_pre",0.02390540185682,"SOG_DISTANCE_BAND_CONTROL_CHESTNUT_BACKED_CHICKADEE_v1","ctl_c0ffb64cc4d8","Chestnut-backed Chickadee"
"detection","db_band_0_2_spawn_start",-0.168414172344313,"SOG_DISTANCE_BAND_CONTROL_CHESTNUT_BACKED_CHICKADEE_v1","ctl_c0ffb64cc4d8","Chestnut-backed Chickadee"
"detection","db_band_2_4_spawn_start",-0.020505965771345,"SOG_DISTANCE_BAND_CONTROL_CHESTNUT_BACKED_CHICKADEE_v1","ctl_c0ffb64cc4d8","Chestnut-backed Chickadee"
"detection","db_band_4_6_spawn_start",0.0297400817584497,"SOG_DISTANCE_BAND_CONTROL_CHESTNUT_BACKED_CHICKADEE_v1","ctl_c0ffb64cc4d8","Chestnut-backed Chickadee"
"detection","db_band_6_8_spawn_start",-0.0160394580141013,"SOG_DISTANCE_BAND_CONTROL_CHESTNUT_BACKED_CHICKADEE_v1","ctl_c0ffb64cc4d8","Chestnut-backed Chickadee"
"detection","db_band_8_10_spawn_start",0.0646650371638301,"SOG_DISTANCE_BAND_CONTROL_CHESTNUT_BACKED_CHICKADEE_v1","ctl_c0ffb64cc4d8","Chestnut-backed Chickadee"
"detection","db_band_10_12_spawn_start",-0.0878963253759409,"SOG_DISTANCE_BAND_CONTROL_CHESTNUT_BACKED_CHICKADEE_v1","ctl_c0ffb64cc4d8","Chestnut-backed Chickadee"
"detection","db_band_12_14_spawn_start",0.0452600398005317,"SOG_DISTANCE_BAND_CONTROL_CHESTNUT_BACKED_CHICKADEE_v1","ctl_c0ffb64cc4d8","Chestnut-backed Chickadee"
"detection","db_band_14_16_spawn_start",0.0715276061219404,"SOG_DISTANCE_BAND_CONTROL_CHESTNUT_BACKED_CHICKADEE_v1","ctl_c0ffb64cc4d8","Chestnut-backed Chickadee"
"detection","db_band_16_18_spawn_start",-0.0596445138305297,"SOG_DISTANCE_BAND_CONTROL_CHESTNUT_BACKED_CHICKADEE_v1","ctl_c0ffb64cc4d8","Chestnut-backed Chickadee"
"detection","db_band_18_20_spawn_start",0.0652911076625412,"SOG_DISTANCE_BAND_CONTROL_CHESTNUT_BACKED_CHICKADEE_v1","ctl_c0ffb64cc4d8","Chestnut-backed Chickadee"
"detection","db_band_20_22_spawn_start",-0.0377103867807198,"SOG_DISTANCE_BAND_CONTROL_CHESTNUT_BACKED_CHICKADEE_v1","ctl_c0ffb64cc4d8","Chestnut-backed Chickadee"
"detection","db_band_22_24_spawn_start",0.0415617426943634,"SOG_DISTANCE_BAND_CONTROL_CHESTNUT_BACKED_CHICKADEE_v1","ctl_c0ffb64cc4d8","Chestnut-backed Chickadee"
"detection","db_band_24_26_spawn_start",0.0565667649226871,"SOG_DISTANCE_BAND_CONTROL_CHESTNUT_BACKED_CHICKADEE_v1","ctl_c0ffb64cc4d8","Chestnut-backed Chickadee"
"detection","db_band_0_2_early_egg",-0.0297501641197394,"SOG_DISTANCE_BAND_CONTROL_CHESTNUT_BACKED_CHICKADEE_v1","ctl_c0ffb64cc4d8","Chestnut-backed Chickadee"
"detection","db_band_2_4_early_egg",0.0162449025685055,"SOG_DISTANCE_BAND_CONTROL_CHESTNUT_BACKED_CHICKADEE_v1","ctl_c0ffb64cc4d8","Chestnut-backed Chickadee"
"detection","db_band_4_6_early_egg",-0.000559158073503523,"SOG_DISTANCE_BAND_CONTROL_CHESTNUT_BACKED_CHICKADEE_v1","ctl_c0ffb64cc4d8","Chestnut-backed Chickadee"
"detection","db_band_6_8_early_egg",0.0192500968843227,"SOG_DISTANCE_BAND_CONTROL_CHESTNUT_BACKED_CHICKADEE_v1","ctl_c0ffb64cc4d8","Chestnut-backed Chickadee"
"detection","db_band_8_10_early_egg",0.0315669445092696,"SOG_DISTANCE_BAND_CONTROL_CHESTNUT_BACKED_CHICKADEE_v1","ctl_c0ffb64cc4d8","Chestnut-backed Chickadee"
"detection","db_band_10_12_early_egg",-0.0119746823061669,"SOG_DISTANCE_BAND_CONTROL_CHESTNUT_BACKED_CHICKADEE_v1","ctl_c0ffb64cc4d8","Chestnut-backed Chickadee"
"detection","db_band_12_14_early_egg",0.0868582003762762,"SOG_DISTANCE_BAND_CONTROL_CHESTNUT_BACKED_CHICKADEE_v1","ctl_c0ffb64cc4d8","Chestnut-backed Chickadee"
"detection","db_band_14_16_early_egg",0.00503511642221254,"SOG_DISTANCE_BAND_CONTROL_CHESTNUT_BACKED_CHICKADEE_v1","ctl_c0ffb64cc4d8","Chestnut-backed Chickadee"
"detection","db_band_16_18_early_egg",0.0833060368615514,"SOG_DISTANCE_BAND_CONTROL_CHESTNUT_BACKED_CHICKADEE_v1","ctl_c0ffb64cc4d8","Chestnut-backed Chickadee"
"detection","db_band_18_20_early_egg",0.00985003898098821,"SOG_DISTANCE_BAND_CONTROL_CHESTNUT_BACKED_CHICKADEE_v1","ctl_c0ffb64cc4d8","Chestnut-backed Chickadee"
"detection","db_band_20_22_early_egg",-0.0254600322164273,"SOG_DISTANCE_BAND_CONTROL_CHESTNUT_BACKED_CHICKADEE_v1","ctl_c0ffb64cc4d8","Chestnut-backed Chickadee"
"detection","db_band_22_24_early_egg",0.0751657019376609,"SOG_DISTANCE_BAND_CONTROL_CHESTNUT_BACKED_CHICKADEE_v1","ctl_c0ffb64cc4d8","Chestnut-backed Chickadee"
"detection","db_band_24_26_early_egg",-0.0577316091049291,"SOG_DISTANCE_BAND_CONTROL_CHESTNUT_BACKED_CHICKADEE_v1","ctl_c0ffb64cc4d8","Chestnut-backed Chickadee"
"detection","db_band_0_2_late_egg",-0.0540313026591373,"SOG_DISTANCE_BAND_CONTROL_CHESTNUT_BACKED_CHICKADEE_v1","ctl_c0ffb64cc4d8","Chestnut-backed Chickadee"
"detection","db_band_2_4_late_egg",0.00209229129964143,"SOG_DISTANCE_BAND_CONTROL_CHESTNUT_BACKED_CHICKADEE_v1","ctl_c0ffb64cc4d8","Chestnut-backed Chickadee"
"detection","db_band_4_6_late_egg",0.021515772720567,"SOG_DISTANCE_BAND_CONTROL_CHESTNUT_BACKED_CHICKADEE_v1","ctl_c0ffb64cc4d8","Chestnut-backed Chickadee"
"detection","db_band_6_8_late_egg",0.0437591495516308,"SOG_DISTANCE_BAND_CONTROL_CHESTNUT_BACKED_CHICKADEE_v1","ctl_c0ffb64cc4d8","Chestnut-backed Chickadee"
"detection","db_band_8_10_late_egg",0.0516116603519016,"SOG_DISTANCE_BAND_CONTROL_CHESTNUT_BACKED_CHICKADEE_v1","ctl_c0ffb64cc4d8","Chestnut-backed Chickadee"
"detection","db_band_10_12_late_egg",-0.00430883863197516,"SOG_DISTANCE_BAND_CONTROL_CHESTNUT_BACKED_CHICKADEE_v1","ctl_c0ffb64cc4d8","Chestnut-backed Chickadee"
"detection","db_band_12_14_late_egg",0.0326557057859747,"SOG_DISTANCE_BAND_CONTROL_CHESTNUT_BACKED_CHICKADEE_v1","ctl_c0ffb64cc4d8","Chestnut-backed Chickadee"
"detection","db_band_14_16_late_egg",0.0454477833513219,"SOG_DISTANCE_BAND_CONTROL_CHESTNUT_BACKED_CHICKADEE_v1","ctl_c0ffb64cc4d8","Chestnut-backed Chickadee"
"detection","db_band_16_18_late_egg",0.0449119396896587,"SOG_DISTANCE_BAND_CONTROL_CHESTNUT_BACKED_CHICKADEE_v1","ctl_c0ffb64cc4d8","Chestnut-backed Chickadee"
"detection","db_band_18_20_late_egg",0.0144787472411118,"SOG_DISTANCE_BAND_CONTROL_CHESTNUT_BACKED_CHICKADEE_v1","ctl_c0ffb64cc4d8","Chestnut-backed Chickadee"
"detection","db_band_20_22_late_egg",-0.0407679623700584,"SOG_DISTANCE_BAND_CONTROL_CHESTNUT_BACKED_CHICKADEE_v1","ctl_c0ffb64cc4d8","Chestnut-backed Chickadee"
"detection","db_band_22_24_late_egg",0.0303427553172151,"SOG_DISTANCE_BAND_CONTROL_CHESTNUT_BACKED_CHICKADEE_v1","ctl_c0ffb64cc4d8","Chestnut-backed Chickadee"
"detection","db_band_24_26_late_egg",0.0235825907211868,"SOG_DISTANCE_BAND_CONTROL_CHESTNUT_BACKED_CHICKADEE_v1","ctl_c0ffb64cc4d8","Chestnut-backed Chickadee"
"detection","factor(checklist_year)2006",-1.13878323474885,"SOG_DISTANCE_BAND_CONTROL_CHESTNUT_BACKED_CHICKADEE_v1","ctl_c0ffb64cc4d8","Chestnut-backed Chickadee"
"detection","factor(checklist_year)2007",0.738300917152229,"SOG_DISTANCE_BAND_CONTROL_CHESTNUT_BACKED_CHICKADEE_v1","ctl_c0ffb64cc4d8","Chestnut-backed Chickadee"
"detection","factor(checklist_year)2008",0.710993759105696,"SOG_DISTANCE_BAND_CONTROL_CHESTNUT_BACKED_CHICKADEE_v1","ctl_c0ffb64cc4d8","Chestnut-backed Chickadee"
"detection","factor(checklist_year)2009",1.12506593049919,"SOG_DISTANCE_BAND_CONTROL_CHESTNUT_BACKED_CHICKADEE_v1","ctl_c0ffb64cc4d8","Chestnut-backed Chickadee"
"detection","factor(checklist_year)2010",0.622327709499689,"SOG_DISTANCE_BAND_CONTROL_CHESTNUT_BACKED_CHICKADEE_v1","ctl_c0ffb64cc4d8","Chestnut-backed Chickadee"
"detection","factor(checklist_year)2011",-0.568097844728284,"SOG_DISTANCE_BAND_CONTROL_CHESTNUT_BACKED_CHICKADEE_v1","ctl_c0ffb64cc4d8","Chestnut-backed Chickadee"
"detection","factor(checklist_year)2012",0.354422062631688,"SOG_DISTANCE_BAND_CONTROL_CHESTNUT_BACKED_CHICKADEE_v1","ctl_c0ffb64cc4d8","Chestnut-backed Chickadee"
"detection","factor(checklist_year)2013",0.426713128090717,"SOG_DISTANCE_BAND_CONTROL_CHESTNUT_BACKED_CHICKADEE_v1","ctl_c0ffb64cc4d8","Chestnut-backed Chickadee"
"detection","factor(checklist_year)2014",-0.1196830188395,"SOG_DISTANCE_BAND_CONTROL_CHESTNUT_BACKED_CHICKADEE_v1","ctl_c0ffb64cc4d8","Chestnut-backed Chickadee"
"detection","factor(checklist_year)2015",0.55782512489226,"SOG_DISTANCE_BAND_CONTROL_CHESTNUT_BACKED_CHICKADEE_v1","ctl_c0ffb64cc4d8","Chestnut-backed Chickadee"
"detection","factor(checklist_year)2016",-0.0499533485726979,"SOG_DISTANCE_BAND_CONTROL_CHESTNUT_BACKED_CHICKADEE_v1","ctl_c0ffb64cc4d8","Chestnut-backed Chickadee"
"detection","factor(checklist_year)2017",0.155755822852253,"SOG_DISTANCE_BAND_CONTROL_CHESTNUT_BACKED_CHICKADEE_v1","ctl_c0ffb64cc4d8","Chestnut-backed Chickadee"
"detection","factor(checklist_year)2018",-0.552598664025575,"SOG_DISTANCE_BAND_CONTROL_CHESTNUT_BACKED_CHICKADEE_v1","ctl_c0ffb64cc4d8","Chestnut-backed Chickadee"
"detection","factor(checklist_year)2019",0.0322749007606755,"SOG_DISTANCE_BAND_CONTROL_CHESTNUT_BACKED_CHICKADEE_v1","ctl_c0ffb64cc4d8","Chestnut-backed Chickadee"
"detection","factor(checklist_year)2020",-0.695839419546589,"SOG_DISTANCE_BAND_CONTROL_CHESTNUT_BACKED_CHICKADEE_v1","ctl_c0ffb64cc4d8","Chestnut-backed Chickadee"
"detection","factor(checklist_year)2021",-0.61925680969283,"SOG_DISTANCE_BAND_CONTROL_CHESTNUT_BACKED_CHICKADEE_v1","ctl_c0ffb64cc4d8","Chestnut-backed Chickadee"
"detection","factor(checklist_year)2022",-0.971430754709398,"SOG_DISTANCE_BAND_CONTROL_CHESTNUT_BACKED_CHICKADEE_v1","ctl_c0ffb64cc4d8","Chestnut-backed Chickadee"
"detection","factor(checklist_year)2023",-0.534940303371949,"SOG_DISTANCE_BAND_CONTROL_CHESTNUT_BACKED_CHICKADEE_v1","ctl_c0ffb64cc4d8","Chestnut-backed Chickadee"
"detection","factor(checklist_year)2024",-0.363853903711541,"SOG_DISTANCE_BAND_CONTROL_CHESTNUT_BACKED_CHICKADEE_v1","ctl_c0ffb64cc4d8","Chestnut-backed Chickadee"
"detection","factor(checklist_year)2025",-0.0591560268608168,"SOG_DISTANCE_BAND_CONTROL_CHESTNUT_BACKED_CHICKADEE_v1","ctl_c0ffb64cc4d8","Chestnut-backed Chickadee"
"detection","protocoltraveling",0.213203895765695,"SOG_DISTANCE_BAND_CONTROL_CHESTNUT_BACKED_CHICKADEE_v1","ctl_c0ffb64cc4d8","Chestnut-backed Chickadee"
"detection","log_duration",0.69396178814205,"SOG_DISTANCE_BAND_CONTROL_CHESTNUT_BACKED_CHICKADEE_v1","ctl_c0ffb64cc4d8","Chestnut-backed Chickadee"
"detection","log_effort_distance",0.451980867033583,"SOG_DISTANCE_BAND_CONTROL_CHESTNUT_BACKED_CHICKADEE_v1","ctl_c0ffb64cc4d8","Chestnut-backed Chickadee"
"detection","observer_count",0.0231682836240223,"SOG_DISTANCE_BAND_CONTROL_CHESTNUT_BACKED_CHICKADEE_v1","ctl_c0ffb64cc4d8","Chestnut-backed Chickadee"
"positive_numeric_count_given_detection","(Intercept)",0.273978670479609,"SOG_DISTANCE_BAND_CONTROL_CHESTNUT_BACKED_CHICKADEE_v1","ctl_c0ffb64cc4d8","Chestnut-backed Chickadee"
"positive_numeric_count_given_detection","db_band_0_2_baseline",0.00999170047588896,"SOG_DISTANCE_BAND_CONTROL_CHESTNUT_BACKED_CHICKADEE_v1","ctl_c0ffb64cc4d8","Chestnut-backed Chickadee"
"positive_numeric_count_given_detection","db_band_2_4_baseline",0.0328273743444649,"SOG_DISTANCE_BAND_CONTROL_CHESTNUT_BACKED_CHICKADEE_v1","ctl_c0ffb64cc4d8","Chestnut-backed Chickadee"
"positive_numeric_count_given_detection","db_band_4_6_baseline",0.0124822456567781,"SOG_DISTANCE_BAND_CONTROL_CHESTNUT_BACKED_CHICKADEE_v1","ctl_c0ffb64cc4d8","Chestnut-backed Chickadee"
"positive_numeric_count_given_detection","db_band_6_8_baseline",0.025818106411119,"SOG_DISTANCE_BAND_CONTROL_CHESTNUT_BACKED_CHICKADEE_v1","ctl_c0ffb64cc4d8","Chestnut-backed Chickadee"
"positive_numeric_count_given_detection","db_band_8_10_baseline",0.0211362345526295,"SOG_DISTANCE_BAND_CONTROL_CHESTNUT_BACKED_CHICKADEE_v1","ctl_c0ffb64cc4d8","Chestnut-backed Chickadee"
"positive_numeric_count_given_detection","db_band_10_12_baseline",-0.00663550180689057,"SOG_DISTANCE_BAND_CONTROL_CHESTNUT_BACKED_CHICKADEE_v1","ctl_c0ffb64cc4d8","Chestnut-backed Chickadee"
"positive_numeric_count_given_detection","db_band_12_14_baseline",0.00139082530122848,"SOG_DISTANCE_BAND_CONTROL_CHESTNUT_BACKED_CHICKADEE_v1","ctl_c0ffb64cc4d8","Chestnut-backed Chickadee"
"positive_numeric_count_given_detection","db_band_14_16_baseline",0.0230090217659424,"SOG_DISTANCE_BAND_CONTROL_CHESTNUT_BACKED_CHICKADEE_v1","ctl_c0ffb64cc4d8","Chestnut-backed Chickadee"
"positive_numeric_count_given_detection","db_band_16_18_baseline",0.0251028146603505,"SOG_DISTANCE_BAND_CONTROL_CHESTNUT_BACKED_CHICKADEE_v1","ctl_c0ffb64cc4d8","Chestnut-backed Chickadee"
"positive_numeric_count_given_detection","db_band_18_20_baseline",-0.00322763763459625,"SOG_DISTANCE_BAND_CONTROL_CHESTNUT_BACKED_CHICKADEE_v1","ctl_c0ffb64cc4d8","Chestnut-backed Chickadee"
"positive_numeric_count_given_detection","db_band_20_22_baseline",0.0181688443538737,"SOG_DISTANCE_BAND_CONTROL_CHESTNUT_BACKED_CHICKADEE_v1","ctl_c0ffb64cc4d8","Chestnut-backed Chickadee"
"positive_numeric_count_given_detection","db_band_22_24_baseline",0.0254040577439799,"SOG_DISTANCE_BAND_CONTROL_CHESTNUT_BACKED_CHICKADEE_v1","ctl_c0ffb64cc4d8","Chestnut-backed Chickadee"
"positive_numeric_count_given_detection","db_band_24_26_baseline",0.0199074553129817,"SOG_DISTANCE_BAND_CONTROL_CHESTNUT_BACKED_CHICKADEE_v1","ctl_c0ffb64cc4d8","Chestnut-backed Chickadee"
"positive_numeric_count_given_detection","db_band_0_2_early_pre",-0.0433654681197248,"SOG_DISTANCE_BAND_CONTROL_CHESTNUT_BACKED_CHICKADEE_v1","ctl_c0ffb64cc4d8","Chestnut-backed Chickadee"
"positive_numeric_count_given_detection","db_band_2_4_early_pre",0.0316562982702057,"SOG_DISTANCE_BAND_CONTROL_CHESTNUT_BACKED_CHICKADEE_v1","ctl_c0ffb64cc4d8","Chestnut-backed Chickadee"
"positive_numeric_count_given_detection","db_band_4_6_early_pre",0.0282205782727517,"SOG_DISTANCE_BAND_CONTROL_CHESTNUT_BACKED_CHICKADEE_v1","ctl_c0ffb64cc4d8","Chestnut-backed Chickadee"
"positive_numeric_count_given_detection","db_band_6_8_early_pre",0.0249237172392685,"SOG_DISTANCE_BAND_CONTROL_CHESTNUT_BACKED_CHICKADEE_v1","ctl_c0ffb64cc4d8","Chestnut-backed Chickadee"
"positive_numeric_count_given_detection","db_band_8_10_early_pre",0.02871294522709,"SOG_DISTANCE_BAND_CONTROL_CHESTNUT_BACKED_CHICKADEE_v1","ctl_c0ffb64cc4d8","Chestnut-backed Chickadee"
"positive_numeric_count_given_detection","db_band_10_12_early_pre",-0.000692851191829728,"SOG_DISTANCE_BAND_CONTROL_CHESTNUT_BACKED_CHICKADEE_v1","ctl_c0ffb64cc4d8","Chestnut-backed Chickadee"
"positive_numeric_count_given_detection","db_band_12_14_early_pre",-0.0138124039435734,"SOG_DISTANCE_BAND_CONTROL_CHESTNUT_BACKED_CHICKADEE_v1","ctl_c0ffb64cc4d8","Chestnut-backed Chickadee"
"positive_numeric_count_given_detection","db_band_14_16_early_pre",0.0238594274840737,"SOG_DISTANCE_BAND_CONTROL_CHESTNUT_BACKED_CHICKADEE_v1","ctl_c0ffb64cc4d8","Chestnut-backed Chickadee"
"positive_numeric_count_given_detection","db_band_16_18_early_pre",0.00685104665859388,"SOG_DISTANCE_BAND_CONTROL_CHESTNUT_BACKED_CHICKADEE_v1","ctl_c0ffb64cc4d8","Chestnut-backed Chickadee"
"positive_numeric_count_given_detection","db_band_18_20_early_pre",0.00538967618113109,"SOG_DISTANCE_BAND_CONTROL_CHESTNUT_BACKED_CHICKADEE_v1","ctl_c0ffb64cc4d8","Chestnut-backed Chickadee"
"positive_numeric_count_given_detection","db_band_20_22_early_pre",-0.00351969054687827,"SOG_DISTANCE_BAND_CONTROL_CHESTNUT_BACKED_CHICKADEE_v1","ctl_c0ffb64cc4d8","Chestnut-backed Chickadee"
"positive_numeric_count_given_detection","db_band_22_24_early_pre",0.0231417059624229,"SOG_DISTANCE_BAND_CONTROL_CHESTNUT_BACKED_CHICKADEE_v1","ctl_c0ffb64cc4d8","Chestnut-backed Chickadee"
"positive_numeric_count_given_detection","db_band_24_26_early_pre",0.00375064706232153,"SOG_DISTANCE_BAND_CONTROL_CHESTNUT_BACKED_CHICKADEE_v1","ctl_c0ffb64cc4d8","Chestnut-backed Chickadee"
"positive_numeric_count_given_detection","db_band_0_2_immediate_pre",-0.0234480113661735,"SOG_DISTANCE_BAND_CONTROL_CHESTNUT_BACKED_CHICKADEE_v1","ctl_c0ffb64cc4d8","Chestnut-backed Chickadee"
"positive_numeric_count_given_detection","db_band_2_4_immediate_pre",0.035287748251599,"SOG_DISTANCE_BAND_CONTROL_CHESTNUT_BACKED_CHICKADEE_v1","ctl_c0ffb64cc4d8","Chestnut-backed Chickadee"
"positive_numeric_count_given_detection","db_band_4_6_immediate_pre",0.0311983205601731,"SOG_DISTANCE_BAND_CONTROL_CHESTNUT_BACKED_CHICKADEE_v1","ctl_c0ffb64cc4d8","Chestnut-backed Chickadee"
"positive_numeric_count_given_detection","db_band_6_8_immediate_pre",0.0093376152726719,"SOG_DISTANCE_BAND_CONTROL_CHESTNUT_BACKED_CHICKADEE_v1","ctl_c0ffb64cc4d8","Chestnut-backed Chickadee"
"positive_numeric_count_given_detection","db_band_8_10_immediate_pre",0.0192355020916527,"SOG_DISTANCE_BAND_CONTROL_CHESTNUT_BACKED_CHICKADEE_v1","ctl_c0ffb64cc4d8","Chestnut-backed Chickadee"
"positive_numeric_count_given_detection","db_band_10_12_immediate_pre",-5.11509117884414e-05,"SOG_DISTANCE_BAND_CONTROL_CHESTNUT_BACKED_CHICKADEE_v1","ctl_c0ffb64cc4d8","Chestnut-backed Chickadee"
"positive_numeric_count_given_detection","db_band_12_14_immediate_pre",0.00237730495082268,"SOG_DISTANCE_BAND_CONTROL_CHESTNUT_BACKED_CHICKADEE_v1","ctl_c0ffb64cc4d8","Chestnut-backed Chickadee"
"positive_numeric_count_given_detection","db_band_14_16_immediate_pre",0.0308523056016971,"SOG_DISTANCE_BAND_CONTROL_CHESTNUT_BACKED_CHICKADEE_v1","ctl_c0ffb64cc4d8","Chestnut-backed Chickadee"
"positive_numeric_count_given_detection","db_band_16_18_immediate_pre",0.00140746154685302,"SOG_DISTANCE_BAND_CONTROL_CHESTNUT_BACKED_CHICKADEE_v1","ctl_c0ffb64cc4d8","Chestnut-backed Chickadee"
"positive_numeric_count_given_detection","db_band_18_20_immediate_pre",-0.0211890134280326,"SOG_DISTANCE_BAND_CONTROL_CHESTNUT_BACKED_CHICKADEE_v1","ctl_c0ffb64cc4d8","Chestnut-backed Chickadee"
"positive_numeric_count_given_detection","db_band_20_22_immediate_pre",0.010505019463507,"SOG_DISTANCE_BAND_CONTROL_CHESTNUT_BACKED_CHICKADEE_v1","ctl_c0ffb64cc4d8","Chestnut-backed Chickadee"
"positive_numeric_count_given_detection","db_band_22_24_immediate_pre",0.0117576070568365,"SOG_DISTANCE_BAND_CONTROL_CHESTNUT_BACKED_CHICKADEE_v1","ctl_c0ffb64cc4d8","Chestnut-backed Chickadee"
"positive_numeric_count_given_detection","db_band_24_26_immediate_pre",0.0160583058413759,"SOG_DISTANCE_BAND_CONTROL_CHESTNUT_BACKED_CHICKADEE_v1","ctl_c0ffb64cc4d8","Chestnut-backed Chickadee"
"positive_numeric_count_given_detection","db_band_0_2_spawn_start",-0.0254188483974242,"SOG_DISTANCE_BAND_CONTROL_CHESTNUT_BACKED_CHICKADEE_v1","ctl_c0ffb64cc4d8","Chestnut-backed Chickadee"
"positive_numeric_count_given_detection","db_band_2_4_spawn_start",0.021849196029617,"SOG_DISTANCE_BAND_CONTROL_CHESTNUT_BACKED_CHICKADEE_v1","ctl_c0ffb64cc4d8","Chestnut-backed Chickadee"
"positive_numeric_count_given_detection","db_band_4_6_spawn_start",0.00799311729169799,"SOG_DISTANCE_BAND_CONTROL_CHESTNUT_BACKED_CHICKADEE_v1","ctl_c0ffb64cc4d8","Chestnut-backed Chickadee"
"positive_numeric_count_given_detection","db_band_6_8_spawn_start",0.0202041445032711,"SOG_DISTANCE_BAND_CONTROL_CHESTNUT_BACKED_CHICKADEE_v1","ctl_c0ffb64cc4d8","Chestnut-backed Chickadee"
"positive_numeric_count_given_detection","db_band_8_10_spawn_start",0.0209075304450836,"SOG_DISTANCE_BAND_CONTROL_CHESTNUT_BACKED_CHICKADEE_v1","ctl_c0ffb64cc4d8","Chestnut-backed Chickadee"
"positive_numeric_count_given_detection","db_band_10_12_spawn_start",0.0146948737886645,"SOG_DISTANCE_BAND_CONTROL_CHESTNUT_BACKED_CHICKADEE_v1","ctl_c0ffb64cc4d8","Chestnut-backed Chickadee"
"positive_numeric_count_given_detection","db_band_12_14_spawn_start",0.0152747193797538,"SOG_DISTANCE_BAND_CONTROL_CHESTNUT_BACKED_CHICKADEE_v1","ctl_c0ffb64cc4d8","Chestnut-backed Chickadee"
"positive_numeric_count_given_detection","db_band_14_16_spawn_start",0.0216851285546651,"SOG_DISTANCE_BAND_CONTROL_CHESTNUT_BACKED_CHICKADEE_v1","ctl_c0ffb64cc4d8","Chestnut-backed Chickadee"
"positive_numeric_count_given_detection","db_band_16_18_spawn_start",-0.0313495354697129,"SOG_DISTANCE_BAND_CONTROL_CHESTNUT_BACKED_CHICKADEE_v1","ctl_c0ffb64cc4d8","Chestnut-backed Chickadee"
"positive_numeric_count_given_detection","db_band_18_20_spawn_start",0.0150681370006185,"SOG_DISTANCE_BAND_CONTROL_CHESTNUT_BACKED_CHICKADEE_v1","ctl_c0ffb64cc4d8","Chestnut-backed Chickadee"
"positive_numeric_count_given_detection","db_band_20_22_spawn_start",-0.0231580038674712,"SOG_DISTANCE_BAND_CONTROL_CHESTNUT_BACKED_CHICKADEE_v1","ctl_c0ffb64cc4d8","Chestnut-backed Chickadee"
"positive_numeric_count_given_detection","db_band_22_24_spawn_start",-0.00373088532880951,"SOG_DISTANCE_BAND_CONTROL_CHESTNUT_BACKED_CHICKADEE_v1","ctl_c0ffb64cc4d8","Chestnut-backed Chickadee"
"positive_numeric_count_given_detection","db_band_24_26_spawn_start",0.0203345172437585,"SOG_DISTANCE_BAND_CONTROL_CHESTNUT_BACKED_CHICKADEE_v1","ctl_c0ffb64cc4d8","Chestnut-backed Chickadee"
"positive_numeric_count_given_detection","db_band_0_2_early_egg",0.0172091944012182,"SOG_DISTANCE_BAND_CONTROL_CHESTNUT_BACKED_CHICKADEE_v1","ctl_c0ffb64cc4d8","Chestnut-backed Chickadee"
"positive_numeric_count_given_detection","db_band_2_4_early_egg",0.00803998611367897,"SOG_DISTANCE_BAND_CONTROL_CHESTNUT_BACKED_CHICKADEE_v1","ctl_c0ffb64cc4d8","Chestnut-backed Chickadee"
"positive_numeric_count_given_detection","db_band_4_6_early_egg",0.0115884371095701,"SOG_DISTANCE_BAND_CONTROL_CHESTNUT_BACKED_CHICKADEE_v1","ctl_c0ffb64cc4d8","Chestnut-backed Chickadee"
"positive_numeric_count_given_detection","db_band_6_8_early_egg",0.00570779365722336,"SOG_DISTANCE_BAND_CONTROL_CHESTNUT_BACKED_CHICKADEE_v1","ctl_c0ffb64cc4d8","Chestnut-backed Chickadee"
"positive_numeric_count_given_detection","db_band_8_10_early_egg",0.0120475212075694,"SOG_DISTANCE_BAND_CONTROL_CHESTNUT_BACKED_CHICKADEE_v1","ctl_c0ffb64cc4d8","Chestnut-backed Chickadee"
"positive_numeric_count_given_detection","db_band_10_12_early_egg",0.00743651583215853,"SOG_DISTANCE_BAND_CONTROL_CHESTNUT_BACKED_CHICKADEE_v1","ctl_c0ffb64cc4d8","Chestnut-backed Chickadee"
"positive_numeric_count_given_detection","db_band_12_14_early_egg",0.0301899249048312,"SOG_DISTANCE_BAND_CONTROL_CHESTNUT_BACKED_CHICKADEE_v1","ctl_c0ffb64cc4d8","Chestnut-backed Chickadee"
"positive_numeric_count_given_detection","db_band_14_16_early_egg",0.0184207542585497,"SOG_DISTANCE_BAND_CONTROL_CHESTNUT_BACKED_CHICKADEE_v1","ctl_c0ffb64cc4d8","Chestnut-backed Chickadee"
"positive_numeric_count_given_detection","db_band_16_18_early_egg",-0.012891214146458,"SOG_DISTANCE_BAND_CONTROL_CHESTNUT_BACKED_CHICKADEE_v1","ctl_c0ffb64cc4d8","Chestnut-backed Chickadee"
"positive_numeric_count_given_detection","db_band_18_20_early_egg",0.00799109681904661,"SOG_DISTANCE_BAND_CONTROL_CHESTNUT_BACKED_CHICKADEE_v1","ctl_c0ffb64cc4d8","Chestnut-backed Chickadee"
"positive_numeric_count_given_detection","db_band_20_22_early_egg",-0.00197413588355915,"SOG_DISTANCE_BAND_CONTROL_CHESTNUT_BACKED_CHICKADEE_v1","ctl_c0ffb64cc4d8","Chestnut-backed Chickadee"
"positive_numeric_count_given_detection","db_band_22_24_early_egg",0.00406515580468978,"SOG_DISTANCE_BAND_CONTROL_CHESTNUT_BACKED_CHICKADEE_v1","ctl_c0ffb64cc4d8","Chestnut-backed Chickadee"
"positive_numeric_count_given_detection","db_band_24_26_early_egg",0.0335980434280721,"SOG_DISTANCE_BAND_CONTROL_CHESTNUT_BACKED_CHICKADEE_v1","ctl_c0ffb64cc4d8","Chestnut-backed Chickadee"
"positive_numeric_count_given_detection","db_band_0_2_late_egg",-0.0111068684385561,"SOG_DISTANCE_BAND_CONTROL_CHESTNUT_BACKED_CHICKADEE_v1","ctl_c0ffb64cc4d8","Chestnut-backed Chickadee"
"positive_numeric_count_given_detection","db_band_2_4_late_egg",0.0243397788468404,"SOG_DISTANCE_BAND_CONTROL_CHESTNUT_BACKED_CHICKADEE_v1","ctl_c0ffb64cc4d8","Chestnut-backed Chickadee"
"positive_numeric_count_given_detection","db_band_4_6_late_egg",-0.00255521063624877,"SOG_DISTANCE_BAND_CONTROL_CHESTNUT_BACKED_CHICKADEE_v1","ctl_c0ffb64cc4d8","Chestnut-backed Chickadee"
"positive_numeric_count_given_detection","db_band_6_8_late_egg",-0.00661881950173689,"SOG_DISTANCE_BAND_CONTROL_CHESTNUT_BACKED_CHICKADEE_v1","ctl_c0ffb64cc4d8","Chestnut-backed Chickadee"
"positive_numeric_count_given_detection","db_band_8_10_late_egg",0.0118283246074958,"SOG_DISTANCE_BAND_CONTROL_CHESTNUT_BACKED_CHICKADEE_v1","ctl_c0ffb64cc4d8","Chestnut-backed Chickadee"
"positive_numeric_count_given_detection","db_band_10_12_late_egg",-0.00306884171987422,"SOG_DISTANCE_BAND_CONTROL_CHESTNUT_BACKED_CHICKADEE_v1","ctl_c0ffb64cc4d8","Chestnut-backed Chickadee"
"positive_numeric_count_given_detection","db_band_12_14_late_egg",0.0401696114361008,"SOG_DISTANCE_BAND_CONTROL_CHESTNUT_BACKED_CHICKADEE_v1","ctl_c0ffb64cc4d8","Chestnut-backed Chickadee"
"positive_numeric_count_given_detection","db_band_14_16_late_egg",0.00418894855821195,"SOG_DISTANCE_BAND_CONTROL_CHESTNUT_BACKED_CHICKADEE_v1","ctl_c0ffb64cc4d8","Chestnut-backed Chickadee"
"positive_numeric_count_given_detection","db_band_16_18_late_egg",0.001786782777048,"SOG_DISTANCE_BAND_CONTROL_CHESTNUT_BACKED_CHICKADEE_v1","ctl_c0ffb64cc4d8","Chestnut-backed Chickadee"
"positive_numeric_count_given_detection","db_band_18_20_late_egg",0.000619175941725725,"SOG_DISTANCE_BAND_CONTROL_CHESTNUT_BACKED_CHICKADEE_v1","ctl_c0ffb64cc4d8","Chestnut-backed Chickadee"
"positive_numeric_count_given_detection","db_band_20_22_late_egg",-0.00527572047507458,"SOG_DISTANCE_BAND_CONTROL_CHESTNUT_BACKED_CHICKADEE_v1","ctl_c0ffb64cc4d8","Chestnut-backed Chickadee"
"positive_numeric_count_given_detection","db_band_22_24_late_egg",-0.000185175088027781,"SOG_DISTANCE_BAND_CONTROL_CHESTNUT_BACKED_CHICKADEE_v1","ctl_c0ffb64cc4d8","Chestnut-backed Chickadee"
"positive_numeric_count_given_detection","db_band_24_26_late_egg",-0.0113607830566605,"SOG_DISTANCE_BAND_CONTROL_CHESTNUT_BACKED_CHICKADEE_v1","ctl_c0ffb64cc4d8","Chestnut-backed Chickadee"
"positive_numeric_count_given_detection","factor(checklist_year)2006",0.218672358185807,"SOG_DISTANCE_BAND_CONTROL_CHESTNUT_BACKED_CHICKADEE_v1","ctl_c0ffb64cc4d8","Chestnut-backed Chickadee"
"positive_numeric_count_given_detection","factor(checklist_year)2007",-0.100189948488543,"SOG_DISTANCE_BAND_CONTROL_CHESTNUT_BACKED_CHICKADEE_v1","ctl_c0ffb64cc4d8","Chestnut-backed Chickadee"
"positive_numeric_count_given_detection","factor(checklist_year)2008",0.110958619659589,"SOG_DISTANCE_BAND_CONTROL_CHESTNUT_BACKED_CHICKADEE_v1","ctl_c0ffb64cc4d8","Chestnut-backed Chickadee"
"positive_numeric_count_given_detection","factor(checklist_year)2009",0.058737141193559,"SOG_DISTANCE_BAND_CONTROL_CHESTNUT_BACKED_CHICKADEE_v1","ctl_c0ffb64cc4d8","Chestnut-backed Chickadee"
"positive_numeric_count_given_detection","factor(checklist_year)2010",0.278321485326748,"SOG_DISTANCE_BAND_CONTROL_CHESTNUT_BACKED_CHICKADEE_v1","ctl_c0ffb64cc4d8","Chestnut-backed Chickadee"
"positive_numeric_count_given_detection","factor(checklist_year)2011",0.259895196196639,"SOG_DISTANCE_BAND_CONTROL_CHESTNUT_BACKED_CHICKADEE_v1","ctl_c0ffb64cc4d8","Chestnut-backed Chickadee"
"positive_numeric_count_given_detection","factor(checklist_year)2012",0.0487954467021594,"SOG_DISTANCE_BAND_CONTROL_CHESTNUT_BACKED_CHICKADEE_v1","ctl_c0ffb64cc4d8","Chestnut-backed Chickadee"
"positive_numeric_count_given_detection","factor(checklist_year)2013",0.070650701174289,"SOG_DISTANCE_BAND_CONTROL_CHESTNUT_BACKED_CHICKADEE_v1","ctl_c0ffb64cc4d8","Chestnut-backed Chickadee"
"positive_numeric_count_given_detection","factor(checklist_year)2014",0.37442388282532,"SOG_DISTANCE_BAND_CONTROL_CHESTNUT_BACKED_CHICKADEE_v1","ctl_c0ffb64cc4d8","Chestnut-backed Chickadee"
"positive_numeric_count_given_detection","factor(checklist_year)2015",0.260235863249577,"SOG_DISTANCE_BAND_CONTROL_CHESTNUT_BACKED_CHICKADEE_v1","ctl_c0ffb64cc4d8","Chestnut-backed Chickadee"
"positive_numeric_count_given_detection","factor(checklist_year)2016",-0.202227480174254,"SOG_DISTANCE_BAND_CONTROL_CHESTNUT_BACKED_CHICKADEE_v1","ctl_c0ffb64cc4d8","Chestnut-backed Chickadee"
"positive_numeric_count_given_detection","factor(checklist_year)2017",-0.0622154336245969,"SOG_DISTANCE_BAND_CONTROL_CHESTNUT_BACKED_CHICKADEE_v1","ctl_c0ffb64cc4d8","Chestnut-backed Chickadee"
"positive_numeric_count_given_detection","factor(checklist_year)2018",-0.109739663981418,"SOG_DISTANCE_BAND_CONTROL_CHESTNUT_BACKED_CHICKADEE_v1","ctl_c0ffb64cc4d8","Chestnut-backed Chickadee"
"positive_numeric_count_given_detection","factor(checklist_year)2019",0.225084075454017,"SOG_DISTANCE_BAND_CONTROL_CHESTNUT_BACKED_CHICKADEE_v1","ctl_c0ffb64cc4d8","Chestnut-backed Chickadee"
"positive_numeric_count_given_detection","factor(checklist_year)2020",0.027683764761135,"SOG_DISTANCE_BAND_CONTROL_CHESTNUT_BACKED_CHICKADEE_v1","ctl_c0ffb64cc4d8","Chestnut-backed Chickadee"
"positive_numeric_count_given_detection","factor(checklist_year)2021",0.00847973276123877,"SOG_DISTANCE_BAND_CONTROL_CHESTNUT_BACKED_CHICKADEE_v1","ctl_c0ffb64cc4d8","Chestnut-backed Chickadee"
"positive_numeric_count_given_detection","factor(checklist_year)2022",-0.19130170318333,"SOG_DISTANCE_BAND_CONTROL_CHESTNUT_BACKED_CHICKADEE_v1","ctl_c0ffb64cc4d8","Chestnut-backed Chickadee"
"positive_numeric_count_given_detection","factor(checklist_year)2023",-0.167960001752567,"SOG_DISTANCE_BAND_CONTROL_CHESTNUT_BACKED_CHICKADEE_v1","ctl_c0ffb64cc4d8","Chestnut-backed Chickadee"
"positive_numeric_count_given_detection","factor(checklist_year)2024",-0.295226872073593,"SOG_DISTANCE_BAND_CONTROL_CHESTNUT_BACKED_CHICKADEE_v1","ctl_c0ffb64cc4d8","Chestnut-backed Chickadee"
"positive_numeric_count_given_detection","factor(checklist_year)2025",-0.181880107335335,"SOG_DISTANCE_BAND_CONTROL_CHESTNUT_BACKED_CHICKADEE_v1","ctl_c0ffb64cc4d8","Chestnut-backed Chickadee"
"positive_numeric_count_given_detection","protocoltraveling",0.00235134589627233,"SOG_DISTANCE_BAND_CONTROL_CHESTNUT_BACKED_CHICKADEE_v1","ctl_c0ffb64cc4d8","Chestnut-backed Chickadee"
"positive_numeric_count_given_detection","log_duration",0.132676741495606,"SOG_DISTANCE_BAND_CONTROL_CHESTNUT_BACKED_CHICKADEE_v1","ctl_c0ffb64cc4d8","Chestnut-backed Chickadee"
"positive_numeric_count_given_detection","log_effort_distance",0.259841271603589,"SOG_DISTANCE_BAND_CONTROL_CHESTNUT_BACKED_CHICKADEE_v1","ctl_c0ffb64cc4d8","Chestnut-backed Chickadee"
"positive_numeric_count_given_detection","observer_count",0.00328760276912628,"SOG_DISTANCE_BAND_CONTROL_CHESTNUT_BACKED_CHICKADEE_v1","ctl_c0ffb64cc4d8","Chestnut-backed Chickadee"
