"band","band_label","estimate","standard_error","conf_low","conf_high","ratio","ratio_conf_low","ratio_conf_high","p_value","species","outcome","contrast","bh_family_id","bh_family_size","p_value_bh_13","significant_bh_0_05"
"band_0_2","0-<2 km",0.208345327486836,0.0799549126489293,0.0516365783078887,0.365054076665784,1.23163841471866,1.05299299247264,1.44059190845007,0.00916639277639365,"Bald Eagle","detection","spawn_start_days_0_3_minus_immediate_pre_days_-7_-1","bald_eagle__detection__tight_contrast_13_bands",13,0.119163106093118,FALSE
"band_2_4","2-<4 km",0.032872674461592,0.0647787524332146,-0.0940913472709451,0.159836696194129,1.03341895023992,0.910199614192379,1.17331924784717,0.611831567757932,"Bald Eagle","detection","spawn_start_days_0_3_minus_immediate_pre_days_-7_-1","bald_eagle__detection__tight_contrast_13_bands",13,0.814591749364471,FALSE
"band_4_6","4-<6 km",0.100575351340542,0.0549520525754268,-0.00712869258384605,0.20827939526493,1.10580696260188,0.992896656274626,1.23155721273834,0.0672143128623186,"Bald Eagle","detection","spawn_start_days_0_3_minus_immediate_pre_days_-7_-1","bald_eagle__detection__tight_contrast_13_bands",13,0.29126202240338,FALSE
"band_6_8","6-<8 km",-0.069681798016479,0.0502079818396738,-0.168087634158681,0.0287240381257228,0.932690556677476,0.845279756058525,1.0291405517289,0.165178780300966,"Bald Eagle","detection","spawn_start_days_0_3_minus_immediate_pre_days_-7_-1","bald_eagle__detection__tight_contrast_13_bands",13,0.536831035978138,FALSE
"band_8_10","8-<10 km",-0.0115893297281679,0.0494200685017291,-0.108450884105059,0.0852722246487235,0.988477567871431,0.897222961643494,1.08901348266348,0.814591749364471,"Bald Eagle","detection","spawn_start_days_0_3_minus_immediate_pre_days_-7_-1","bald_eagle__detection__tight_contrast_13_bands",13,0.814591749364471,FALSE
"band_10_12","10-<12 km",0.0448110406544686,0.04666382778402,-0.04664838118299,0.136270462491927,1.04583022184227,0.954422931659025,1.14599179948183,0.336906764150441,"Bald Eagle","detection","spawn_start_days_0_3_minus_immediate_pre_days_-7_-1","bald_eagle__detection__tight_contrast_13_bands",13,0.796852579606998,FALSE
"band_12_14","12-<14 km",0.0438738845975376,0.0554820337171917,-0.064868903277195,0.15261667247227,1.04485057482811,0.937190317903636,1.16487836340504,0.42907446594223,"Bald Eagle","detection","spawn_start_days_0_3_minus_immediate_pre_days_-7_-1","bald_eagle__detection__tight_contrast_13_bands",13,0.796852579606998,FALSE
"band_14_16","14-<16 km",0.0154027615773321,0.0496562880736311,-0.0819217746529307,0.112727297807595,1.01552199550009,0.921344028333862,1.11932664849355,0.7564183492709,"Bald Eagle","detection","spawn_start_days_0_3_minus_immediate_pre_days_-7_-1","bald_eagle__detection__tight_contrast_13_bands",13,0.814591749364471,FALSE
"band_16_18","16-<18 km",0.0413076169720822,0.0464425723888124,-0.0497181522593844,0.132333386203549,1.0421726462349,0.951497564150319,1.1414888124597,0.37376971660604,"Bald Eagle","detection","spawn_start_days_0_3_minus_immediate_pre_days_-7_-1","bald_eagle__detection__tight_contrast_13_bands",13,0.796852579606998,FALSE
"band_18_20","18-<20 km",-0.101629355775719,0.0529980999536805,-0.205503722933987,0.00224501138254848,0.903364316392031,0.814237063210675,1.0022475333075,0.055161272941972,"Bald Eagle","detection","spawn_start_days_0_3_minus_immediate_pre_days_-7_-1","bald_eagle__detection__tight_contrast_13_bands",13,0.29126202240338,FALSE
"band_20_22","20-<22 km",0.0246811464134876,0.048020706522162,-0.0694377088821176,0.118800001709093,1.02498824723607,0.932918244094964,1.12614466875528,0.607273782391779,"Bald Eagle","detection","spawn_start_days_0_3_minus_immediate_pre_days_-7_-1","bald_eagle__detection__tight_contrast_13_bands",13,0.814591749364471,FALSE
"band_22_24","22-<24 km",0.0129121212645871,0.0468817567990624,-0.0789744335935411,0.104798676122715,1.01299584265455,0.924063549127377,1.11048702029685,0.782994435479322,"Bald Eagle","detection","spawn_start_days_0_3_minus_immediate_pre_days_-7_-1","bald_eagle__detection__tight_contrast_13_bands",13,0.814591749364471,FALSE
"band_24_26","24-26 km",-0.0126846639139322,0.0519422522573051,-0.114489607614145,0.0891202797862801,0.987395447349471,0.891821206520059,1.0932121397413,0.807070471407468,"Bald Eagle","detection","spawn_start_days_0_3_minus_immediate_pre_days_-7_-1","bald_eagle__detection__tight_contrast_13_bands",13,0.814591749364471,FALSE
"band_0_2","0-<2 km",0.198861291583526,0.0224938511835182,0.154774153390226,0.242948429776825,1.22001272812919,1.16739427929018,1.27500287024044,9.51244821280684e-19,"Bald Eagle","positive_numeric_count_given_detection","spawn_start_days_0_3_minus_immediate_pre_days_-7_-1","bald_eagle__positive_numeric_count_given_detection__tight_contrast_13_bands",13,1.23661826766489e-17,TRUE
"band_2_4","2-<4 km",0.124574943808066,0.0212768753885781,0.082873034342906,0.166276853273226,1.1326669036505,1.08640386381086,1.18089999249907,4.77166736302354e-09,"Bald Eagle","positive_numeric_count_given_detection","spawn_start_days_0_3_minus_immediate_pre_days_-7_-1","bald_eagle__positive_numeric_count_given_detection__tight_contrast_13_bands",13,3.1015837859653e-08,TRUE
"band_4_6","4-<6 km",0.0415787062854735,0.0191386677134279,0.0040676068550753,0.0790898057158717,1.04245520639979,1.00407589079597,1.08230151456833,0.0298181638122712,"Bald Eagle","positive_numeric_count_given_detection","spawn_start_days_0_3_minus_immediate_pre_days_-7_-1","bald_eagle__positive_numeric_count_given_detection__tight_contrast_13_bands",13,0.103031118842304,FALSE
"band_6_8","6-<8 km",-0.0372859116780181,0.0173572240016851,-0.071305445592915,-0.0032663777631212,0.963400648472464,0.931177424644555,0.996738951045179,0.0317018827207089,"Bald Eagle","positive_numeric_count_given_detection","spawn_start_days_0_3_minus_immediate_pre_days_-7_-1","bald_eagle__positive_numeric_count_given_detection__tight_contrast_13_bands",13,0.103031118842304,FALSE
"band_8_10","8-<10 km",-0.0160042213830626,0.0180965947859942,-0.0514728954064266,0.0194644526403014,0.984123165685653,0.949829394353,1.0196551201691,0.37649246094501,"Bald Eagle","positive_numeric_count_given_detection","spawn_start_days_0_3_minus_immediate_pre_days_-7_-1","bald_eagle__positive_numeric_count_given_detection__tight_contrast_13_bands",13,0.511891124664163,FALSE
"band_10_12","10-<12 km",0.0108486317864848,0.0161244794241161,-0.0207547671542398,0.0424520307272095,1.0109076915717,0.979459130669868,1.04336600566469,0.501071300838607,"Bald Eagle","positive_numeric_count_given_detection","spawn_start_days_0_3_minus_immediate_pre_days_-7_-1","bald_eagle__positive_numeric_count_given_detection__tight_contrast_13_bands",13,0.560410840771185,FALSE
"band_12_14","12-<14 km",0.0279044506967939,0.0199073781827963,-0.0111132935681053,0.0669221949616931,1.02829742662467,0.988948230954584,1.06921228483543,0.161000668370104,"Bald Eagle","positive_numeric_count_given_detection","spawn_start_days_0_3_minus_immediate_pre_days_-7_-1","bald_eagle__positive_numeric_count_given_detection__tight_contrast_13_bands",13,0.418601737762272,FALSE
"band_14_16","14-<16 km",-0.0113736154602367,0.017565174355951,-0.0458007245800671,0.0230534936595937,0.988690819586242,0.955232297542732,1.02332127928326,0.517302314558017,"Bald Eagle","positive_numeric_count_given_detection","spawn_start_days_0_3_minus_immediate_pre_days_-7_-1","bald_eagle__positive_numeric_count_given_detection__tight_contrast_13_bands",13,0.560410840771185,FALSE
"band_16_18","16-<18 km",-0.01672840083859,0.0173473548016316,-0.0507285914768258,0.0172717897996459,0.983410741899825,0.950536619266159,1.01742180962012,0.334885526708842,"Bald Eagle","positive_numeric_count_given_detection","spawn_start_days_0_3_minus_immediate_pre_days_-7_-1","bald_eagle__positive_numeric_count_given_detection__tight_contrast_13_bands",13,0.511891124664163,FALSE
"band_18_20","18-<20 km",-0.0164965504014848,0.0185148486893943,-0.0527849870119062,0.0197918862089366,0.983638772543669,0.948583948426283,1.01998904414985,0.372934379492946,"Bald Eagle","positive_numeric_count_given_detection","spawn_start_days_0_3_minus_immediate_pre_days_-7_-1","bald_eagle__positive_numeric_count_given_detection__tight_contrast_13_bands",13,0.511891124664163,FALSE
"band_20_22","20-<22 km",-0.0162012809122558,0.0172763602134204,-0.0500623247145005,0.0176597628899889,0.983929253944661,0.951170141245833,1.01781661848643,0.348361770646551,"Bald Eagle","positive_numeric_count_given_detection","spawn_start_days_0_3_minus_immediate_pre_days_-7_-1","bald_eagle__positive_numeric_count_given_detection__tight_contrast_13_bands",13,0.511891124664163,FALSE
"band_22_24","22-<24 km",-0.00484126460566011,0.0169251976780835,-0.0380140424859247,0.0283315132746044,0.995170435427231,0.962699422103196,1.02873666775949,0.774848342285121,"Bald Eagle","positive_numeric_count_given_detection","spawn_start_days_0_3_minus_immediate_pre_days_-7_-1","bald_eagle__positive_numeric_count_given_detection__tight_contrast_13_bands",13,0.774848342285121,FALSE
"band_24_26","24-26 km",-0.0150552707659564,0.0176536372575782,-0.0496557639869441,0.0195452224550313,0.985057493216269,0.951556928291371,1.01973748085033,0.393762403587818,"Bald Eagle","positive_numeric_count_given_detection","spawn_start_days_0_3_minus_immediate_pre_days_-7_-1","bald_eagle__positive_numeric_count_given_detection__tight_contrast_13_bands",13,0.511891124664163,FALSE
"band_0_2","0-<2 km",0.270156572140011,0.0928129621543886,0.0882465090189304,0.452066635261092,1.31016957072826,1.09225734012982,1.57155666617744,0.0036054693947213,"Glaucous-winged Gull","detection","spawn_start_days_0_3_minus_immediate_pre_days_-7_-1","glaucous_winged_gull__detection__tight_contrast_13_bands",13,0.0468711021313769,TRUE
"band_2_4","2-<4 km",0.059052175808012,0.0743741156061131,-0.086718412161988,0.204822763778012,1.06083058898937,0.916935257100526,1.22730752233705,0.427202256793721,"Glaucous-winged Gull","detection","spawn_start_days_0_3_minus_immediate_pre_days_-7_-1","glaucous_winged_gull__detection__tight_contrast_13_bands",13,0.719695532392353,FALSE
"band_4_6","4-<6 km",-0.0569607527576155,0.0664115188737129,-0.187124937908695,0.0732034323934639,0.944631142806429,0.829340113892923,1.07594939761347,0.391061524799273,"Glaucous-winged Gull","detection","spawn_start_days_0_3_minus_immediate_pre_days_-7_-1","glaucous_winged_gull__detection__tight_contrast_13_bands",13,0.719695532392353,FALSE
"band_6_8","6-<8 km",-0.139932480112041,0.0583597445434145,-0.254315477564091,-0.0255494826599905,0.869416936351175,0.775447127283009,0.974774143354835,0.0164958090575413,"Glaucous-winged Gull","detection","spawn_start_days_0_3_minus_immediate_pre_days_-7_-1","glaucous_winged_gull__detection__tight_contrast_13_bands",13,0.0822417607097574,FALSE
"band_8_10","8-<10 km",-0.0406448116201078,0.0600228221863409,-0.158287381355788,0.0769977581155721,0.960170110654046,0.853604436716015,1.0800396550658,0.498307008401902,"Glaucous-winged Gull","detection","spawn_start_days_0_3_minus_immediate_pre_days_-7_-1","glaucous_winged_gull__detection__tight_contrast_13_bands",13,0.719776789913858,FALSE
"band_10_12","10-<12 km",0.0146962071840542,0.0552820306479426,-0.0936545818781528,0.123046996246261,1.014804727397,0.910597244713696,1.13093756951911,0.7903619877191,"Glaucous-winged Gull","detection","spawn_start_days_0_3_minus_immediate_pre_days_-7_-1","glaucous_winged_gull__detection__tight_contrast_13_bands",13,0.7903619877191,FALSE
"band_12_14","12-<14 km",-0.0749954956961685,0.0700426746094117,-0.212276615311474,0.0622856239191366,0.927747665176504,0.808740956491242,1.06426628122645,0.284299179952983,"Glaucous-winged Gull","detection","spawn_start_days_0_3_minus_immediate_pre_days_-7_-1","glaucous_winged_gull__detection__tight_contrast_13_bands",13,0.719695532392353,FALSE
"band_14_16","14-<16 km",-0.0693813184544649,0.0584935419194613,-0.184026553944793,0.0452639170358631,0.932970853237026,0.831913712942567,1.04630396091321,0.235568442996933,"Glaucous-winged Gull","detection","spawn_start_days_0_3_minus_immediate_pre_days_-7_-1","glaucous_winged_gull__detection__tight_contrast_13_bands",13,0.719695532392353,FALSE
"band_16_18","16-<18 km",-0.0257951352705079,0.0570526975508872,-0.137616367691103,0.0860260971500876,0.974534716950919,0.871432937457817,1.08983476951556,0.651176606344984,"Glaucous-winged Gull","detection","spawn_start_days_0_3_minus_immediate_pre_days_-7_-1","glaucous_winged_gull__detection__tight_contrast_13_bands",13,0.775638896336181,FALSE
"band_18_20","18-<20 km",0.025033398698886,0.061191976316899,-0.094900671025064,0.144967468422836,1.02534936528726,0.909463266035844,1.15600196308925,0.682469140187554,"Glaucous-winged Gull","detection","spawn_start_days_0_3_minus_immediate_pre_days_-7_-1","glaucous_winged_gull__detection__tight_contrast_13_bands",13,0.775638896336181,FALSE
"band_20_22","20-<22 km",-0.0201653518719746,0.0554230428956449,-0.128792519861057,0.0884618161171079,0.980036609020403,0.879156354106429,1.09249253620697,0.715974365848783,"Glaucous-winged Gull","detection","spawn_start_days_0_3_minus_immediate_pre_days_-7_-1","glaucous_winged_gull__detection__tight_contrast_13_bands",13,0.775638896336181,FALSE
"band_22_24","22-<24 km",-0.130423859211113,0.0555954276696311,-0.239388895148692,-0.0214588232735348,0.877723320950619,0.787108720081299,0.978769779174865,0.0189788678560979,"Glaucous-winged Gull","detection","spawn_start_days_0_3_minus_immediate_pre_days_-7_-1","glaucous_winged_gull__detection__tight_contrast_13_bands",13,0.0822417607097574,FALSE
"band_24_26","24-26 km",-0.0491280551139814,0.0640252693350811,-0.174615277111217,0.0763591668832542,0.952059205842064,0.839780041231945,1.07935017138407,0.442889558395294,"Glaucous-winged Gull","detection","spawn_start_days_0_3_minus_immediate_pre_days_-7_-1","glaucous_winged_gull__detection__tight_contrast_13_bands",13,0.719695532392353,FALSE
"band_0_2","0-<2 km",0.336591049876988,0.0396520564872383,0.258874447249053,0.414307652504923,1.40016634844009,1.29547114465106,1.51332263277243,2.09113859585761e-17,"Glaucous-winged Gull","positive_numeric_count_given_detection","spawn_start_days_0_3_minus_immediate_pre_days_-7_-1","glaucous_winged_gull__positive_numeric_count_given_detection__tight_contrast_13_bands",13,2.7184801746149e-16,TRUE
"band_2_4","2-<4 km",0.133273324207046,0.0393047411823113,0.0562374470680473,0.210309201346044,1.14256224557636,1.05784883702241,1.23405957385273,0.000696966493533788,"Glaucous-winged Gull","positive_numeric_count_given_detection","spawn_start_days_0_3_minus_immediate_pre_days_-7_-1","glaucous_winged_gull__positive_numeric_count_given_detection__tight_contrast_13_bands",13,0.00453028220796962,TRUE
"band_4_6","4-<6 km",0.093158972001437,0.0359702009116512,0.0226586736979309,0.163659270304943,1.09763621482495,1.0229173313636,1.17781293087407,0.00960057643034659,"Glaucous-winged Gull","positive_numeric_count_given_detection","spawn_start_days_0_3_minus_immediate_pre_days_-7_-1","glaucous_winged_gull__positive_numeric_count_given_detection__tight_contrast_13_bands",13,0.0383950853234916,TRUE
"band_6_8","6-<8 km",-0.0885555834125482,0.0352519279677913,-0.157648092615019,-0.0194630742100771,0.915252236479482,0.854150310888492,0.980725108569389,0.0120022646842579,"Glaucous-winged Gull","positive_numeric_count_given_detection","spawn_start_days_0_3_minus_immediate_pre_days_-7_-1","glaucous_winged_gull__positive_numeric_count_given_detection__tight_contrast_13_bands",13,0.0383950853234916,TRUE
"band_8_10","8-<10 km",0.0844497766961542,0.0356117704408745,0.014651989206332,0.154247564185976,1.08811819396898,1.01475985577625,1.16677970389419,0.0177208086108423,"Glaucous-winged Gull","positive_numeric_count_given_detection","spawn_start_days_0_3_minus_immediate_pre_days_-7_-1","glaucous_winged_gull__positive_numeric_count_given_detection__tight_contrast_13_bands",13,0.0383950853234916,TRUE
"band_10_12","10-<12 km",0.0280864932608188,0.0296468011581287,-0.0300201692659337,0.0861931557875713,1.02848463756445,0.970425960571855,1.09001685103596,0.343450216737234,"Glaucous-winged Gull","positive_numeric_count_given_detection","spawn_start_days_0_3_minus_immediate_pre_days_-7_-1","glaucous_winged_gull__positive_numeric_count_given_detection__tight_contrast_13_bands",13,0.420676988402735,FALSE
"band_12_14","12-<14 km",0.0049029622100296,0.0391801803846006,-0.0718887802515703,0.0816947046716295,1.0049150013971,0.930634394978813,1.08512447582159,0.900413637394316,"Glaucous-winged Gull","positive_numeric_count_given_detection","spawn_start_days_0_3_minus_immediate_pre_days_-7_-1","glaucous_winged_gull__positive_numeric_count_given_detection__tight_contrast_13_bands",13,0.964206830381713,FALSE
"band_14_16","14-<16 km",0.0014510175990657,0.0323345514226696,-0.0619235386456252,0.0648255738437566,1.00145207083446,0.939954754257074,1.06697290017041,0.964206830381713,"Glaucous-winged Gull","positive_numeric_count_given_detection","spawn_start_days_0_3_minus_immediate_pre_days_-7_-1","glaucous_winged_gull__positive_numeric_count_given_detection__tight_contrast_13_bands",13,0.964206830381713,FALSE
"band_16_18","16-<18 km",0.0373717647799163,0.0348938450829645,-0.0310189148648143,0.105762444424647,1.03807887027384,0.969457235750045,1.11155778839001,0.284163544750232,"Glaucous-winged Gull","positive_numeric_count_given_detection","spawn_start_days_0_3_minus_immediate_pre_days_-7_-1","glaucous_winged_gull__positive_numeric_count_given_detection__tight_contrast_13_bands",13,0.410458453528113,FALSE
"band_18_20","18-<20 km",-0.0494204255942976,0.0338394226028345,-0.115744475153484,0.0169036239648887,0.951780892522044,0.890702790915584,1.01704729861559,0.144169354645674,"Glaucous-winged Gull","positive_numeric_count_given_detection","spawn_start_days_0_3_minus_immediate_pre_days_-7_-1","glaucous_winged_gull__positive_numeric_count_given_detection__tight_contrast_13_bands",13,0.237847914816953,FALSE
"band_20_22","20-<22 km",0.0265107573583633,0.0287194098892656,-0.0297782516818407,0.0827997663985673,1.02686529356022,0.970660752074729,1.08632426814898,0.355957451725391,"Glaucous-winged Gull","positive_numeric_count_given_detection","spawn_start_days_0_3_minus_immediate_pre_days_-7_-1","glaucous_winged_gull__positive_numeric_count_given_detection__tight_contrast_13_bands",13,0.420676988402735,FALSE
"band_22_24","22-<24 km",0.0770969120091738,0.0320737096527627,0.0142335962391642,0.139960227779183,1.08014675051222,1.01433537619506,1.15022805082346,0.0162282371134155,"Glaucous-winged Gull","positive_numeric_count_given_detection","spawn_start_days_0_3_minus_immediate_pre_days_-7_-1","glaucous_winged_gull__positive_numeric_count_given_detection__tight_contrast_13_bands",13,0.0383950853234916,TRUE
"band_24_26","24-26 km",-0.0489563769397943,0.0337053508375237,-0.115017650667628,0.0171048967880392,0.952222667659252,0.891350410838141,1.01725202319871,0.146367947579664,"Glaucous-winged Gull","positive_numeric_count_given_detection","spawn_start_days_0_3_minus_immediate_pre_days_-7_-1","glaucous_winged_gull__positive_numeric_count_given_detection__tight_contrast_13_bands",13,0.237847914816953,FALSE
