"analysis_variant","analysis_taxon_id","species","outcome","s1_estimate","s2_estimate","estimate_delta","s1_ratio","s2_ratio","s1_q_value","s2_q_value","changed_direction","changed_bh_significance","s1_status","s2_status"
"s2_detectability_vs_s1_start_anchor","atx_04afbeb21fb0","Hooded Merganser","checklist_reporting",0.00290798122032899,-0.0205066229797448,-0.0234146042000738,1.00291221349919,0.979702207905152,0.938086777815919,0.813470196934854,TRUE,FALSE,"completed","completed"
"s2_detectability_vs_s1_start_anchor","atx_04afbeb21fb0","Hooded Merganser","conditional_positive_numeric_count",0.0251627213132282,0.0224533730960251,-0.00270934821720308,1.02548197472231,1.02270734737543,0.334322139143871,0.40682335085439,FALSE,FALSE,"completed","completed"
"s2_detectability_vs_s1_start_anchor","atx_04cf65098f13","Red-throated Loon","checklist_reporting",-0.0288065524640403,-0.00795230505718353,0.0208542474068568,0.971604400765367,0.99207923087087,0.90805059398875,0.955015528198709,FALSE,FALSE,"completed","completed"
"s2_detectability_vs_s1_start_anchor","atx_04cf65098f13","Red-throated Loon","conditional_positive_numeric_count",0.0759112104869748,0.0785288975798599,0.00261768709288508,1.07886677784867,1.0816946130671,0.519446502904035,0.524653641046644,FALSE,FALSE,"completed","completed"
"s2_detectability_vs_s1_start_anchor","atx_08bb40b40c0a","Ring-billed Gull","checklist_reporting",-0.0151217761297563,0.023975322643638,0.0390970987733943,0.984991983787707,1.02426504142531,0.90805059398875,0.864731240964312,TRUE,FALSE,"completed","completed"
"s2_detectability_vs_s1_start_anchor","atx_08bb40b40c0a","Ring-billed Gull","conditional_positive_numeric_count",-0.037416365697092,-0.0155926635432456,0.0218237021538464,0.963274977183233,0.984528272646592,0.639477626605093,0.84755402222639,FALSE,FALSE,"completed","completed"
"s2_detectability_vs_s1_start_anchor","atx_1328b44be502","Black Scoter","checklist_reporting",0.128041816650545,0.129837938020024,0.00179612136947924,1.13660053053052,1.1386438374963,0.13961964549622,0.129987835001422,FALSE,FALSE,"completed","completed"
"s2_detectability_vs_s1_start_anchor","atx_1328b44be502","Black Scoter","conditional_positive_numeric_count",0.0336952103503146,0.0454280218406622,0.0117328114903476,1.03426932409815,1.04647567850993,0.706297750912106,0.606407676070742,FALSE,FALSE,"completed","completed"
"s2_detectability_vs_s1_start_anchor","atx_136b0e66254b","Common Murre","checklist_reporting",-0.149314904005354,-0.161694654080835,-0.0123797500754812,0.861297846047853,0.850700922941488,0.219489215456277,0.173831380557077,FALSE,FALSE,"completed","completed"
"s2_detectability_vs_s1_start_anchor","atx_136b0e66254b","Common Murre","conditional_positive_numeric_count",-0.137990971250766,-0.107847140608716,0.0301438306420497,0.871106556712949,0.897764817725939,0.421022011698159,0.507217833223438,FALSE,FALSE,"completed","completed"
"s2_detectability_vs_s1_start_anchor","atx_15dd5efcd8d6","Black Turnstone","checklist_reporting",-0.024988823384868,-0.0167247395494686,0.00826408383539936,0.97532081275277,0.983414342457467,0.90805059398875,0.865357657928627,FALSE,FALSE,"completed","completed"
"s2_detectability_vs_s1_start_anchor","atx_15dd5efcd8d6","Black Turnstone","conditional_positive_numeric_count",0.114293271428098,0.119627476526983,0.00533420509888542,1.12108085766197,1.12707691076017,0.173061110160588,0.150581205190099,FALSE,FALSE,"completed","completed"
"s2_detectability_vs_s1_start_anchor","atx_1812dd827ede","Surfbird","checklist_reporting",0.334701003696741,0.30422093944648,-0.030480064250261,1.39752246869597,1.35556852156541,0.13961964549622,0.174896522563208,FALSE,FALSE,"completed","completed"
"s2_detectability_vs_s1_start_anchor","atx_1812dd827ede","Surfbird","conditional_positive_numeric_count",,,,,,,,,,"failed_insufficient_support","failed_insufficient_support"
"s2_detectability_vs_s1_start_anchor","atx_1930f23cc4f8","Surf Scoter","checklist_reporting",0.0051767529182007,0.0173034064440568,0.0121266535258561,1.00519017545531,1.01745397759221,0.913332157946295,0.851282204520388,FALSE,FALSE,"completed","completed"
"s2_detectability_vs_s1_start_anchor","atx_1930f23cc4f8","Surf Scoter","conditional_positive_numeric_count",0.283004055942472,0.285272712198113,0.00226865625564049,1.32711054449026,1.33012471990012,6.04913712869797e-14,3.73129273953024e-14,FALSE,FALSE,"completed","completed"
"s2_detectability_vs_s1_start_anchor","atx_3083477933a8","White-winged Scoter","checklist_reporting",0.0820718617869548,0.0927415264793756,0.0106696646924208,1.08553381542648,1.09717810712638,0.219489215456277,0.169353095320394,FALSE,FALSE,"completed","completed"
"s2_detectability_vs_s1_start_anchor","atx_3083477933a8","White-winged Scoter","conditional_positive_numeric_count",0.151359294502654,0.149635407229635,-0.00172388727301939,1.16341459146376,1.16141072357372,0.0124543119611823,0.0129490509318084,FALSE,FALSE,"completed","completed"
"s2_detectability_vs_s1_start_anchor","atx_35518e24dfdd","Common Merganser","checklist_reporting",0.164178245094096,0.157550024620676,-0.00662822047341954,1.178424344732,1.17063931730477,4.45601009465997e-07,2.01343716667778e-06,FALSE,FALSE,"completed","completed"
"s2_detectability_vs_s1_start_anchor","atx_35518e24dfdd","Common Merganser","conditional_positive_numeric_count",0.111740558268842,0.109752989476644,-0.001987568792198,1.11822270937246,1.11600237208008,1.94677340701325e-07,3.06440049751322e-07,FALSE,FALSE,"completed","completed"
"s2_detectability_vs_s1_start_anchor","atx_35707a9578d5","Pelagic Cormorant","checklist_reporting",0.0550401069849648,0.0532201768748399,-0.00181993011012494,1.05658299018381,1.05466183170348,0.308523778955522,0.329474238631918,FALSE,FALSE,"completed","completed"
"s2_detectability_vs_s1_start_anchor","atx_35707a9578d5","Pelagic Cormorant","conditional_positive_numeric_count",0.0251939980097939,0.0264326587416487,0.00123866073185476,1.02551404891245,1.02678509993279,0.421955875285912,0.414579978905587,FALSE,FALSE,"completed","completed"
"s2_detectability_vs_s1_start_anchor","atx_40f730f5ad72","Long-tailed Duck","checklist_reporting",0.118110434431838,0.121595880222546,0.00348544579070777,1.12536838392332,1.12929763804335,0.136578707161869,0.120706386489252,FALSE,FALSE,"completed","completed"
"s2_detectability_vs_s1_start_anchor","atx_40f730f5ad72","Long-tailed Duck","conditional_positive_numeric_count",0.393751385822644,0.386326610862223,-0.0074247749604211,1.48253192439925,1.47156522151975,3.05284866708416e-11,8.54588977089191e-11,FALSE,FALSE,"completed","completed"
"s2_detectability_vs_s1_start_anchor","atx_4ae57d328ec6","Greater Scaup","checklist_reporting",0.116781220716043,0.0983869080209327,-0.0183943126951103,1.1238735225473,1.10338961282306,0.0424469401175391,0.104723661968552,FALSE,TRUE,"completed","completed"
"s2_detectability_vs_s1_start_anchor","atx_4ae57d328ec6","Greater Scaup","conditional_positive_numeric_count",0.187156312862488,0.180027208414146,-0.007129104448342,1.20581575483169,1.1972499379508,0.00189459102500619,0.00272146532019368,FALSE,FALSE,"completed","completed"
"s2_detectability_vs_s1_start_anchor","atx_59441ff7abde","Brant","checklist_reporting",0.154205314739659,0.15134038109479,-0.00286493364486892,1.16673040913907,1.16339258753716,0.0223628848327359,0.0278732629339137,FALSE,FALSE,"completed","completed"
"s2_detectability_vs_s1_start_anchor","atx_59441ff7abde","Brant","conditional_positive_numeric_count",0.0856316473590693,0.0684064783391509,-0.0172251690199184,1.08940496919138,1.07080047722899,0.20515128666324,0.33532430641089,FALSE,FALSE,"completed","completed"
"s2_detectability_vs_s1_start_anchor","atx_5a9a3495d0ea","Western Gull","checklist_reporting",0.206207654940324,0.225289228314949,0.0190815733746246,1.22900838716267,1.25268497576618,0.220249064436745,0.17479178528855,FALSE,FALSE,"completed","completed"
"s2_detectability_vs_s1_start_anchor","atx_5a9a3495d0ea","Western Gull","conditional_positive_numeric_count",0.0819140930406425,0.0839591607893131,0.00204506774867064,1.08536256562663,1.08758447681027,0.0789642051960028,0.0700549643876258,FALSE,FALSE,"completed_with_singular_warning","completed_with_singular_warning"
"s2_detectability_vs_s1_start_anchor","atx_6b4cfd1ab927","Horned Grebe","checklist_reporting",-0.0651785928173614,-0.0770300472908865,-0.0118514544735251,0.93690012480224,0.925862033542696,0.187559165616422,0.120706386489252,FALSE,FALSE,"completed","completed"
"s2_detectability_vs_s1_start_anchor","atx_6b4cfd1ab927","Horned Grebe","conditional_positive_numeric_count",0.02314426524402,0.0234844140035445,0.000340148759524501,1.0234141719931,1.02376234426601,0.440825368380463,0.457786637751365,FALSE,FALSE,"completed","completed"
"s2_detectability_vs_s1_start_anchor","atx_6cbe5bbd310c","Rhinoceros Auklet","checklist_reporting",-0.278007626177219,-0.244395336454988,0.0336122897222307,0.757291046256589,0.783177954256937,0.13182267402822,0.169353095320394,FALSE,FALSE,"completed","completed"
"s2_detectability_vs_s1_start_anchor","atx_6cbe5bbd310c","Rhinoceros Auklet","conditional_positive_numeric_count",,,,,,,,,,"failed_insufficient_support","failed_insufficient_support"
"s2_detectability_vs_s1_start_anchor","atx_725074cbfcb6","Glaucous-winged Gull","checklist_reporting",0.125309783891051,0.129317971346285,0.00400818745523368,1.13349953858127,1.13805193454579,7.04795786676474e-05,4.30400399564287e-05,FALSE,FALSE,"completed","completed"
"s2_detectability_vs_s1_start_anchor","atx_725074cbfcb6","Glaucous-winged Gull","conditional_positive_numeric_count",0.179188111159659,0.18634546770325,0.00715735654359051,1.19624575017945,1.2048384212506,1.37962914008105e-30,6.56497522565262e-34,FALSE,FALSE,"completed","completed"
"s2_detectability_vs_s1_start_anchor","atx_7571c026ae99","American Herring Gull","checklist_reporting",0.355026953077971,0.343187226628138,-0.0118397264498326,1.4262190947579,1.40943262054213,1.42567577264538e-07,3.30700884148292e-07,FALSE,FALSE,"completed","completed"
"s2_detectability_vs_s1_start_anchor","atx_7571c026ae99","American Herring Gull","conditional_positive_numeric_count",0.0680025081159775,0.0642909707219219,-0.00371153739405561,1.07036799308247,1.06640264557059,0.173061110160588,0.21886148824248,FALSE,FALSE,"completed","completed"
"s2_detectability_vs_s1_start_anchor","atx_7b80ddaff058","Great Blue Heron","checklist_reporting",0.00571400073722803,0.0121650023842468,0.00645100164701879,1.00573035677741,1.01223929698476,0.90805059398875,0.859908121667258,FALSE,FALSE,"completed","completed"
"s2_detectability_vs_s1_start_anchor","atx_7b80ddaff058","Great Blue Heron","conditional_positive_numeric_count",0.013190131050937,0.0138606661392693,0.000670535088332314,1.01327750456291,1.01395717052841,0.478534903653249,0.478471079248217,FALSE,FALSE,"completed","completed"
"s2_detectability_vs_s1_start_anchor","atx_7d980a7c8c37","Northern Pintail","checklist_reporting",0.159721542666788,0.148642450681118,-0.0110790919856705,1.17318414377608,1.1602580655546,0.00301641261693581,0.0113084568407268,FALSE,FALSE,"completed","completed"
"s2_detectability_vs_s1_start_anchor","atx_7d980a7c8c37","Northern Pintail","conditional_positive_numeric_count",0.0787997114752725,0.058135474435352,-0.0206642370399205,1.08198759066832,1.05985856972605,0.114640680463806,0.238741284575386,FALSE,FALSE,"completed","completed"
"s2_detectability_vs_s1_start_anchor","atx_815c98107028","Mallard","checklist_reporting",0.0172900498479785,0.00757482234902691,-0.0097152274989516,1.01744038796116,1.00760358389116,0.777384522056635,0.865357657928627,FALSE,FALSE,"completed","completed"
"s2_detectability_vs_s1_start_anchor","atx_815c98107028","Mallard","conditional_positive_numeric_count",0.0680899275427716,0.0601846599834795,-0.00790526755929213,1.07046156812897,1.06203264336956,2.53054176996357e-05,5.17854288204178e-05,FALSE,FALSE,"completed","completed"
"s2_detectability_vs_s1_start_anchor","atx_82312e6f2848","Common Goldeneye","checklist_reporting",0.00608051067354237,-0.0108429088059547,-0.0169234194794971,1.00609903450432,0.989215663640022,0.90805059398875,0.864731240964312,TRUE,FALSE,"completed","completed"
"s2_detectability_vs_s1_start_anchor","atx_82312e6f2848","Common Goldeneye","conditional_positive_numeric_count",0.181955949182746,0.170016651560822,-0.0119392976219243,1.19956135105813,1.18532458866052,4.94843116837402e-17,1.15727776132335e-15,FALSE,FALSE,"completed","completed"
"s2_detectability_vs_s1_start_anchor","atx_8608f2ed61cf","Pigeon Guillemot","checklist_reporting",-0.0182024176074577,-0.0190458242588508,-0.000843406651393149,0.981962245791622,0.981134401455887,0.90805059398875,0.864731240964312,FALSE,FALSE,"completed","completed"
"s2_detectability_vs_s1_start_anchor","atx_8608f2ed61cf","Pigeon Guillemot","conditional_positive_numeric_count",0.0132710505557505,0.0137039445932022,0.000432894037451736,1.01335950179436,1.01379827404457,0.793531032670205,0.802519802800934,FALSE,FALSE,"completed","completed_with_convergence_warning"
"s2_detectability_vs_s1_start_anchor","atx_86eda7ed9025","Red-necked Grebe","checklist_reporting",0.060900819220703,0.0659746659063589,0.00507384668565595,1.06279350027218,1.06819965495311,0.308523778955522,0.278379570286944,FALSE,FALSE,"completed","completed"
"s2_detectability_vs_s1_start_anchor","atx_86eda7ed9025","Red-necked Grebe","conditional_positive_numeric_count",0.0289570183208736,0.0289069178427823,-5.01004780913104e-05,1.0293803490284,1.02932877787266,0.481845956582565,0.507217833223438,FALSE,FALSE,"completed","completed"
"s2_detectability_vs_s1_start_anchor","atx_87b306550dba","Harlequin Duck","checklist_reporting",0.141310764503657,0.141720701994376,0.000409937490719325,1.15178252549891,1.1522547811283,0.013348946849282,0.0146647844215447,FALSE,FALSE,"completed","completed"
"s2_detectability_vs_s1_start_anchor","atx_87b306550dba","Harlequin Duck","conditional_positive_numeric_count",0.192218124413856,0.193542893442595,0.00132476902873899,1.21193484071288,1.21354143840518,2.28386682884792e-15,1.15727776132335e-15,FALSE,FALSE,"completed","completed"
"s2_detectability_vs_s1_start_anchor","atx_98ca0000b734","Brandt's Cormorant","checklist_reporting",0.0161062257600517,0.0154040433404834,-0.000702182419568306,1.01623663018117,1.0155232971596,0.90805059398875,0.865357657928627,FALSE,FALSE,"completed","completed"
"s2_detectability_vs_s1_start_anchor","atx_98ca0000b734","Brandt's Cormorant","conditional_positive_numeric_count",0.0459951083641969,0.0498633616568138,0.00386825329261695,1.04706928906279,1.05112746224836,0.639477626605093,0.593974590563245,FALSE,FALSE,"completed","completed"
"s2_detectability_vs_s1_start_anchor","atx_99238953638b","Bufflehead","checklist_reporting",-0.061701002989512,-0.0732787818851778,-0.0115777788956658,0.940163950981031,0.92934171027456,0.0865874217167362,0.0438621682369703,FALSE,TRUE,"completed","completed"
"s2_detectability_vs_s1_start_anchor","atx_99238953638b","Bufflehead","conditional_positive_numeric_count",0.112836941064109,0.0994566580716892,-0.0133802829924198,1.11944938184071,1.10457059548289,2.39896375016722e-15,1.01279485422975e-12,FALSE,FALSE,"completed","completed"
"s2_detectability_vs_s1_start_anchor","atx_9ae1aa9b7fdf","Common Loon","checklist_reporting",-0.0633617454694581,-0.065517866515378,-0.00215612104591993,0.938603876569012,0.936582313147842,0.193631090063235,0.169353095320394,FALSE,FALSE,"completed","completed"
"s2_detectability_vs_s1_start_anchor","atx_9ae1aa9b7fdf","Common Loon","conditional_positive_numeric_count",0.0562060134282531,0.0530478979633583,-0.00315811546489479,1.05781558550572,1.05448015136143,0.00653237926033317,0.00986071538232545,FALSE,FALSE,"completed","completed"
"s2_detectability_vs_s1_start_anchor","atx_a113baee5693","American Wigeon","checklist_reporting",0.0950066288449567,0.0840408840559187,-0.010965744789038,1.09966614461832,1.08767336139834,0.00752501110916733,0.0276419524137486,FALSE,FALSE,"completed","completed"
"s2_detectability_vs_s1_start_anchor","atx_a113baee5693","American Wigeon","conditional_positive_numeric_count",0.0659568797337884,0.0512617257157539,-0.0146951540180345,1.06818065593867,1.05259834929104,0.0124543119611823,0.0485508717654426,FALSE,FALSE,"completed","completed"
"s2_detectability_vs_s1_start_anchor","atx_a444854c6b66","Double-crested Cormorant","checklist_reporting",0.00970225029941918,0.00725056957589136,-0.00245168072352782,1.00974946971784,1.00727691859879,0.90805059398875,0.865357657928627,FALSE,FALSE,"completed","completed"
"s2_detectability_vs_s1_start_anchor","atx_a444854c6b66","Double-crested Cormorant","conditional_positive_numeric_count",0.096547411382747,0.0971899646262701,0.000642553243523095,1.10136179699167,1.10206970799752,5.47772524931234e-05,4.90243034201828e-05,FALSE,FALSE,"completed","completed"
"s2_detectability_vs_s1_start_anchor","atx_aa5353f6d6d2","Iceland Gull","checklist_reporting",0.2813774471632,0.27572200596732,-0.00565544119588018,1.32495360954777,1.3174815611025,2.5141811465937e-08,7.62240397475192e-08,FALSE,FALSE,"completed","completed"
"s2_detectability_vs_s1_start_anchor","atx_aa5353f6d6d2","Iceland Gull","conditional_positive_numeric_count",0.204900714755,0.211970884004114,0.00707016924911366,1.22740319588636,1.23611189392573,0.000301733916150504,0.000147376187882711,FALSE,FALSE,"completed","completed"
"s2_detectability_vs_s1_start_anchor","atx_acf526bb8010","Marbled Murrelet","checklist_reporting",-0.0432686787482038,-0.0419748373449068,0.00129384140329704,0.957654054205744,0.958893908585614,0.90805059398875,0.859908121667258,FALSE,FALSE,"completed","completed"
"s2_detectability_vs_s1_start_anchor","atx_acf526bb8010","Marbled Murrelet","conditional_positive_numeric_count",0.0716657064148049,0.0576663553082974,-0.0139993511065075,1.07429615371686,1.05936148640378,0.478534903653249,0.582276108787527,FALSE,FALSE,"completed","completed"
"s2_detectability_vs_s1_start_anchor","atx_b3d3ea90f9cb","Canada Goose","checklist_reporting",-0.00669366639738695,-0.0227235200069553,-0.0160298536095684,0.993328686285924,0.977532714652988,0.90805059398875,0.600649104926889,FALSE,FALSE,"completed","completed"
"s2_detectability_vs_s1_start_anchor","atx_b3d3ea90f9cb","Canada Goose","conditional_positive_numeric_count",0.0420486777835096,0.0633909933582284,0.0213423155747188,1.04294524577803,1.06544333907081,0.0578807347671999,0.00116120167127872,FALSE,TRUE,"completed","completed"
"s2_detectability_vs_s1_start_anchor","atx_c12b832d2b03","California Gull","checklist_reporting",0.291290272374968,0.272828325804866,-0.0184619465701023,1.33815295641714,1.31367470141827,9.67337109599651e-11,2.17212417988989e-09,FALSE,FALSE,"completed","completed"
"s2_detectability_vs_s1_start_anchor","atx_c12b832d2b03","California Gull","conditional_positive_numeric_count",0.177957952810347,0.165036430789761,-0.0129215220205859,1.19477508324411,1.1794360857168,6.18851315128324e-05,0.000190803357709899,FALSE,FALSE,"completed","completed"
"s2_detectability_vs_s1_start_anchor","atx_c2d1fbbaf6d3","Red-breasted Merganser","checklist_reporting",-0.0206398709172058,-0.021000495578209,-0.000360624661003197,0.979571673303549,0.979218479289999,0.83706674637863,0.813470196934854,FALSE,FALSE,"completed","completed"
"s2_detectability_vs_s1_start_anchor","atx_c2d1fbbaf6d3","Red-breasted Merganser","conditional_positive_numeric_count",0.129960228250887,0.130572049677819,0.000611821426932113,1.13878309102856,1.13948003610551,1.90222175679277e-05,1.64972820608615e-05,FALSE,FALSE,"completed","completed"
"s2_detectability_vs_s1_start_anchor","atx_c34f23342a55","Pacific Loon","checklist_reporting",-0.0816585174202203,-0.0714596604280688,0.0101988569921515,0.921586610742522,0.931033834343676,0.219489215456277,0.291544437530095,FALSE,FALSE,"completed","completed"
"s2_detectability_vs_s1_start_anchor","atx_c34f23342a55","Pacific Loon","conditional_positive_numeric_count",0.155059550248253,0.161345982943793,0.00628643269554013,1.16772749749702,1.17509146009288,0.0138126616771523,0.00986071538232545,FALSE,FALSE,"completed","completed"
"s2_detectability_vs_s1_start_anchor","atx_c9db024faf12","American Crow","checklist_reporting",0.0343751077928536,0.0335082002212425,-0.000866907571611092,1.03497276027163,1.03407592334286,0.28226231123441,0.291544437530095,FALSE,FALSE,"completed","completed"
"s2_detectability_vs_s1_start_anchor","atx_c9db024faf12","American Crow","conditional_positive_numeric_count",0.0108656549037497,0.0117134882967694,0.000847833393019748,1.01092490051836,1.01178235984681,0.487393473305239,0.478471079248217,FALSE,FALSE,"completed","completed"
"s2_detectability_vs_s1_start_anchor","atx_d002764a39e8","Lesser Scaup","checklist_reporting",0.257838357682109,0.276064602669305,0.0182262449871957,1.29412961560595,1.31793300326714,0.000468197696598626,0.000785422380917748,FALSE,FALSE,"completed","completed"
"s2_detectability_vs_s1_start_anchor","atx_d002764a39e8","Lesser Scaup","conditional_positive_numeric_count",0.0350949747644242,-0.00246883791727286,-0.0375638126816971,1.0357180712084,0.997534207156611,0.66151572149065,0.965639283986088,TRUE,FALSE,"completed","completed"
"s2_detectability_vs_s1_start_anchor","atx_d7dd9536145c","Barrow's Goldeneye","checklist_reporting",0.0396386488781012,0.0313377743813633,-0.00830087449673787,1.04043474399501,1.03183397211299,0.518542648360724,0.693727616900697,FALSE,FALSE,"completed","completed"
"s2_detectability_vs_s1_start_anchor","atx_d7dd9536145c","Barrow's Goldeneye","conditional_positive_numeric_count",0.0445212906845442,0.0273368702050714,-0.0171844204794728,1.04552723646407,1.02771395066607,0.421022011698159,0.593974590563245,FALSE,FALSE,"completed","completed"
"s2_detectability_vs_s1_start_anchor","atx_e0e678a61ad7","Short-billed Gull","checklist_reporting",0.240304570698171,0.226711170280569,-0.0135934004176022,1.27163639453129,1.25446748811714,2.70191568459478e-11,5.54787783197591e-10,FALSE,FALSE,"completed","completed"
"s2_detectability_vs_s1_start_anchor","atx_e0e678a61ad7","Short-billed Gull","conditional_positive_numeric_count",0.275251859389461,0.270222775072268,-0.00502908431719284,1.31686229723895,1.31025631066678,1.61527221031249e-20,3.76668824625112e-20,FALSE,FALSE,"completed","completed"
"s2_detectability_vs_s1_start_anchor","atx_ebf17f77fb66","Western Grebe","checklist_reporting",-0.268820973168444,-0.253554463435042,0.0152665097334022,0.764280070040471,0.77603747810737,0.0745735458640298,0.0993515320060377,FALSE,FALSE,"completed","completed"
"s2_detectability_vs_s1_start_anchor","atx_ebf17f77fb66","Western Grebe","conditional_positive_numeric_count",0.0826673429796379,0.0629635782824373,-0.0197037646972006,1.08618042289978,1.06498804983096,0.708351904111296,0.802519802800934,FALSE,FALSE,"completed","completed"
"s2_detectability_vs_s1_start_anchor","atx_fadb8da1a816","Bonaparte's Gull","checklist_reporting",0.394194024344814,0.336376032918154,-0.0578179914266599,1.48318829539617,1.39986532129412,0.000396400250738774,0.00400349429035172,FALSE,FALSE,"completed","completed"
"s2_detectability_vs_s1_start_anchor","atx_fadb8da1a816","Bonaparte's Gull","conditional_positive_numeric_count",0.212654685451766,0.223967927781493,0.0113132423297274,1.23695743808747,1.2510308954487,0.30851756575592,0.280345705357951,FALSE,FALSE,"completed","completed"
"s2_detectability_vs_s1_start_anchor","atx_fc0a9b777dcd","Bald Eagle","checklist_reporting",0.0624689092285384,0.0624859339098151,1.70246812766575e-05,1.0644613634784,1.06447948574811,0.030467751749705,0.0304364270798424,FALSE,FALSE,"completed","completed"
"s2_detectability_vs_s1_start_anchor","atx_fc0a9b777dcd","Bald Eagle","conditional_positive_numeric_count",0.0755312455124571,0.0757285506923851,0.000197305179928012,1.07845692413088,1.07866973026152,1.00896543186771e-18,5.3058758833799e-19,FALSE,FALSE,"completed","completed"
"s2_detectability_vs_s1_start_anchor","atx_v2_000002","Black Oystercatcher","checklist_reporting",-0.0468217566878283,-0.0467267515146649,9.50051731634025e-05,0.954257472445121,0.954348136148226,0.418364716034358,0.414683349515975,FALSE,FALSE,"completed","completed"
"s2_detectability_vs_s1_start_anchor","atx_v2_000002","Black Oystercatcher","conditional_positive_numeric_count",-0.00458082177342897,-0.00803768254451752,-0.00345686077108855,0.995429654188355,0.991994533254588,0.871330820407924,0.802519802800934,FALSE,FALSE,"completed","completed"
"s2_detectability_vs_s1_start_anchor","atx_v2_000003","Dunlin","checklist_reporting",0.00754337751411038,0.0108881622926016,0.00334478477849122,1.00757190046095,1.01094765405425,0.913332157946295,0.865357657928627,FALSE,FALSE,"completed","completed"
"s2_detectability_vs_s1_start_anchor","atx_v2_000003","Dunlin","conditional_positive_numeric_count",-0.00547820848519507,-0.0141961272729741,-0.00871791878777906,0.99453676953552,0.985904162604948,0.961692590538087,0.879725789191419,FALSE,FALSE,"completed","completed"
"s2_detectability_vs_s1_start_anchor","atx_v2_000006","Black-bellied Plover","checklist_reporting",-0.026697782617565,-0.0209710549928978,0.00572672762466721,0.973655452666535,0.979247308479549,0.90805059398875,0.864731240964312,FALSE,FALSE,"completed","completed"
"s2_detectability_vs_s1_start_anchor","atx_v2_000006","Black-bellied Plover","conditional_positive_numeric_count",-0.0304707343727337,-0.0402332364119621,-0.00976250203922839,0.969988818983057,0.960565374201953,0.681689064882933,0.593974590563245,FALSE,FALSE,"completed","completed"
"s2_detectability_vs_s1_start_anchor","atx_v2_000007","Common Raven","checklist_reporting",-0.0687182107527538,-0.0735565829944052,-0.00483837224165136,0.933589718559783,0.92908357397353,0.0185543093992096,0.0129001171547601,FALSE,FALSE,"completed","completed"
"s2_detectability_vs_s1_start_anchor","atx_v2_000007","Common Raven","conditional_positive_numeric_count",-8.20330701242327e-05,-0.000939930128188753,-0.00085789705806452,0.999917970294496,0.999060511467767,0.992877596717624,0.938326535414707,FALSE,FALSE,"completed","completed"
"s2_detectability_vs_s1_start_anchor","atx_v2_000011","Glaucous Gull","checklist_reporting",,0.37803925732187,,,1.45942023468112,,0.120706386489252,,,"failed_numerical_fit_no_fallback","completed"
"s2_detectability_vs_s1_start_anchor","atx_v2_000011","Glaucous Gull","conditional_positive_numeric_count",,,,,,,,,,"failed_insufficient_support","failed_insufficient_support"
